{"type": "FeatureCollection", "features": [{"type": "Feature", "properties": {"nome": "Camaqu\u00e3 / tribut\u00e1rios norte", "hybas_id": 6060015570, "area_km2": 24362.0, "pfaf": 641300, "cor": "#FF9DA7"}, "geometry": {"type": "MultiPolygon", "coordinates": [[[[-51.15138888888887, -30.499999999999968], [-51.15895097520614, -30.499054124620194], [-51.15771569146048, -30.489506530761687], [-51.15478413899737, -30.48549346923825], [-51.153549194335916, -30.481173197428355], [-51.15061747233071, -30.477160135904917], [-51.149000379774286, -30.466049024793804], [-51.14104919433591, -30.46789279513886], [-51.142284138997375, -30.481326802571584], [-51.14521586100258, -30.48533986409502], [-51.14645080566404, -30.493826802571583], [-51.15138888888887, -30.499999999999968]]], [[[-51.95972222222219, -31.716666666666647], [-51.963117472330694, -31.713947550455707], [-51.96098395453556, -31.707715861002583], [-51.95399746365014, -31.70950961642793], [-51.95972222222219, -31.716666666666647]]], [[[-52.633333333333304, -31.354166666666643], [-52.65659111870657, -31.35451999240449], [-52.66007554796004, -31.35798000759546], [-52.66666666666664, -31.35833333333331], [-52.66701999240449, -31.360757785373238], [-52.67464667426213, -31.36840888129338], [-52.674999999999976, -31.374999999999975], [-52.678505452473935, -31.37589959038626], [-52.67916666666664, -31.38333333333331], [-52.68749999999997, -31.38333333333331], [-52.689924452039904, -31.383686659071156], [-52.69374999999997, -31.387485419379317], [-52.69757554796004, -31.383686659071156], [-52.71075778537324, -31.382980007595464], [-52.720475599500844, -31.373288302951366], [-52.72118665907116, -31.36840888129338], [-52.727067396375844, -31.36249864366317], [-52.73090888129338, -31.366313340928794], [-52.73921305338539, -31.36701999240449], [-52.74340888129338, -31.362853325737824], [-52.752424452039904, -31.362146674262128], [-52.75590888129338, -31.358686659071157], [-52.77325778537324, -31.35798000759546], [-52.78090888129338, -31.350353325737824], [-52.78333333333331, -31.349999999999977], [-52.78971048990883, -31.3505672878689], [-52.79486558702254, -31.354562717013863], [-52.79668409559459, -31.361649237738693], [-52.799999999999976, -31.362499999999976], [-52.804166666666646, -31.362499999999976], [-52.80833333333331, -31.362499999999976], [-52.809470621744765, -31.358068847656227], [-52.81459214952255, -31.362038167317685], [-52.82408040364581, -31.353583780924456], [-52.8255672878689, -31.347789510091122], [-52.83008626302081, -31.342370944552925], [-52.83971048990883, -31.34109937879772], [-52.843622843424455, -31.3380672878689], [-52.85327928331161, -31.336791653103276], [-52.85505405002168, -31.329875013563345], [-52.86471048990883, -31.32859937879772], [-52.868622843424454, -31.3255672878689], [-52.87499999999998, -31.324999999999974], [-52.87596774631074, -31.32877061631942], [-52.88112284342446, -31.332766045464385], [-52.89804382324216, -31.333900621202233], [-52.903420003255185, -31.3380672878689], [-52.906377156575495, -31.336932712131052], [-52.910289510091125, -31.333900621202233], [-52.9188771565755, -31.332766045464385], [-52.92425333658852, -31.32859937879772], [-52.9313771565755, -31.329733954535566], [-52.93675333658852, -31.333900621202233], [-52.943877156575496, -31.332766045464385], [-52.94778951009112, -31.329733954535566], [-52.95221048990883, -31.32859937879772], [-52.96156277126734, -31.320266045464386], [-52.96471048990883, -31.321400621202233], [-52.968622843424455, -31.324432712131053], [-52.97414923773869, -31.32585076226126], [-52.975967746310744, -31.332937282986087], [-52.98112284342446, -31.336932712131052], [-52.98333333333331, -31.337499999999977], [-52.98410474989147, -31.34506191677515], [-52.997968207465256, -31.346476236979143], [-53.0020317925347, -31.349357096354144], [-53.00416666666664, -31.349999999999977], [-53.00451999240449, -31.347575547960044], [-53.01838107638886, -31.333689032660565], [-53.02671305338539, -31.332980007595463], [-53.03090888129338, -31.33714667426213], [-53.04166666666664, -31.337499999999977], [-53.042443169487825, -31.34511345757376], [-53.064634874131926, -31.346476236979143], [-53.072865125868034, -31.35352376302081], [-53.08130154079859, -31.354809570312476], [-53.09369845920136, -31.36602376302081], [-53.09796820746526, -31.367309570312475], [-53.1020317925347, -31.370190429687476], [-53.10630154079859, -31.37147623697914], [-53.110365125868036, -31.374357096354142], [-53.112499999999976, -31.374999999999975], [-53.11335076226126, -31.371684095594595], [-53.116666666666646, -31.37083333333331], [-53.11909111870658, -31.37048000759546], [-53.12257554796005, -31.36701999240449], [-53.12742445203991, -31.366313340928794], [-53.13507554796005, -31.358686659071157], [-53.13992445203991, -31.35798000759546], [-53.147575547960045, -31.350353325737824], [-53.14999999999998, -31.349999999999977], [-53.152160305447026, -31.350617472330704], [-53.15617302788626, -31.353549194335912], [-53.164660135904924, -31.35478413899737], [-53.16997188991968, -31.358664279513864], [-53.171635945638, -31.3700981987847], [-53.18549346923826, -31.37145080566404], [-53.1895065307617, -31.374382527669248], [-53.208333333333314, -31.374999999999975], [-53.21666666666665, -31.374999999999975], [-53.21666666666665, -31.37083333333331], [-53.22083333333331, -31.37083333333331], [-53.22083333333331, -31.374999999999975], [-53.22526465521916, -31.376137288411435], [-53.221400621202235, -31.381122843424457], [-53.22026604546439, -31.384183417426193], [-53.22595977783201, -31.391010877821156], [-53.23333333333331, -31.391666666666644], [-53.23368665907116, -31.389242214626712], [-53.23921186659069, -31.38368937174477], [-53.24754621717663, -31.382980007595464], [-53.25174221462672, -31.38714667426213], [-53.256591118706574, -31.387853325737822], [-53.26041666666664, -31.391652086045983], [-53.26424221462671, -31.387853325737822], [-53.26837955050996, -31.38714667426213], [-53.272575547960045, -31.391313340928797], [-53.27916666666665, -31.391666666666644], [-53.27916666666665, -31.39583333333331], [-53.27859937879772, -31.4063771565755], [-53.27443271213106, -31.411753336588518], [-53.27564442952472, -31.42826266818574], [-53.27916666666665, -31.429166666666642], [-53.285543823242165, -31.42859937879772], [-53.28958333333331, -31.425468614366295], [-53.29486558702255, -31.429562717013866], [-53.29640062120224, -31.435543823242163], [-53.29943271213106, -31.43945617675779], [-53.300911627875415, -31.445219251844595], [-53.32825503879121, -31.446447414822025], [-53.32973395453557, -31.45221048990883], [-53.33372921413844, -31.457365587022547], [-53.340659925672725, -31.459144422743034], [-53.34223395453557, -31.463246663411436], [-53.33795895046656, -31.46876254611543], [-53.353599378797725, -31.48528951009112], [-53.35487518310545, -31.494945949978277], [-53.36164906819659, -31.496684095594595], [-53.3630672878689, -31.502210489908833], [-53.37026604546439, -31.510289510091123], [-53.371400621202234, -31.5188771565755], [-53.3753958808051, -31.524032253689214], [-53.3813771565755, -31.525567287868903], [-53.39074690077038, -31.533916219075497], [-53.392517598470036, -31.54081590440536], [-53.39804382324217, -31.54223395453557], [-53.40612284342446, -31.549432712131054], [-53.40833333333332, -31.549999999999976], [-53.41492445203991, -31.54964667426213], [-53.420475260416644, -31.544123670789908], [-53.42083333333331, -31.541666666666643], [-53.42173021104599, -31.53817206488713], [-53.434270562065954, -31.536932712131055], [-53.44362284342446, -31.545266045464388], [-53.46666666666665, -31.54583333333331], [-53.467024739583316, -31.548290337456574], [-53.47257554796005, -31.553813340928798], [-53.47499999999998, -31.554166666666646], [-53.47742445203991, -31.553813340928798], [-53.48507554796005, -31.546186659071157], [-53.48749999999998, -31.54583333333331], [-53.489924452039915, -31.545480007595465], [-53.49964565700953, -31.535784912109353], [-53.50035332573783, -31.51840888129338], [-53.5038133409288, -31.514924452039907], [-53.5045199924045, -31.497575547960047], [-53.507980007595464, -31.494091118706574], [-53.50868665907116, -31.47328694661456], [-53.504181247287306, -31.46874999999998], [-53.507980007595464, -31.46492445203991], [-53.50868665907116, -31.44828694661456], [-53.5045199924045, -31.444091118706574], [-53.50416666666665, -31.44166666666664], [-53.50748240152993, -31.44081590440536], [-53.50833333333331, -31.437499999999975], [-53.51049346923826, -31.436882527669248], [-53.515980360243034, -31.43249409993487], [-53.51735466851127, -31.409142727322024], [-53.52716013590493, -31.40771586100258], [-53.531173197428366, -31.40478413899737], [-53.536849466959616, -31.403161282009524], [-53.53749999999998, -31.38333333333331], [-53.544091118706575, -31.382980007595464], [-53.55174221462672, -31.375353325737823], [-53.558333333333316, -31.374999999999975], [-53.56190151638453, -31.375915527343725], [-53.56249999999998, -31.39583333333331], [-53.56471048990883, -31.395266045464385], [-53.568622843424464, -31.392233954535566], [-53.573043823242166, -31.39109937879772], [-53.57708333333331, -31.387968614366297], [-53.582196214463956, -31.391931152343727], [-53.58421308729382, -31.384072197808138], [-53.59241333007811, -31.382766045464386], [-53.59791666666665, -31.387031385633655], [-53.601956176757795, -31.383900621202233], [-53.620833333333316, -31.38333333333331], [-53.62140062120224, -31.381122843424457], [-53.62859937879772, -31.373043823242163], [-53.629733954535574, -31.37008666992185], [-53.62546183268228, -31.364574517144074], [-53.63276604546439, -31.356377156575498], [-53.63390062120224, -31.35195617675779], [-53.636932712131056, -31.348043823242165], [-53.63806728786891, -31.343622843424455], [-53.64258609347871, -31.33820427788626], [-53.65221048990884, -31.336932712131052], [-53.65612284342446, -31.333900621202233], [-53.664710489908835, -31.332766045464385], [-53.66862284342446, -31.329733954535566], [-53.671579996744775, -31.32859937879772], [-53.6769561767578, -31.332766045464385], [-53.6813771565755, -31.333900621202233], [-53.68541666666665, -31.337031385633658], [-53.689456176757794, -31.333900621202233], [-53.699112616644946, -31.332624986436606], [-53.70091807047524, -31.32558898925779], [-53.72916666666665, -31.324999999999974], [-53.73554382324217, -31.324432712131053], [-53.7394561767578, -31.321400621202233], [-53.74387715657551, -31.320266045464386], [-53.74778951009113, -31.317233954535567], [-53.75221048990884, -31.31609937879772], [-53.756122843424464, -31.3130672878689], [-53.7616490681966, -31.311649237738692], [-53.76249999999998, -31.30833333333331], [-53.764924452039914, -31.308686659071157], [-53.77257554796005, -31.316313340928794], [-53.774999999999984, -31.31666666666664], [-53.77831573486326, -31.31581590440536], [-53.77916666666665, -31.312499999999975], [-53.7866004096137, -31.311838785807268], [-53.78835093180337, -31.305017428927925], [-53.793877156575505, -31.30359937879772], [-53.79778951009113, -31.300567287868898], [-53.80221048990884, -31.29943271213105], [-53.80612284342446, -31.29640062120223], [-53.808333333333316, -31.29583333333331], [-53.81054382324217, -31.29640062120223], [-53.814456176757794, -31.29943271213105], [-53.82304382324217, -31.300567287868898], [-53.82708333333332, -31.303698052300323], [-53.83124999999998, -31.300468614366295], [-53.83541666666665, -31.303698052300323], [-53.83945617675779, -31.300567287868898], [-53.8438771565755, -31.29943271213105], [-53.84778951009113, -31.29640062120223], [-53.85221048990884, -31.295266045464384], [-53.86028951009113, -31.2880672878689], [-53.86471048990884, -31.28693271213105], [-53.86862284342446, -31.283900621202232], [-53.874338785807275, -31.282433742947024], [-53.875567287868904, -31.268622843424453], [-53.88276604546439, -31.260543823242163], [-53.883900621202244, -31.256122843424453], [-53.88850691053601, -31.25059950086803], [-53.923043823242175, -31.249432712131053], [-53.9269561767578, -31.246400621202234], [-53.93824666341144, -31.245266045464383], [-53.943622843424464, -31.249432712131053], [-53.946579996744774, -31.250567287868897], [-53.95208333333332, -31.246301947699628], [-53.95612284342447, -31.249432712131053], [-53.96054382324217, -31.250567287868897], [-53.9644561767578, -31.25359937879772], [-53.97083333333332, -31.25416666666664], [-53.974999999999966, -31.25416666666664], [-53.978315734863266, -31.25331590440536], [-53.97916666666665, -31.249999999999975], [-53.98159111870658, -31.250353325737823], [-53.98507554796005, -31.253813340928794], [-53.997546217176634, -31.25451999240449], [-54.001742214626724, -31.250353325737823], [-54.02325778537325, -31.249646674262127], [-54.02674221462672, -31.246186659071157], [-54.03159111870658, -31.24548000759546], [-54.035075547960055, -31.24201999240449], [-54.052424452039915, -31.241313340928794], [-54.060075547960054, -31.233686659071154], [-54.062499999999986, -31.23333333333331], [-54.06492445203992, -31.23298000759546], [-54.07464514838323, -31.223285590277754], [-54.07499999999997, -31.21666666666664], [-54.07499999999999, -31.212499999999974], [-54.0774244520399, -31.21214667426213], [-54.080908881293375, -31.208686659071155], [-54.08575778537323, -31.20798000759546], [-54.08924221462671, -31.20451999240449], [-54.098257785373235, -31.203813340928793], [-54.105908881293374, -31.196186659071156], [-54.11075778537323, -31.19548000759546], [-54.11424221462671, -31.19201999240449], [-54.11666666666664, -31.19166666666664], [-54.11758660210501, -31.195251125759523], [-54.1583333333333, -31.195833333333308], [-54.16189236111108, -31.194919840494766], [-54.16249999999997, -31.179166666666642], [-54.16306728786889, -31.176956176757788], [-54.16609937879771, -31.17304382324216], [-54.16728074815535, -31.146745130750844], [-54.170833333333306, -31.145833333333307], [-54.171186659071154, -31.122575547960043], [-54.17464667426212, -31.11909111870657], [-54.17499999999997, -31.112499999999976], [-54.185757785373234, -31.112146674262128], [-54.19130859374997, -31.106623670789904], [-54.19201999240448, -31.10174221462671], [-54.199986097547715, -31.093750678168377], [-54.19618665907115, -31.089924452039906], [-54.19548000759546, -31.085075547960045], [-54.19201999240448, -31.08159111870657], [-54.19131334092879, -31.060075547960043], [-54.18785332573782, -31.05659111870657], [-54.18749999999997, -31.024999999999974], [-54.1833333333333, -31.024999999999974], [-54.18297526041664, -31.02254299587671], [-54.1774244520399, -31.01701999240449], [-54.168408881293374, -31.016313340928793], [-54.1649244520399, -31.012853325737822], [-54.16007554796004, -31.012146674262127], [-54.14825778537323, -31.00035332573782], [-54.1458333333333, -30.99999999999997], [-54.14547526041665, -30.99754299587671], [-54.139924452039914, -30.992019992404487], [-54.13507554796006, -30.99131334092879], [-54.12742445203992, -30.983686659071154], [-54.124999999999986, -30.983333333333306], [-54.124999999999986, -30.96666666666664], [-54.12464667426214, -30.96007554796004], [-54.121186659071164, -30.95659111870657], [-54.12083333333332, -30.949999999999974], [-54.109142896864135, -30.949311998155355], [-54.10771569146049, -30.939506361219593], [-54.096450975206146, -30.92716030544702], [-54.09521569146049, -30.91203070746525], [-54.09938235812716, -30.90632697211369], [-54.100617641872816, -30.895364040798583], [-54.09639485677082, -30.889583333333306], [-54.09938235812716, -30.885493638780353], [-54.09999999999999, -30.870833333333305], [-54.103315734863266, -30.869982571072022], [-54.104166666666636, -30.86666666666664], [-54.10478430853948, -30.86450636121959], [-54.12438235812716, -30.84382697211369], [-54.125617641872815, -30.831173197428356], [-54.12854902479382, -30.82716013590492], [-54.129784308539485, -30.822839864095023], [-54.13271569146049, -30.818826802571586], [-54.13406846788193, -30.804969278971328], [-54.1438268025716, -30.80354902479381], [-54.1520065307617, -30.796450975206135], [-54.1583333333333, -30.795833333333306], [-54.15833333333332, -30.779166666666637], [-54.1577660454644, -30.776956176757785], [-54.1494171142578, -30.767586432562904], [-54.14232788085936, -30.765767076280355], [-54.14166666666665, -30.758333333333304], [-54.13749999999997, -30.758333333333304], [-54.13399454752603, -30.75743374294702], [-54.13333333333332, -30.74999999999997], [-54.1341842651367, -30.74668426513669], [-54.14081573486327, -30.744982401529917], [-54.14166666666665, -30.74166666666664], [-54.14640062120225, -30.74045172797306], [-54.145266045464396, -30.73112284342445], [-54.14223395453558, -30.727210489908824], [-54.141099378797726, -30.72278951009112], [-54.13806728786891, -30.71887715657549], [-54.136649068196604, -30.713350931803355], [-54.131122843424464, -30.71193271213105], [-54.12292548285589, -30.704628499348928], [-54.11741333007811, -30.70890062120223], [-54.1144561767578, -30.707766045464382], [-54.110543823242175, -30.704733954535563], [-54.106122843424465, -30.703599378797712], [-54.10221048990884, -30.700567287868893], [-54.09166666666664, -30.69999999999997], [-54.08507554796005, -30.699646674262123], [-54.081591118706584, -30.696186659071152], [-54.07674221462672, -30.695480007595457], [-54.07254621717664, -30.69131334092879], [-54.05174221462672, -30.692019992404486], [-54.04825778537325, -30.695480007595457], [-54.04340888129339, -30.696186659071152], [-54.0392128838433, -30.70035332573782], [-54.035075547960055, -30.699646674262123], [-54.03159111870658, -30.696186659071152], [-54.02674221462672, -30.695480007595457], [-54.02325778537325, -30.692019992404486], [-54.01666666666665, -30.691666666666638], [-54.01604902479382, -30.68950653076169], [-54.01311764187282, -30.685493469238253], [-54.01188235812715, -30.677006530761687], [-54.00895097520615, -30.67299346923825], [-54.00771569146049, -30.664506530761688], [-54.000617641872815, -30.656326802571584], [-53.99920586480033, -30.646627468532955], [-53.9895065307617, -30.645215691460475], [-53.985493469238264, -30.642284308539466], [-53.98117319742837, -30.64104902479381], [-53.9766886393229, -30.637773132324188], [-53.97438235812716, -30.63286421034068], [-53.97854902479382, -30.62716013590492], [-53.97978430853948, -30.62283986409502], [-53.98271569146049, -30.618826802571583], [-53.983333333333306, -30.61249999999997], [-53.975839233398425, -30.61178470187714], [-53.971438429090696, -30.606339348687037], [-53.97022823757594, -30.60199398464624], [-53.96727176242403, -30.598006015353704], [-53.966061570909275, -30.593660651312902], [-53.95893842909069, -30.5855060153537], [-53.95772823757594, -30.581160651312903], [-53.95470547146266, -30.577083333333302], [-53.95893842909069, -30.571374003092416], [-53.957271152072465, -30.561894904242592], [-53.94366065131292, -30.563105095757347], [-53.9380406697591, -30.567271762424014], [-53.92950846354165, -30.565770975748666], [-53.92560509575736, -30.560506015353702], [-53.924284701877156, -30.54667256673174], [-53.91883934868705, -30.542271762424015], [-53.912933180067256, -30.540627034505178], [-53.90060509575736, -30.527172682020367], [-53.89889085557724, -30.521016777886253], [-53.89383934868705, -30.517271762424016], [-53.88949398464625, -30.516061570909258], [-53.88550601535372, -30.513105095757346], [-53.88333333333332, -30.512499999999967], [-53.87916666666665, -30.512499999999967], [-53.8795199924045, -30.505908881293372], [-53.887146674262134, -30.498257785373234], [-53.88749999999998, -30.4958333333333], [-53.88507554796006, -30.495480007595454], [-53.88159111870658, -30.492019992404483], [-53.87916666666665, -30.491666666666635], [-53.8788133409288, -30.489242214626707], [-53.875353325737834, -30.485757785373234], [-53.87464192708332, -30.48087649875214], [-53.86909111870658, -30.475353325737817], [-53.85416666666665, -30.47499999999997], [-53.85085093180337, -30.475850931803354], [-53.84909074571396, -30.482709757486948], [-53.837499999999984, -30.483333333333302], [-53.83306867811413, -30.48447045220266], [-53.83693271213106, -30.48945617675778], [-53.837499999999984, -30.491666666666635], [-53.84223395453557, -30.49288160536021], [-53.83971048990884, -30.49526604546438], [-53.833916219075505, -30.49675309922957], [-53.82556728786891, -30.50612284342445], [-53.82443271213106, -30.510543823242156], [-53.821400621202244, -30.514456176757783], [-53.819865587022555, -30.52043745252818], [-53.81324666341144, -30.525567287868892], [-53.81028951009113, -30.524432712131045], [-53.80637715657551, -30.521400621202226], [-53.80416666666665, -30.520833333333304], [-53.79999999999998, -30.520833333333304], [-53.798785061306404, -30.516099378797712], [-53.76862284342446, -30.51723395453556], [-53.76458333333332, -30.520364549424883], [-53.76054382324217, -30.51723395453556], [-53.756122843424464, -30.516099378797712], [-53.747925482855884, -30.508795166015595], [-53.74387715657551, -30.511932712131046], [-53.7394561767578, -30.513067287868893], [-53.731377156575505, -30.52026604546438], [-53.72558288574217, -30.52175309922957], [-53.71723395453557, -30.53112284342445], [-53.71666666666665, -30.541666666666636], [-53.7163133409288, -30.548257785373234], [-53.70868665907116, -30.555908881293373], [-53.70798000759547, -30.560757785373234], [-53.70035332573783, -30.568408881293372], [-53.69999999999998, -30.570833333333304], [-53.702424452039914, -30.571186659071152], [-53.70590888129338, -30.574646674262123], [-53.71075778537325, -30.575353325737815], [-53.71666802300346, -30.581234063042505], [-53.71251390245224, -30.58541734483504], [-53.72048000759547, -30.59340888129337], [-53.721186659071165, -30.598257785373235], [-53.72464667426213, -30.601742214626707], [-53.72535332573783, -30.606591118706568], [-53.7288133409288, -30.61007554796004], [-53.72916666666665, -30.629166666666638], [-53.72916666666665, -30.641666666666637], [-53.726956176757795, -30.64223395453556], [-53.72304382324217, -30.645266045464382], [-53.69778951009113, -30.646400621202226], [-53.689592149522554, -30.653704833984346], [-53.68407999674477, -30.649432712131045], [-53.67278951009113, -30.650567287868896], [-53.667413330078105, -30.654733954535562], [-53.660289510091125, -30.653599378797715], [-53.6563771565755, -30.650567287868896], [-53.64778951009113, -30.649432712131045], [-53.643877156575506, -30.646400621202226], [-53.63528951009113, -30.645266045464382], [-53.6313771565755, -30.64223395453556], [-53.62176649305554, -30.64096425374346], [-53.60890062120224, -30.627210489908826], [-53.607196214463954, -30.620568678114118], [-53.602210489908835, -30.624432712131046], [-53.59166666666665, -30.62499999999997], [-53.592019992404495, -30.6274244520399], [-53.59548000759547, -30.630908881293372], [-53.596186659071165, -30.6399244520399], [-53.60000135633679, -30.643765936957436], [-53.59338107638887, -30.650353325737818], [-53.58507554796005, -30.649646674262122], [-53.58124999999998, -30.645847913953965], [-53.577424452039914, -30.649646674262122], [-53.57499999999998, -30.64999999999997], [-53.57257554796005, -30.650353325737818], [-53.56492445203991, -30.657980007595455], [-53.56249999999998, -30.658333333333303], [-53.56249999999998, -30.66249999999997], [-53.558333333333316, -30.66249999999997], [-53.554749552408836, -30.663419765896236], [-53.545467461480015, -30.673836771647107], [-53.54999999999998, -30.67499999999997], [-53.54999999999998, -30.67916666666664], [-53.55056728786891, -30.685543823242156], [-53.55359937879773, -30.689456176757783], [-53.55473395453557, -30.69804382324216], [-53.55776604546439, -30.701956176757783], [-53.55890062120224, -30.706377156575492], [-53.563067287868904, -30.71175333658851], [-53.56193271213106, -30.73137715657549], [-53.55890062120224, -30.735289510091118], [-53.55776604546439, -30.739710489908823], [-53.55056728786891, -30.747789510091117], [-53.5491004096137, -30.75350545247393], [-53.54166666666665, -30.754166666666638], [-53.53088175455727, -30.75452084011499], [-53.52048000759547, -30.76495073106551], [-53.52118665907116, -30.773257785373236], [-53.525353325737825, -30.777453782823322], [-53.524644978841124, -30.78995378282332], [-53.51909111870658, -30.795480007595458], [-53.51249999999998, -30.795833333333306], [-53.51249999999998, -30.799999999999972], [-53.51033986409503, -30.79938235812714], [-53.505028110080275, -30.795502217610647], [-53.50354902479382, -30.78533986409502], [-53.49988606770832, -30.780325486924884], [-53.493673197428365, -30.778549024793808], [-53.48966013590493, -30.775617641872802], [-53.48533986409503, -30.77438235812714], [-53.47716013590493, -30.767284308539466], [-53.472839864095036, -30.76604902479381], [-53.4688268025716, -30.7631176418728], [-53.42283986409503, -30.761882358127142], [-53.41782548692489, -30.75821940104164], [-53.41569502088757, -30.750768195258217], [-53.40490180121526, -30.749197387695283], [-53.40416666666665, -30.74166666666664], [-53.39362284342446, -30.74223395453556], [-53.389710489908836, -30.74526604546438], [-53.374253336588524, -30.746400621202227], [-53.3688771565755, -30.74223395453556], [-53.36335093180337, -30.740815734863254], [-53.36249999999998, -30.737499999999972], [-53.346746656629755, -30.738107469346758], [-53.344982401529926, -30.744982401529917], [-53.33835093180336, -30.74668426513669], [-53.336600409613695, -30.75350545247393], [-53.32278951009113, -30.75473395453556], [-53.3188771565755, -30.75776604546438], [-53.310289510091124, -30.75890062120223], [-53.3063771565755, -30.76193271213105], [-53.29362284342446, -30.763067287868896], [-53.285543823242165, -30.770266045464382], [-53.28333333333331, -30.770833333333304], [-53.28399454752602, -30.778267076280354], [-53.28749999999998, -30.779166666666637], [-53.28749999999998, -30.787499999999973], [-53.28749999999998, -30.79166666666664], [-53.275909254286006, -30.79229024251299], [-53.27499999999998, -30.795833333333306], [-53.272575547960045, -30.796186659071154], [-53.26492445203991, -30.80381334092879], [-53.24757554796005, -30.804519992404487], [-53.24409111870658, -30.807980007595457], [-53.237499999999976, -30.808333333333305], [-53.23528951009112, -30.80776604546438], [-53.23013441297741, -30.803770785861516], [-53.22825503879121, -30.79644758436412], [-53.20195617675779, -30.79526604546438], [-53.188202412923154, -30.782400173611084], [-53.18693271213105, -30.772789510091116], [-53.18238406711152, -30.767335171169677], [-53.17008666992185, -30.766099378797716], [-53.163467746310744, -30.771229214138426], [-53.16159176296656, -30.778539191351967], [-53.14081658257376, -30.779733954535562], [-53.1340376112196, -30.774080573187906], [-53.132766045464386, -30.764456176757783], [-53.12877061631942, -30.759301079644068], [-53.122789510091124, -30.75776604546438], [-53.1188771565755, -30.75473395453556], [-53.115920003255184, -30.753599378797716], [-53.11054382324217, -30.75776604546438], [-53.10331658257376, -30.75890062120223], [-53.096437242295984, -30.75316365559893], [-53.09522569444442, -30.721746656629744], [-53.08945617675779, -30.72026604546438], [-53.0839891221788, -30.715706888834607], [-53.083333333333314, -30.708333333333304], [-53.084184095594594, -30.70501759847002], [-53.091931152343726, -30.70302954779728], [-53.0880672878689, -30.69804382324216], [-53.08749999999998, -30.691666666666638], [-53.08112284342446, -30.691099378797713], [-53.06757032606335, -30.67852088080509], [-53.06581590440536, -30.67168426513669], [-53.060289510091124, -30.67026604546438], [-53.0563771565755, -30.66723395453556], [-53.04778951009112, -30.666099378797714], [-53.0438771565755, -30.663067287868895], [-53.03835076226126, -30.661649068196585], [-53.03749999999998, -30.658333333333303], [-53.03525187174477, -30.657803853352835], [-53.03141479492185, -30.654696146647105], [-53.018585205078104, -30.65363718668617], [-53.010426161024284, -30.646221584743895], [-53.00516594780814, -30.650482008192245], [-53.00077243381074, -30.64911363389754], [-52.99999999999998, -30.645833333333304], [-52.996229383680536, -30.64486558702254], [-52.992233954535564, -30.639710489908826], [-52.99109937879772, -30.635289510091116], [-52.9880672878689, -30.63137715657549], [-52.98693271213105, -30.626956176757783], [-52.98390062120223, -30.623043823242156], [-52.98276604546439, -30.61862284342445], [-52.97973395453557, -30.614710489908823], [-52.97859937879772, -30.610289510091114], [-52.9755672878689, -30.60637715657549], [-52.97410040961369, -30.600661214192677], [-52.96666666666664, -30.59999999999997], [-52.96581590440536, -30.60331573486325], [-52.96249999999998, -30.604166666666636], [-52.95833333333331, -30.604166666666636], [-52.95797865125866, -30.610784573025143], [-52.939924452039904, -30.62881334092879], [-52.93333333333331, -30.629166666666638], [-52.93090888129338, -30.62881334092879], [-52.92742445203991, -30.625353325737816], [-52.91840888129338, -30.624646674262124], [-52.914924452039905, -30.62118665907115], [-52.89999999999998, -30.6208333333333], [-52.89935675726994, -30.64086201985674], [-52.8906311035156, -30.642151557074623], [-52.86341010199651, -30.61606157090926], [-52.851993815104144, -30.617271762424014], [-52.84800618489581, -30.620228237575926], [-52.84366048177081, -30.62143842909068], [-52.839672851562476, -30.624394904242592], [-52.83532714843748, -30.625605095757347], [-52.831249999999976, -30.62862786187063], [-52.82717285156247, -30.625605095757347], [-52.81249999999998, -30.62499999999997], [-52.808978949652754, -30.62409651014537], [-52.79640062120223, -30.610543823242157], [-52.795124986436605, -30.600887383355005], [-52.787235514322894, -30.598862881130614], [-52.79120686848956, -30.593738640679224], [-52.779733954535565, -30.581377156575492], [-52.77831590440536, -30.575850931803355], [-52.77278951009112, -30.574432712131046], [-52.76471048990883, -30.56723395453556], [-52.762499999999974, -30.566666666666634], [-52.762499999999974, -30.570833333333304], [-52.76007554796004, -30.571186659071152], [-52.756591118706574, -30.574646674262123], [-52.74999999999997, -30.57499999999997], [-52.74340888129338, -30.574646674262123], [-52.73992445203991, -30.571186659071152], [-52.72916666666664, -30.570833333333304], [-52.72674221462671, -30.571186659071152], [-52.723257785373235, -30.574646674262123], [-52.710075547960045, -30.575353325737815], [-52.70624932183157, -30.579152764214378], [-52.69754909939233, -30.570480007595457], [-52.69340888129338, -30.571186659071152], [-52.689213053385394, -30.575353325737815], [-52.68090888129338, -30.574646674262123], [-52.672549099392334, -30.56631334092879], [-52.668408881293374, -30.567019992404482], [-52.664924452039905, -30.570480007595457], [-52.64166666666664, -30.570833333333304], [-52.64166666666664, -30.566666666666634], [-52.631198459201364, -30.566023932562903], [-52.62713487413192, -30.563142734103703], [-52.61869845920136, -30.561857265896236], [-52.614634874131916, -30.558976067437037], [-52.61036512586803, -30.55769059922957], [-52.60448845757376, -30.553523932562904], [-52.602031792534696, -30.55480940077037], [-52.59796820746525, -30.55769059922957], [-52.59369845920136, -30.558976067437037], [-52.58782179090709, -30.563142734103703], [-52.5827948676215, -30.56051245795353], [-52.57980957031248, -30.55630171034068], [-52.57834031846785, -30.54665985107419], [-52.568698459201364, -30.54519059922957], [-52.562821790907094, -30.541023932562904], [-52.55619845920136, -30.542309400770367], [-52.5464670817057, -30.550642734103704], [-52.53119845920136, -30.549357265896237], [-52.52532179090709, -30.54519059922957], [-52.52154744466143, -30.54716559516056], [-52.52006191677515, -30.56172858344181], [-52.50519680447046, -30.56324496799042], [-52.50352376302081, -30.568801710340683], [-52.500642903645804, -30.572864956325926], [-52.499151611328095, -30.582650078667506], [-52.47916666666664, -30.583333333333304], [-52.478813340928795, -30.576742214626705], [-52.47118665907115, -30.569091118706567], [-52.4708333333333, -30.566666666666634], [-52.46424221462671, -30.56631334092879], [-52.45659111870657, -30.55868665907115], [-52.45416666666664, -30.5583333333333], [-52.44778951009112, -30.558900621202227], [-52.443877156575496, -30.561932712131046], [-52.43258666992185, -30.563067287868893], [-52.42721048990882, -30.558900621202227], [-52.41445617675778, -30.55776604546438], [-52.402210489908825, -30.546400621202228], [-52.39704827202688, -30.54526604546438], [-52.395022243923584, -30.553159925672713], [-52.39092000325518, -30.55473395453556], [-52.385416666666636, -30.55046878390839], [-52.381377156575496, -30.553599378797713], [-52.36788160536022, -30.55473395453556], [-52.36609937879771, -30.547789510091114], [-52.36226772732202, -30.542845323350665], [-52.35734524197046, -30.541099378797714], [-52.343877156575495, -30.553599378797713], [-52.330381605360216, -30.55473395453556], [-52.32831590440535, -30.546684265136687], [-52.32278951009112, -30.54526604546438], [-52.318877156575496, -30.54223395453556], [-52.31445617675779, -30.541099378797714], [-52.30637715657549, -30.53390062120223], [-52.300850762261256, -30.53248240152992], [-52.29943271213105, -30.526956176757782], [-52.29640062120223, -30.52304382324216], [-52.295833333333306, -30.520833333333304], [-52.28528951009112, -30.52026604546438], [-52.281377156575495, -30.51723395453556], [-52.27585076226126, -30.51581573486325], [-52.27499999999997, -30.512499999999967], [-52.2591122097439, -30.513197835286427], [-52.25754530164927, -30.528558688693547], [-52.23825073242185, -30.546476067437034], [-52.227031792534696, -30.54519059922957], [-52.221155124240425, -30.541023932562904], [-52.21869845920136, -30.542309400770367], [-52.21046820746525, -30.549357265896237], [-52.20619845920136, -30.550642734103704], [-52.202134874131914, -30.553523932562904], [-52.19679768880206, -30.555130852593287], [-52.195833333333304, -30.5583333333333], [-52.19340888129337, -30.55868665907115], [-52.185757785373234, -30.56631334092879], [-52.17916666666664, -30.566666666666634], [-52.17854919433591, -30.56450653076169], [-52.1756174723307, -30.560493469238253], [-52.17400037977428, -30.54938235812714], [-52.160339694552924, -30.550617641872797], [-52.15632697211369, -30.553549024793806], [-52.15416666666664, -30.554166666666635], [-52.15381334092879, -30.539242214626704], [-52.15035332573782, -30.535757785373235], [-52.14964667426212, -30.526742214626704], [-52.14618665907115, -30.523257785373232], [-52.1458333333333, -30.520833333333304], [-52.1451721191406, -30.513399590386253], [-52.14166666666664, -30.512499999999967], [-52.13507554796004, -30.512853325737815], [-52.13087972005205, -30.517019992404485], [-52.12674221462671, -30.51631334092879], [-52.123257785373234, -30.512853325737815], [-52.11666666666664, -30.512499999999967], [-52.11007554796004, -30.512853325737815], [-52.10659111870657, -30.51631334092879], [-52.09340888129337, -30.517019992404485], [-52.08159111870657, -30.52881334092879], [-52.037499999999966, -30.529166666666637], [-52.03418409559459, -30.528315734863252], [-52.0333333333333, -30.52499999999997], [-52.0333333333333, -30.520833333333304], [-52.02580261230466, -30.52009819878469], [-52.02423163519962, -30.509304979112382], [-52.01867302788625, -30.507715691460472], [-52.014660305447016, -30.504784308539467], [-52.006173027886256, -30.503549024793806], [-52.00216030544702, -30.5006176418728], [-51.99953070746525, -30.49938235812714], [-51.99374999999997, -30.503605143229137], [-51.98865865071612, -30.499886067708303], [-51.986573621961774, -30.49259304470483], [-51.98009304470483, -30.49074028862844], [-51.979166666666636, -30.48749999999997], [-51.976742214626704, -30.48714667426212], [-51.97119140624997, -30.4816235012478], [-51.9708333333333, -30.479166666666636], [-51.94778951009113, -30.47859937879771], [-51.9438771565755, -30.47556728786889], [-51.939456176757794, -30.474432712131044], [-51.93554382324217, -30.471400621202225], [-51.93001759847004, -30.46998240152992], [-51.92826707628036, -30.463161214192677], [-51.9208333333333, -30.46249999999997], [-51.914456176757795, -30.463067287868892], [-51.91054382324217, -30.46609937879771], [-51.90501759847004, -30.46751759847002], [-51.903246900770384, -30.474417114257783], [-51.893877156575506, -30.48276604546438], [-51.89166666666665, -30.483333333333302], [-51.891099378797726, -30.481122843424448], [-51.88806728786891, -30.477210489908824], [-51.88693271213106, -30.47425333658851], [-51.891099378797726, -30.46887715657549], [-51.89223395453558, -30.45954827202688], [-51.88528951009113, -30.45776604546438], [-51.88013441297741, -30.453770785861515], [-51.87916666666665, -30.449999999999967], [-51.872575547960054, -30.449646674262123], [-51.860757785373245, -30.437853325737816], [-51.85833333333332, -30.437499999999968], [-51.85608503553601, -30.438029479980436], [-51.84391496446396, -30.4494705200195], [-51.835251702202676, -30.45052947998044], [-51.830107455783406, -30.454696146647105], [-51.82691836886934, -30.453637186686166], [-51.82177412245007, -30.4494705200195], [-51.81353352864582, -30.45065697564016], [-51.80886281331379, -30.456085035535992], [-51.80780385335285, -30.460581631130612], [-51.80469614664712, -30.464418368869325], [-51.80339406331379, -30.46994696723087], [-51.799000718858494, -30.471315341525575], [-51.792607455783404, -30.46613718668617], [-51.78525170220267, -30.467196146647105], [-51.78141496446396, -30.470303853352835], [-51.774999999999984, -30.470833333333303], [-51.7741490681966, -30.46751759847002], [-51.770833333333314, -30.466666666666637], [-51.76028951009113, -30.46723395453556], [-51.75491333007811, -30.471400621202225], [-51.75017734103731, -30.469583638509082], [-51.74640062120224, -30.464710489908825], [-51.74493374294703, -30.45899454752601], [-51.73749999999998, -30.4583333333333], [-51.73507554796005, -30.457980007595456], [-51.73159111870658, -30.45451999240448], [-51.722575547960055, -30.45381334092879], [-51.718379550509965, -30.449646674262123], [-51.70590888129338, -30.450353325737815], [-51.702424452039914, -30.45381334092879], [-51.687499999999986, -30.454166666666637], [-51.68536495632594, -30.453523932562902], [-51.67713504367403, -30.446476067437036], [-51.670848592122375, -30.444583468966982], [-51.67564273410372, -30.437821790907087], [-51.67435726589625, -30.435364956325923], [-51.67147606743705, -30.43130171034068], [-51.67005869547524, -30.417405870225664], [-51.6520316229926, -30.4160239325629], [-51.64796837700736, -30.4131427341037], [-51.645833333333314, -30.41249999999997], [-51.645833333333314, -30.39999999999997], [-51.64517211914061, -30.39256625705292], [-51.6394561767578, -30.391099378797712], [-51.6188771565755, -30.371400621202227], [-51.612895880805105, -30.369865587022538], [-51.60890062120224, -30.364710489908823], [-51.60748240152993, -30.359184265136687], [-51.600708516438786, -30.357445949978267], [-51.599297587076805, -30.346766493055522], [-51.58554382324217, -30.333900621202226], [-51.57278951009113, -30.33276604546438], [-51.5688771565755, -30.32973395453556], [-51.56666666666665, -30.329166666666634], [-51.56728430853948, -30.32283986409502], [-51.57116444905597, -30.317528110080264], [-51.5826453314887, -30.31585710313582], [-51.583333333333314, -30.304166666666635], [-51.58298000759547, -30.301742214626703], [-51.5795199924045, -30.29825778537323], [-51.578813340928804, -30.29340888129337], [-51.57535332573783, -30.289924452039898], [-51.574646674262134, -30.28090888129337], [-51.57118665907116, -30.2774244520399], [-51.57083333333331, -30.2583333333333], [-51.57826707628036, -30.257672119140594], [-51.57916666666665, -30.254166666666634], [-51.57916666666665, -30.249999999999968], [-51.578813340928804, -30.24340888129337], [-51.57535332573783, -30.239924452039897], [-51.574646674262134, -30.227453782823318], [-51.578813340928804, -30.22325778537323], [-51.57916666666665, -30.212499999999967], [-51.57831573486326, -30.209184265136685], [-51.5716842651367, -30.207482401529916], [-51.56998240152993, -30.200850931803352], [-51.56666666666665, -30.199999999999967], [-51.56589779324, -30.20326436360674], [-51.56148257785372, -30.204696146647102], [-51.55492519802515, -30.19905378553599], [-51.55363718668618, -30.193585035535992], [-51.55052947998045, -30.189748297797276], [-51.54947052001951, -30.185251702202656], [-51.542196146647115, -30.177248297797277], [-51.54166666666665, -30.174999999999965], [-51.54166666666665, -30.1708333333333], [-51.542233954535575, -30.147789510091112], [-51.54526604546439, -30.14387715657549], [-51.54640062120224, -30.134548272026876], [-51.539456176757795, -30.132766045464376], [-51.53554382324217, -30.129733954535556], [-51.53001759847003, -30.128315734863246], [-51.52831573486326, -30.121684265136686], [-51.52278951009113, -30.120266045464376], [-51.513419765896245, -30.11191711425778], [-51.51249999999998, -30.1083333333333], [-51.50833333333331, -30.1083333333333], [-51.506122843424464, -30.107766045464377], [-51.49804382324217, -30.10056728786889], [-51.49362284342446, -30.09943271213104], [-51.48971048990884, -30.09640062120222], [-51.476956176757795, -30.095266045464374], [-51.473043823242165, -30.092233954535555], [-51.46862284342446, -30.091099378797708], [-51.46054382324217, -30.083900621202222], [-51.45612284342446, -30.082766045464375], [-51.448043823242166, -30.07556728786889], [-51.439456176757794, -30.074432712131042], [-51.4313771565755, -30.067233954535556], [-51.42175276014538, -30.06596238878035], [-51.41723395453557, -30.060543823242153], [-51.416099378797725, -30.056122843424443], [-51.413067287868905, -30.05221048990882], [-51.411932712131055, -30.043622843424444], [-51.408900621202235, -30.03971048990882], [-51.407482401529926, -30.034184265136684], [-51.40070851643878, -30.032445949978264], [-51.39929148356118, -30.021720716688332], [-51.39362284342446, -30.020266045464375], [-51.389710489908836, -30.017233954535556], [-51.38749999999998, -30.01666666666663], [-51.37257554796005, -30.017019992404478], [-51.36909111870658, -30.020480007595452], [-51.366666666666646, -30.0208333333333], [-51.36601121690536, -30.018711005316806], [-51.358988783094595, -30.01045566134979], [-51.35729760064017, -30.00497928195526], [-51.34787767198349, -30.00351121690535], [-51.34378899468314, -30.00065544976125], [-51.33954433865016, -29.999344550238682], [-51.335455661349805, -29.996488783094584], [-51.327044338650154, -29.995177883572012], [-51.32291276719833, -29.992292107476093], [-51.31458723280163, -29.999374559190503], [-51.30857916937932, -29.995177883572012], [-51.284071180555536, -29.996562533908385], [-51.28333333333331, -30.008333333333297], [-51.26840888129338, -30.008686659071145], [-51.260757785373244, -30.016313340928786], [-51.25416666666665, -30.01666666666663], [-51.2538133409288, -30.019091118706562], [-51.25035332573783, -30.022575547960034], [-51.24999999999998, -30.024999999999967], [-51.24938235812715, -30.027160135904914], [-51.24639485677081, -30.031249999999964], [-51.24938235812715, -30.035339864095018], [-51.25081685384112, -30.045195685492587], [-51.26999494764538, -30.063117641872797], [-51.275617641872806, -30.06080135769311], [-51.27388593885632, -30.054313151041633], [-51.268826802571596, -30.050617641872794], [-51.26188235812715, -30.048632134331562], [-51.26342756483288, -30.037217203776006], [-51.27036421034069, -30.04228430853946], [-51.279784308539476, -30.040572102864548], [-51.27854902479382, -30.031173197428352], [-51.270215691460486, -30.021569993760817], [-51.27229987250432, -30.016682434081996], [-51.281920539008226, -30.02503085666229], [-51.28688235812715, -30.01882680257158], [-51.28749999999998, -30.012499999999964], [-51.29074028862845, -30.01157362196177], [-51.292894490559874, -30.00403866238061], [-51.299308437771245, -30.009168328179218], [-51.30061764187281, -30.02990332709415], [-51.29228430853948, -30.039506530761685], [-51.291049024793814, -30.04382680257158], [-51.28806152343748, -30.047916666666634], [-51.291110059950064, -30.052089945475227], [-51.28395097520614, -30.060339864095017], [-51.28271569146048, -30.065707567003003], [-51.29483371310762, -30.067284308539463], [-51.29645097520614, -30.05617319742835], [-51.29863213433158, -30.053549024793803], [-51.30092637803818, -30.06157362196177], [-51.304166666666646, -30.062499999999964], [-51.30501759847003, -30.065815734863246], [-51.308333333333316, -30.06666666666663], [-51.30771569146048, -30.08132680257158], [-51.30354902479382, -30.087030877007344], [-51.304784308539475, -30.097993469238247], [-51.30771569146048, -30.102006530761685], [-51.308950975206145, -30.11882680257158], [-51.31311764187281, -30.124530877007345], [-51.31134406195744, -30.128305901421406], [-51.30354902479382, -30.130534532335034], [-51.304784308539475, -30.13549346923825], [-51.31604902479381, -30.14783986409502], [-51.31728430853948, -30.152160135904914], [-51.32145097520614, -30.157864210340676], [-51.32007971869572, -30.170033433702223], [-51.30930497911239, -30.171601528591545], [-51.30771569146048, -30.177160135904913], [-51.304723273383225, -30.181256612141894], [-51.31188235812715, -30.189506530761687], [-51.31311764187281, -30.19799346923825], [-51.31604902479381, -30.202006530761686], [-51.317383829752586, -30.215680440266894], [-51.32432301839191, -30.21766442192922], [-51.32499999999998, -30.229166666666632], [-51.32499999999998, -30.2333333333333], [-51.322877671983484, -30.232677883572016], [-51.316912502712654, -30.22851121690535], [-51.31338636610241, -30.230462985568543], [-51.31123148600258, -30.237441168891024], [-51.306288994683136, -30.233988783094585], [-51.302044338650155, -30.232677883572016], [-51.29607916937932, -30.22851121690535], [-51.29101121690536, -30.231316290961338], [-51.29232211642793, -30.235455661349793], [-51.295779927571594, -30.24040612114797], [-51.28962232801647, -30.245177883572016], [-51.270177883572025, -30.24670003255205], [-51.28121100531682, -30.257677883572015], [-51.2947809855143, -30.25909203423391], [-51.296488783094595, -30.26462232801646], [-51.300655449761265, -30.270587497287295], [-51.29934455023869, -30.272955661349794], [-51.296488783094595, -30.277044338650143], [-51.29583333333331, -30.279166666666633], [-51.29583333333331, -30.2833333333333], [-51.295165337456574, -30.29918755425344], [-51.28533986409503, -30.300617641872797], [-51.28132680257159, -30.303549024793803], [-51.25617319742837, -30.304784308539464], [-51.25216013590493, -30.307715691460473], [-51.24651031494138, -30.309331088595886], [-51.24583333333331, -30.3208333333333], [-51.24251759847003, -30.319982401529916], [-51.240763176812045, -30.31314578586151], [-51.227210489908835, -30.30056728786889], [-51.218622843424455, -30.299432712131043], [-51.21324666341144, -30.295266045464377], [-51.20892995198565, -30.29692230224606], [-51.20776604546439, -30.33137715657549], [-51.20473395453557, -30.335289510091116], [-51.20359937879772, -30.343877156575488], [-51.2005672878689, -30.347789510091115], [-51.199432712131056, -30.35221048990882], [-51.19640062120224, -30.356122843424448], [-51.195266045464386, -30.360543823242157], [-51.19223395453557, -30.36445617675778], [-51.19109937879772, -30.36887715657549], [-51.188067287868904, -30.372789510091113], [-51.186649068196594, -30.37831573486325], [-51.18112284342446, -30.37973395453556], [-51.177083333333314, -30.38286454942488], [-51.17304382324217, -30.37973395453556], [-51.16862284342446, -30.378599378797713], [-51.164710489908835, -30.37556728786889], [-51.160289510091125, -30.374432712131046], [-51.1563771565755, -30.371400621202227], [-51.15195617675779, -30.370266045464376], [-51.1438771565755, -30.36306728786889], [-51.13945617675779, -30.361932712131043], [-51.135543823242166, -30.358900621202224], [-51.118622843424454, -30.357766045464377], [-51.11324666341144, -30.35359937879771], [-51.0968068440755, -30.354806009928353], [-51.09109937879772, -30.361649915907087], [-51.09229668511283, -30.38246883816186], [-51.0970520019531, -30.383534749348925], [-51.102616712782094, -30.37922210693356], [-51.121400621202234, -30.39898308648], [-51.12026604546439, -30.40221048990882], [-51.11609937879772, -30.407586669921844], [-51.11723395453557, -30.410543823242158], [-51.125567287868904, -30.419896104600664], [-51.12443271213105, -30.423043823242157], [-51.12087368435328, -30.427636210123666], [-51.13237372504338, -30.438067287868893], [-51.14076944986977, -30.436768934461774], [-51.14526604546439, -30.43137715657549], [-51.1465376112196, -30.421752760145367], [-51.15195617675779, -30.417233954535558], [-51.1563771565755, -30.41609937879771], [-51.160289510091125, -30.41306728786889], [-51.17304382324217, -30.411932712131044], [-51.178420003255184, -30.407766045464378], [-51.198043823242166, -30.408900621202225], [-51.20612284342446, -30.41609937879771], [-51.21054382324217, -30.417233954535558], [-51.21445617675779, -30.420266045464377], [-51.2188771565755, -30.421400621202224], [-51.222789510091125, -30.424432712131043], [-51.22831573486326, -30.425850931803353], [-51.23008643256291, -30.432750447591115], [-51.23945617675779, -30.441099378797713], [-51.241666666666646, -30.441666666666634], [-51.24224650065102, -30.448031277126706], [-51.245253499348934, -30.451968722873232], [-51.246556769476975, -30.461591593424448], [-51.25384216308591, -30.463513692220022], [-51.257840983072896, -30.468749999999968], [-51.25395100911456, -30.473843892415335], [-51.26163024902342, -30.475869750976532], [-51.26307983398436, -30.481364610460037], [-51.26608683268227, -30.485302056206567], [-51.26724650065102, -30.493864610460037], [-51.27025349934894, -30.497802056206567], [-51.27141316731769, -30.502197943793373], [-51.2744201660156, -30.5061353895399], [-51.27557983398435, -30.510531277126706], [-51.27858683268227, -30.514468722873232], [-51.27974650065102, -30.523031277126705], [-51.282753499348935, -30.526968722873235], [-51.283913167317685, -30.531364610460038], [-51.286920166015605, -30.535302056206568], [-51.288079833984355, -30.54386461046004], [-51.29108683268227, -30.547802056206567], [-51.29224650065102, -30.55636461046004], [-51.29525349934894, -30.560302056206567], [-51.29641316731769, -30.56886461046004], [-51.30057983398436, -30.574320644802487], [-51.29942016601561, -30.648031277126705], [-51.29641316731769, -30.651968722873235], [-51.29525349934894, -30.685531277126707], [-51.29224650065102, -30.689468722873233], [-51.29108683268227, -30.752197943793373], [-51.288079833984355, -30.756135389539903], [-51.286920166015605, -30.77303127712671], [-51.283913167317685, -30.776968722873235], [-51.282753499348935, -30.789697943793374], [-51.27858683268227, -30.795153978135822], [-51.27982364230684, -30.811553785535995], [-51.29075453016491, -30.82141316731768], [-51.29918195936413, -30.820070054795977], [-51.30033196343314, -30.814250691731743], [-51.29386461046005, -30.80891316731768], [-51.286920166015605, -30.807081095377576], [-51.28844011094833, -30.800380622016032], [-51.29363538953991, -30.79641316731768], [-51.29803127712672, -30.79525349934893], [-51.30196872287324, -30.792246500651014], [-51.310531277126714, -30.791086832682264], [-51.314468722873244, -30.788079833984348], [-51.31886461046005, -30.786920166015598], [-51.32280205620658, -30.783913167317678], [-51.32974650065102, -30.782081095377574], [-51.328079393174896, -30.77473178439667], [-51.321512688530795, -30.77974650065101], [-51.305112881130626, -30.778509691026446], [-51.29525349934894, -30.767578803168373], [-51.29641316731769, -30.756135389539903], [-51.29942016601561, -30.752197943793373], [-51.30057983398436, -30.7311353895399], [-51.30358683268227, -30.727197943793374], [-51.30474650065102, -30.722802056206568], [-51.30775349934894, -30.71886461046004], [-51.30891316731769, -30.714468722873235], [-51.311920166015604, -30.710531277126705], [-51.313079833984354, -30.706135389539902], [-51.316086832682274, -30.702197943793372], [-51.317246500651024, -30.685302056206567], [-51.32025349934894, -30.68136461046004], [-51.32144724527993, -30.646818372938338], [-51.33113538953991, -30.638079833984346], [-51.33553127712672, -30.636920166015596], [-51.34098731146916, -30.63275349934893], [-51.36053127712672, -30.63391316731768], [-51.36446872287324, -30.636920166015596], [-51.36886461046005, -30.638079833984346], [-51.37280205620658, -30.641086832682262], [-51.378296915690086, -30.6425364176432], [-51.379746500651024, -30.648031277126705], [-51.38275349934894, -30.651968722873235], [-51.38391316731769, -30.660531277126708], [-51.38692016601561, -30.664468722873234], [-51.38807983398436, -30.677197943793374], [-51.39108683268227, -30.6811353895399], [-51.39231804741752, -30.699072604709173], [-51.395833333333314, -30.69999999999997], [-51.395833333333314, -30.704166666666637], [-51.395833333333314, -30.708333333333304], [-51.395833333333314, -30.71249999999997], [-51.39618665907116, -30.714924452039902], [-51.39964667426213, -30.718408881293374], [-51.400353325737825, -30.7399244520399], [-51.404519992404495, -30.744120449489987], [-51.4038133409288, -30.76909111870657], [-51.400353325737825, -30.77257554796004], [-51.39964667426213, -30.7899244520399], [-51.39618665907116, -30.793408881293374], [-51.39548000759547, -30.806591118706567], [-51.39201999240449, -30.81007554796004], [-51.3913133409288, -30.827424452039903], [-51.38785332573783, -30.830908881293375], [-51.387146674262134, -30.839924452039902], [-51.38368665907116, -30.843408881293374], [-51.382980007595464, -30.848257785373235], [-51.3795199924045, -30.851742214626707], [-51.3788133409288, -30.856591118706568], [-51.37535332573783, -30.86007554796004], [-51.37464667426213, -30.8649244520399], [-51.36666463216144, -30.872931925455703], [-51.37328559027776, -30.879519992404486], [-51.40242445203991, -30.87881334092879], [-51.405908881293385, -30.87535332573782], [-51.43575778537324, -30.874646674262124], [-51.43924221462672, -30.871186659071153], [-51.44166666666665, -30.870833333333305], [-51.442554050021684, -30.87429165310327], [-51.452210489908836, -30.875567287868897], [-51.46028951009113, -30.882766045464383], [-51.46471048990883, -30.88390062120223], [-51.472789510091125, -30.891099378797716], [-51.47858378092446, -30.892586263020807], [-51.48693271213106, -30.901956176757785], [-51.48846774631075, -30.907937282986083], [-51.49362284342446, -30.911932712131048], [-51.495833333333316, -30.912499999999973], [-51.49548000759547, -30.985757785373238], [-51.492019992404494, -30.98924221462671], [-51.4913133409288, -31.002424452039904], [-51.48785332573783, -31.005908881293376], [-51.48749999999998, -31.008333333333308], [-51.48749999999998, -31.012499999999974], [-51.48693271213106, -31.01471048990883], [-51.48390062120224, -31.018622843424453], [-51.48276604546439, -31.023043823242162], [-51.47973395453557, -31.026956176757785], [-51.478599378797725, -31.031377156575495], [-51.475567287868905, -31.03528951009112], [-51.474432712131055, -31.039710489908828], [-51.471400621202235, -31.04362284342445], [-51.47026604546439, -31.04804382324216], [-51.46723395453557, -31.051956176757788], [-51.46609937879772, -31.056377156575493], [-51.45890062120224, -31.064456176757787], [-51.457429843478714, -31.070187717013862], [-51.4438771565755, -31.082766045464382], [-51.43693271213105, -31.084548272026883], [-51.44362284342446, -31.09109937879772], [-51.452210489908836, -31.092233954535565], [-51.45612284342446, -31.095266045464385], [-51.46054382324217, -31.096400621202232], [-51.46445617675779, -31.09943271213105], [-51.481377156575505, -31.1005672878689], [-51.48528951009113, -31.103599378797718], [-51.510543823242166, -31.104733954535565], [-51.5144561767578, -31.107766045464384], [-51.5188771565755, -31.10890062120223], [-51.52278951009113, -31.11193271213105], [-51.5313771565755, -31.113067287868898], [-51.536753336588525, -31.117233954535564], [-51.540855746799025, -31.115659925672716], [-51.54166666666665, -31.112499999999976], [-51.54583333333331, -31.112499999999976], [-51.54804382324217, -31.113067287868898], [-51.564456176757794, -31.128599378797716], [-51.577210489908836, -31.129733954535563], [-51.58112284342446, -31.132766045464383], [-51.606377156575505, -31.13390062120223], [-51.62410447862411, -31.15067715115015], [-51.625567287868904, -31.156377156575495], [-51.62859937879772, -31.16028951009112], [-51.629875183105455, -31.169945949978274], [-51.63333333333332, -31.17083333333331], [-51.63397606743705, -31.185468207465252], [-51.63814273410372, -31.191344875759523], [-51.636857265896246, -31.23963487413192], [-51.63397606743705, -31.243698459201365], [-51.63269059922958, -31.25213487413192], [-51.629809400770384, -31.256198459201364], [-51.62791680230033, -31.262484741210912], [-51.62115512424043, -31.257690429687475], [-51.61185726589625, -31.25949537489147], [-51.61363423665363, -31.26659986707897], [-51.6205115424262, -31.27147623697914], [-51.68963504367403, -31.270190429687474], [-51.695511542426196, -31.266023763020808], [-51.71463504367403, -31.267309570312477], [-51.71869828965927, -31.270190429687474], [-51.72403581407333, -31.27179768880206], [-51.726030137803804, -31.27842169867619], [-51.73963504367403, -31.279809570312477], [-51.749366251627585, -31.28814290364581], [-51.77005733913844, -31.286774020724803], [-51.770833333333314, -31.27916666666664], [-51.77325778537325, -31.278813340928796], [-51.77674221462672, -31.27535332573782], [-51.77916666666665, -31.274999999999977], [-51.79391496446396, -31.275529649522547], [-51.797751702202675, -31.27863701714407], [-51.80224829779729, -31.279696316189213], [-51.83674519856769, -31.313461642795115], [-51.83802947998045, -31.318914794921852], [-51.846787516276024, -31.328410169813345], [-51.852248297797296, -31.329696316189214], [-51.857334052191824, -31.333815511067684], [-51.86182640923393, -31.332416110568552], [-51.863029479980455, -31.32405938042532], [-51.858721584743904, -31.31874050564234], [-51.86613718668618, -31.310581461588516], [-51.86666666666665, -31.30833333333331], [-51.870833333333316, -31.30833333333331], [-51.871835327148425, -31.31149800618487], [-51.879064941406234, -31.313786824544245], [-51.87433200412325, -31.32066480848522], [-51.87726576063366, -31.325667995876714], [-51.88544311523436, -31.32433200412324], [-51.89530436197915, -31.315998670789906], [-51.92106781005858, -31.317465209960915], [-51.91599867078992, -31.324831475151885], [-51.91754523383245, -31.332292344835047], [-51.92294311523436, -31.334001329210047], [-51.92705688476561, -31.336832004123238], [-51.93960978190103, -31.338167995876713], [-51.94372355143228, -31.340998670789908], [-51.950158352322035, -31.34303588867185], [-51.95349867078991, -31.347890218098936], [-51.95483466254339, -31.352109781901017], [-51.959001329210054, -31.35816480848522], [-51.957515292697465, -31.369967990451364], [-51.94516533745658, -31.371935356987823], [-51.95205688476561, -31.378498670789906], [-51.97031860351561, -31.37995775010848], [-51.98266533745658, -31.393723551432267], [-51.98433532714842, -31.398998006184872], [-51.98749999999998, -31.399999999999977], [-51.98785332573783, -31.410757785373242], [-51.991313340928805, -31.41424221462671], [-51.9920199924045, -31.427424452039908], [-51.99548000759547, -31.43090888129338], [-51.996186659071164, -31.439924452039907], [-51.99964667426214, -31.44340888129338], [-52.000353325737834, -31.46492445203991], [-52.00381334092881, -31.468408881293378], [-52.0045199924045, -31.502424452039907], [-52.00798000759547, -31.50590888129338], [-52.00833333333332, -31.50833333333331], [-52.008333333333304, -31.512499999999978], [-52.00890062120223, -31.514710489908833], [-52.01306728786889, -31.520086669921852], [-52.01193271213104, -31.577210489908833], [-52.00776604546438, -31.582586669921852], [-52.00890062120223, -31.6188771565755], [-52.01193271213104, -31.622789510091124], [-52.01306728786889, -31.635543823242166], [-52.01609937879771, -31.63945617675779], [-52.01723395453556, -31.660543823242165], [-52.02026604546438, -31.664456176757792], [-52.021400621202226, -31.673043823242168], [-52.024432712131045, -31.67695617675779], [-52.025567287868896, -31.685543823242167], [-52.028599378797715, -31.68945617675779], [-52.03038160536021, -31.696400621202237], [-52.03971048990882, -31.69526604546439], [-52.04362284342445, -31.69223395453557], [-52.04804382324215, -31.691099378797723], [-52.05612284342445, -31.683900621202234], [-52.0583333333333, -31.683333333333312], [-52.06249999999997, -31.683333333333312], [-52.094091118706565, -31.68368665907116], [-52.09757554796004, -31.68714667426213], [-52.1149244520399, -31.687853325737827], [-52.11840888129338, -31.691313340928797], [-52.127424452039904, -31.692019992404493], [-52.13090888129337, -31.695480007595464], [-52.1399244520399, -31.69618665907116], [-52.143408881293375, -31.69964667426213], [-52.14825778537323, -31.700353325737826], [-52.15590888129337, -31.707980007595467], [-52.160757785373235, -31.70868665907116], [-52.164242214626704, -31.712146674262133], [-52.16909111870657, -31.712853325737825], [-52.17257554796004, -31.7163133409288], [-52.1774244520399, -31.71701999240449], [-52.18090888129338, -31.720480007595466], [-52.185757785373234, -31.721186659071158], [-52.18924221462671, -31.724646674262132], [-52.19409111870657, -31.725353325737828], [-52.224645317925315, -31.755882432725674], [-52.22535332573782, -31.768379720052064], [-52.22118665907115, -31.77257554796005], [-52.2208333333333, -31.779166666666647], [-52.216099378797715, -31.780381605360223], [-52.217474365234345, -31.78663804796005], [-52.2208333333333, -31.78749999999998], [-52.2399244520399, -31.787146674262132], [-52.24340888129338, -31.78368665907116], [-52.24999999999997, -31.783333333333314], [-52.24999999999997, -31.779166666666647], [-52.249646674262124, -31.776742214626715], [-52.24618665907115, -31.773257785373243], [-52.24548000759546, -31.76495361328123], [-52.249646674262124, -31.760757785373244], [-52.24999999999997, -31.754166666666645], [-52.249642266167506, -31.75171169704859], [-52.2399244520399, -31.742019992404494], [-52.23749999999997, -31.741666666666646], [-52.23664923773869, -31.738350762261263], [-52.23112284342445, -31.736932712131054], [-52.21339552137584, -31.72015618218314], [-52.211932712131045, -31.714456176757793], [-52.20473395453556, -31.7063771565755], [-52.20359937879771, -31.70195617675779], [-52.19640062120223, -31.6938771565755], [-52.19526604546438, -31.670086669921854], [-52.19943271213105, -31.66471048990883], [-52.199999999999974, -31.65833333333331], [-52.20306735568573, -31.65745646158852], [-52.20478413899737, -31.653429836697025], [-52.196450805664035, -31.643826972113693], [-52.19521586100257, -31.6408993191189], [-52.20504116482202, -31.629821438259526], [-52.24382697211369, -31.628549194335918], [-52.252006361219586, -31.62145080566404], [-52.26049363878035, -31.62021586100258], [-52.265508015950495, -31.616552734374977], [-52.26752760145396, -31.609489271375846], [-52.271302625868024, -31.607715861002582], [-52.27700636121959, -31.61188252766925], [-52.27990349663626, -31.613117472330707], [-52.28950636121959, -31.604784138997374], [-52.293826972113685, -31.603549194335915], [-52.299138387044245, -31.599669053819422], [-52.30080261230466, -31.58823513454859], [-52.31466030544702, -31.58688252766925], [-52.318673027886256, -31.583950805664042], [-52.32716030544702, -31.582715861002583], [-52.33117302788626, -31.579784138997375], [-52.34213595920136, -31.578549194335913], [-52.347839694552924, -31.582715861002583], [-52.34999999999997, -31.58333333333331], [-52.35221048990883, -31.58276604546439], [-52.35612284342445, -31.57973395453557], [-52.36887715657549, -31.57859937879772], [-52.37278951009112, -31.5755672878689], [-52.37845831976994, -31.574112616644943], [-52.37973395453556, -31.56445617675779], [-52.38482903374563, -31.558346557617163], [-52.390447998046845, -31.562701416015603], [-52.39521857367619, -31.56163194444442], [-52.39640062120223, -31.53454827202689], [-52.39166666666664, -31.53333333333331], [-52.39109937879771, -31.518622843424456], [-52.38806728786889, -31.514710489908833], [-52.38693271213105, -31.48945617675779], [-52.38390062120223, -31.485543823242164], [-52.38276604546438, -31.47695617675779], [-52.378902180989556, -31.47197062174477], [-52.38554382324216, -31.470266045464385], [-52.38945617675778, -31.467233954535565], [-52.39387715657549, -31.466099378797722], [-52.401956176757785, -31.458900621202233], [-52.404913330078095, -31.457766045464385], [-52.41028951009112, -31.461932712131052], [-52.41324666341143, -31.4630672878689], [-52.41986558702254, -31.457937282986087], [-52.420833333333306, -31.454166666666644], [-52.424338785807265, -31.45326707628036], [-52.42499999999997, -31.44583333333331], [-52.435757785373234, -31.445480007595464], [-52.43924221462671, -31.44201999240449], [-52.44754638671872, -31.441313340928797], [-52.451742214626705, -31.445480007595464], [-52.46004638671872, -31.446186659071156], [-52.46424221462671, -31.44201999240449], [-52.47499999999997, -31.44166666666664], [-52.475655449761256, -31.43954433865015], [-52.47851121690535, -31.435455661349803], [-52.479822116427925, -31.43121100531682], [-52.48267788357202, -31.42712232801647], [-52.48406948513452, -31.40492451985675], [-52.50441080729164, -31.403332180447023], [-52.500655449761254, -31.3979556613498], [-52.49934455023869, -31.395587497287302], [-52.50351121690535, -31.38962232801647], [-52.504822116427924, -31.385377671983484], [-52.516011216905355, -31.372955661349803], [-52.51666666666664, -31.37083333333331], [-52.52304382324216, -31.371400621202234], [-52.526956176757785, -31.374432712131053], [-52.53211839463973, -31.3755672878689], [-52.53423970540362, -31.367301432291644], [-52.55295172797307, -31.36609937879772], [-52.554733954535564, -31.373043823242163], [-52.559328884548584, -31.378553602430532], [-52.58407999674476, -31.379733954535567], [-52.589456176757785, -31.3755672878689], [-52.59583333333331, -31.374999999999975], [-52.59999999999997, -31.374999999999975], [-52.60221048990883, -31.374432712131053], [-52.606249999999974, -31.371301947699628], [-52.61028951009112, -31.374432712131053], [-52.61760389539928, -31.3755672878689], [-52.62695617675779, -31.367233954535568], [-52.63270975748695, -31.36575758192272], [-52.633333333333304, -31.354166666666643]], [[-51.92638888888887, -31.324999999999974], [-51.92535434299044, -31.32291870117185], [-51.92649722629122, -31.320578342013864], [-51.929633246527764, -31.323358832465253], [-51.92638888888887, -31.324999999999974]]]]}}, {"type": "Feature", "properties": {"nome": "Arroio Pelotas / S\u00e3o Gon\u00e7alo", "hybas_id": 6060015940, "area_km2": 1965.0, "pfaf": 641401, "cor": "#4E79A7"}, "geometry": {"type": "Polygon", "coordinates": [[[-52.24999999999997, -31.783333333333314], [-52.2505672878689, -31.78554382324217], [-52.253599378797716, -31.789456176757792], [-52.25473395453556, -31.7938771565755], [-52.25776604546438, -31.797789510091125], [-52.25930107964407, -31.803770616319426], [-52.26513637966577, -31.808292982313347], [-52.275379435221325, -31.797000122070294], [-52.27083333333331, -31.795833333333313], [-52.27174241807723, -31.792290242513], [-52.2833333333333, -31.791666666666647], [-52.28424241807723, -31.79520975748696], [-52.30637715657549, -31.79640062120224], [-52.31028951009112, -31.799432712131058], [-52.314710489908826, -31.8005672878689], [-52.32278951009112, -31.80776604546439], [-52.32916666666664, -31.808333333333312], [-52.33137715657549, -31.808900621202238], [-52.335289510091116, -31.811932712131057], [-52.339710489908825, -31.813067287868904], [-52.34908040364581, -31.821416219075502], [-52.35085076226126, -31.82831590440536], [-52.354166666666636, -31.829166666666648], [-52.357695515950496, -31.830072360568558], [-52.35890062120223, -31.84804382324217], [-52.363067287868894, -31.853420003255188], [-52.36193271213105, -31.860543823242168], [-52.35473395453556, -31.86862284342446], [-52.35353393554685, -31.88652106391057], [-52.34804382324216, -31.891099378797723], [-52.34251742892792, -31.89251742892793], [-52.341099378797715, -31.89804382324217], [-52.338067287868896, -31.901956176757793], [-52.336612616644935, -31.907624986436613], [-52.32695617675778, -31.908900621202235], [-52.32157999674477, -31.913067287868905], [-52.31445617675779, -31.91193271213106], [-52.30986362033417, -31.90837368435328], [-52.30046081542966, -31.91874016655814], [-52.30359937879771, -31.92278951009113], [-52.304733954535564, -31.935543823242167], [-52.3130672878689, -31.944896104600677], [-52.311932712131046, -31.956377156575503], [-52.3087951660156, -31.960425482855882], [-52.316099378797716, -31.96862284342446], [-52.31723395453556, -31.97304382324217], [-52.32026604546438, -31.976956176757795], [-52.320833333333304, -31.987499999999965], [-52.331326972113686, -31.986882358127136], [-52.33541666666664, -31.9838948567708], [-52.33950636121959, -31.986882358127136], [-52.353167046440944, -31.988117641872794], [-52.35478413899737, -31.977006530761685], [-52.363900078667506, -31.966729058159686], [-52.36867302788626, -31.970215691460467], [-52.38132697211369, -31.971450975206128], [-52.385339694552925, -31.974382358127134], [-52.39074028862844, -31.97592637803816], [-52.39166666666664, -31.979166666666647], [-52.392285834418374, -31.990676201714376], [-52.397789510091116, -31.995266045464376], [-52.40358378092445, -31.996753099229565], [-52.41193271213105, -32.00612284342444], [-52.413399590386256, -32.01183878580726], [-52.420833333333306, -32.01249999999997], [-52.420833333333306, -32.0083333333333], [-52.42325778537324, -32.00798000759545], [-52.445478651258654, -31.985784233940937], [-52.44618665907115, -31.972575547960034], [-52.44964667426213, -31.96909111870656], [-52.449999999999974, -31.966666666666647], [-52.45637715657549, -31.967233954535555], [-52.460289510091116, -31.970266045464374], [-52.464710489908825, -31.97140062120222], [-52.468622843424455, -31.97443271213104], [-52.47304382324216, -31.975567287868888], [-52.47695617675779, -31.978599378797707], [-52.49251675075952, -31.979733954535554], [-52.49937710232202, -31.97401258680552], [-52.5005672878689, -31.95322943793399], [-52.492233954535564, -31.943877156575486], [-52.49109937879771, -31.93871493869354], [-52.49914923773869, -31.93664906819658], [-52.500909084743896, -31.929790242512986], [-52.52304382324216, -31.928599378797706], [-52.526956176757785, -31.925567287868887], [-52.53971048990883, -31.92443271213104], [-52.556122843424454, -31.90890062120222], [-52.56054382324216, -31.907766045464374], [-52.56445617675779, -31.904733954535555], [-52.568877156575496, -31.903599378797708], [-52.57278951009112, -31.90056728786889], [-52.58554382324216, -31.89943271213104], [-52.593622843424455, -31.892233954535556], [-52.598043823242165, -31.89109937879771], [-52.60195617675779, -31.88806728786889], [-52.6063771565755, -31.886932712131042], [-52.61028951009112, -31.883900621202223], [-52.61887715657549, -31.882766045464376], [-52.62278951009112, -31.879733954535553], [-52.631377156575496, -31.87859937879771], [-52.63945617675779, -31.87140062120222], [-52.64387715657549, -31.870266045464373], [-52.649032253689214, -31.86627078586151], [-52.650567287868896, -31.86028951009111], [-52.65456271701386, -31.855134412977396], [-52.661649237738686, -31.853315734863244], [-52.66249999999997, -31.84999999999998], [-52.66193271213105, -31.84362284342446], [-52.65890062120223, -31.839710489908835], [-52.657766045464385, -31.832586669921856], [-52.6628960503472, -31.825967746310745], [-52.67109781901039, -31.82386271158852], [-52.66723395453556, -31.8188771565755], [-52.66609937879772, -31.814456176757794], [-52.65890062120223, -31.8063771565755], [-52.65748257107202, -31.800850762261263], [-52.651956176757785, -31.799432712131058], [-52.64680107964407, -31.79543728298609], [-52.64526604546438, -31.789456176757792], [-52.64223395453556, -31.78554382324217], [-52.641005452473934, -31.771732923719597], [-52.63418409559459, -31.769982571072028], [-52.633333333333304, -31.766666666666644], [-52.632766045464386, -31.764456176757793], [-52.62973395453557, -31.760543823242166], [-52.628599378797716, -31.75538160536022], [-52.63664923773869, -31.753315904405362], [-52.6380672878689, -31.747789510091124], [-52.64109937879772, -31.7438771565755], [-52.64166666666664, -31.733333333333313], [-52.642019992404485, -31.714242214626715], [-52.64964667426213, -31.706591118706577], [-52.650353325737825, -31.70245361328123], [-52.646186659071155, -31.698257785373244], [-52.64583333333331, -31.683333333333312], [-52.643408881293375, -31.682980007595464], [-52.63992445203991, -31.679519992404494], [-52.633333333333304, -31.679166666666646], [-52.632766045464386, -31.672789510091125], [-52.621400621202234, -31.660543823242165], [-52.62026604546438, -31.651956176757793], [-52.611917114257785, -31.64258626302081], [-52.604875013563344, -31.64077928331161], [-52.60359937879772, -31.631122843424457], [-52.59904005262584, -31.625655788845464], [-52.58423292371959, -31.624338785807268], [-52.58333333333331, -31.620833333333312], [-52.58422071668834, -31.617375013563347], [-52.594945949978275, -31.615958319769945], [-52.59640062120223, -31.610289510091125], [-52.60091959635414, -31.60487094455293], [-52.61054382324216, -31.60359937879772], [-52.615698920355875, -31.599603949652757], [-52.617554050021674, -31.592375013563345], [-52.627210489908826, -31.591099378797722], [-52.63112284342445, -31.588067287868903], [-52.63407999674477, -31.586932712131055], [-52.639583333333306, -31.591198052300324], [-52.64362284342445, -31.588067287868903], [-52.653279283311605, -31.586791653103276], [-52.654733954535565, -31.581122843424456], [-52.65786471896699, -31.577083333333313], [-52.654733954535565, -31.573043823242166], [-52.653599378797715, -31.56788160536022], [-52.660543823242165, -31.56609937879772], [-52.66445617675779, -31.5630672878689], [-52.669982571072026, -31.561649237738692], [-52.67140062120223, -31.556122843424458], [-52.68276604546438, -31.543877156575498], [-52.68333333333331, -31.524999999999977], [-52.68421291775171, -31.521572197808137], [-52.6924133300781, -31.52026604546439], [-52.69778951009112, -31.524432712131052], [-52.70833333333331, -31.524999999999977], [-52.70776604546438, -31.51445617675779], [-52.70473395453556, -31.510543823242166], [-52.70359937879772, -31.493622843424458], [-52.69640062120223, -31.485543823242164], [-52.695266045464386, -31.481122843424455], [-52.69223395453557, -31.47721048990883], [-52.690779283311606, -31.47154168023001], [-52.681122843424454, -31.470266045464385], [-52.67304382324216, -31.4630672878689], [-52.670833333333306, -31.462499999999977], [-52.67140062120223, -31.456122843424456], [-52.67443271213105, -31.45221048990883], [-52.67585076226126, -31.446684095594595], [-52.68137715657549, -31.445266045464386], [-52.68653225368921, -31.44127061631942], [-52.68749999999997, -31.437499999999975], [-52.687146674262124, -31.435075547960047], [-52.67951999240449, -31.427424452039908], [-52.67881334092879, -31.41840888129338], [-52.671186659071154, -31.410757785373242], [-52.670833333333306, -31.399999999999977], [-52.671186659071154, -31.389242214626712], [-52.676709662543374, -31.383691406249977], [-52.67916666666664, -31.38333333333331], [-52.678505452473935, -31.37589959038626], [-52.674999999999976, -31.374999999999975], [-52.67464667426213, -31.36840888129338], [-52.66701999240449, -31.360757785373238], [-52.66666666666664, -31.35833333333331], [-52.66007554796004, -31.35798000759546], [-52.65659111870657, -31.35451999240449], [-52.633333333333304, -31.354166666666643], [-52.63270975748695, -31.36575758192272], [-52.62695617675779, -31.367233954535568], [-52.61760389539928, -31.3755672878689], [-52.61028951009112, -31.374432712131053], [-52.606249999999974, -31.371301947699628], [-52.60221048990883, -31.374432712131053], [-52.59999999999997, -31.374999999999975], [-52.59583333333331, -31.374999999999975], [-52.589456176757785, -31.3755672878689], [-52.58407999674476, -31.379733954535567], [-52.559328884548584, -31.378553602430532], [-52.554733954535564, -31.373043823242163], [-52.55295172797307, -31.36609937879772], [-52.53423970540362, -31.367301432291644], [-52.53211839463973, -31.3755672878689], [-52.526956176757785, -31.374432712131053], [-52.52304382324216, -31.371400621202234], [-52.51666666666664, -31.37083333333331], [-52.516011216905355, -31.372955661349803], [-52.504822116427924, -31.385377671983484], [-52.50351121690535, -31.38962232801647], [-52.49934455023869, -31.395587497287302], [-52.500655449761254, -31.3979556613498], [-52.50441080729164, -31.403332180447023], [-52.48406948513452, -31.40492451985675], [-52.48267788357202, -31.42712232801647], [-52.479822116427925, -31.43121100531682], [-52.47851121690535, -31.435455661349803], [-52.475655449761256, -31.43954433865015], [-52.47499999999997, -31.44166666666664], [-52.46424221462671, -31.44201999240449], [-52.46004638671872, -31.446186659071156], [-52.451742214626705, -31.445480007595464], [-52.44754638671872, -31.441313340928797], [-52.43924221462671, -31.44201999240449], [-52.435757785373234, -31.445480007595464], [-52.42499999999997, -31.44583333333331], [-52.424338785807265, -31.45326707628036], [-52.420833333333306, -31.454166666666644], [-52.41986558702254, -31.457937282986087], [-52.41324666341143, -31.4630672878689], [-52.41028951009112, -31.461932712131052], [-52.404913330078095, -31.457766045464385], [-52.401956176757785, -31.458900621202233], [-52.39387715657549, -31.466099378797722], [-52.38945617675778, -31.467233954535565], [-52.38554382324216, -31.470266045464385], [-52.378902180989556, -31.47197062174477], [-52.38276604546438, -31.47695617675779], [-52.38390062120223, -31.485543823242164], [-52.38693271213105, -31.48945617675779], [-52.38806728786889, -31.514710489908833], [-52.39109937879771, -31.518622843424456], [-52.39166666666664, -31.53333333333331], [-52.39640062120223, -31.53454827202689], [-52.39521857367619, -31.56163194444442], [-52.390447998046845, -31.562701416015603], [-52.38482903374563, -31.558346557617163], [-52.37973395453556, -31.56445617675779], [-52.37845831976994, -31.574112616644943], [-52.37278951009112, -31.5755672878689], [-52.36887715657549, -31.57859937879772], [-52.35612284342445, -31.57973395453557], [-52.35221048990883, -31.58276604546439], [-52.34999999999997, -31.58333333333331], [-52.347839694552924, -31.582715861002583], [-52.34213595920136, -31.578549194335913], [-52.33117302788626, -31.579784138997375], [-52.32716030544702, -31.582715861002583], [-52.318673027886256, -31.583950805664042], [-52.31466030544702, -31.58688252766925], [-52.30080261230466, -31.58823513454859], [-52.299138387044245, -31.599669053819422], [-52.293826972113685, -31.603549194335915], [-52.28950636121959, -31.604784138997374], [-52.27990349663626, -31.613117472330707], [-52.27700636121959, -31.61188252766925], [-52.271302625868024, -31.607715861002582], [-52.26752760145396, -31.609489271375846], [-52.265508015950495, -31.616552734374977], [-52.26049363878035, -31.62021586100258], [-52.252006361219586, -31.62145080566404], [-52.24382697211369, -31.628549194335918], [-52.20504116482202, -31.629821438259526], [-52.19521586100257, -31.6408993191189], [-52.196450805664035, -31.643826972113693], [-52.20478413899737, -31.653429836697025], [-52.20306735568573, -31.65745646158852], [-52.199999999999974, -31.65833333333331], [-52.19943271213105, -31.66471048990883], [-52.19526604546438, -31.670086669921854], [-52.19640062120223, -31.6938771565755], [-52.20359937879771, -31.70195617675779], [-52.20473395453556, -31.7063771565755], [-52.211932712131045, -31.714456176757793], [-52.21339552137584, -31.72015618218314], [-52.23112284342445, -31.736932712131054], [-52.23664923773869, -31.738350762261263], [-52.23749999999997, -31.741666666666646], [-52.2399244520399, -31.742019992404494], [-52.249642266167506, -31.75171169704859], [-52.24999999999997, -31.754166666666645], [-52.249646674262124, -31.760757785373244], [-52.24548000759546, -31.76495361328123], [-52.24618665907115, -31.773257785373243], [-52.249646674262124, -31.776742214626715], [-52.24999999999997, -31.779166666666647], [-52.24999999999997, -31.783333333333314]]]}}, {"type": "Feature", "properties": {"nome": "M\u00e9dio Jaguar\u00e3o (BR)", "hybas_id": 6060873600, "area_km2": 8464.0, "pfaf": 641403, "cor": "#E15759"}, "geometry": {"type": "Polygon", "coordinates": [[[-52.62916666666664, -31.966666666666633], [-52.62585076226126, -31.967517598470018], [-52.62499999999997, -31.9708333333333], [-52.62283969455292, -31.970215691460467], [-52.61713595920136, -31.9660490247938], [-52.59682956271699, -31.967348904079827], [-52.594861518012124, -31.97423180474172], [-52.58533969455293, -31.975617641872795], [-52.581326972113686, -31.9785490247938], [-52.57156846788192, -31.979969278971318], [-52.57021586100258, -31.99382680257158], [-52.56728413899737, -31.997839864095017], [-52.56574028862845, -32.00324028862844], [-52.56033969455292, -32.00478430853946], [-52.55632697211369, -32.00771569146047], [-52.546805148654485, -32.00910152859154], [-52.54484693739147, -32.01594950358069], [-52.53117302788626, -32.01728430853946], [-52.52716030544702, -32.02021569146047], [-52.51666666666664, -32.0208333333333], [-52.49757554796004, -32.02048000759545], [-52.493379720052054, -32.01631334092878], [-52.47257554796004, -32.01701999240448], [-52.46909111870657, -32.02048000759545], [-52.460075547960045, -32.02118665907115], [-52.45587972005205, -32.02535332573781], [-52.42674221462671, -32.024646674262115], [-52.42325778537324, -32.02118665907115], [-52.420833333333306, -32.0208333333333], [-52.420833333333306, -32.01249999999997], [-52.413399590386256, -32.01183878580726], [-52.41193271213105, -32.00612284342444], [-52.40358378092445, -31.996753099229565], [-52.397789510091116, -31.995266045464376], [-52.392285834418374, -31.990676201714376], [-52.39166666666664, -31.979166666666647], [-52.39074028862844, -31.97592637803816], [-52.385339694552925, -31.974382358127134], [-52.38132697211369, -31.971450975206128], [-52.36867302788626, -31.970215691460467], [-52.363900078667506, -31.966729058159686], [-52.35478413899737, -31.977006530761685], [-52.353167046440944, -31.988117641872794], [-52.33950636121959, -31.986882358127136], [-52.33541666666664, -31.9838948567708], [-52.331326972113686, -31.986882358127136], [-52.320833333333304, -31.987499999999965], [-52.32048000759546, -31.994091118706564], [-52.316313340928794, -31.99828711615665], [-52.31701999240448, -32.031591118706565], [-52.32048000759546, -32.035075547960034], [-52.32118665907115, -32.04409111870656], [-52.32881334092879, -32.0517422146267], [-52.329519992404485, -32.06075778537323], [-52.33748609754772, -32.06874932183156], [-52.333347913953965, -32.07291666666663], [-52.33714667426212, -32.076742214626705], [-52.33785332573782, -32.08159111870656], [-52.34131334092879, -32.08507554796004], [-52.34166666666664, -32.099999999999966], [-52.34201999240449, -32.11075778537323], [-52.349646674262125, -32.11840888129337], [-52.35035434299042, -32.13578660753035], [-52.355908881293374, -32.14131334092879], [-52.358333333333306, -32.14166666666663], [-52.358333333333306, -32.15416666666663], [-52.358686659071154, -32.156591118706565], [-52.36214667426213, -32.160075547960034], [-52.36285332573782, -32.16909111870656], [-52.36631334092879, -32.17257554796004], [-52.36701999240449, -32.1774244520399], [-52.37048000759546, -32.18090888129337], [-52.37118665907115, -32.185757785373234], [-52.374646674262124, -32.1892422146267], [-52.37535332573782, -32.19409111870657], [-52.38298000759546, -32.201742214626705], [-52.38368665907115, -32.20659111870656], [-52.39964667426212, -32.222575547960034], [-52.40035332573782, -32.23159111870656], [-52.40381334092879, -32.23507554796004], [-52.40451999240449, -32.248257785373234], [-52.42048000759546, -32.264242214626705], [-52.420833333333306, -32.26666666666664], [-52.424338785807265, -32.26756625705292], [-52.42499999999997, -32.27499999999997], [-52.42411261664494, -32.278458150227834], [-52.41445617675778, -32.27973395453556], [-52.406377156575495, -32.28693271213104], [-52.39943271213105, -32.288714938693545], [-52.400567287868896, -32.29387715657549], [-52.407766045464385, -32.30195617675778], [-52.4083333333333, -32.30416666666663], [-52.40890062120223, -32.31471048990882], [-52.412031385633654, -32.318749999999966], [-52.408068847656224, -32.32386288113061], [-52.415958319769935, -32.325887383355], [-52.41723395453556, -32.335543823242155], [-52.42026604546438, -32.33945617675778], [-52.42140062120223, -32.34387715657549], [-52.42443271213105, -32.34778951009111], [-52.425567287868894, -32.36054382324215], [-52.42859937879771, -32.364456176757784], [-52.429733954535564, -32.373043823242156], [-52.43276604546438, -32.37695617675778], [-52.43390062120223, -32.39387715657549], [-52.436932712131046, -32.397789510091116], [-52.4380672878689, -32.41054382324216], [-52.44526604546438, -32.418622843424444], [-52.44640062120223, -32.42304382324215], [-52.44943271213105, -32.426956176757784], [-52.45056728786889, -32.435543823242156], [-52.45359937879772, -32.43945617675778], [-52.45473395453556, -32.44387715657549], [-52.45776604546438, -32.44778951009111], [-52.45833333333331, -32.4583333333333], [-52.458686659071155, -32.46075778537323], [-52.46214667426212, -32.46424221462671], [-52.46285332573782, -32.48575778537323], [-52.46631334092879, -32.48924221462671], [-52.46701999240449, -32.50659111870657], [-52.47048000759546, -32.51007554796004], [-52.47118665907115, -32.52325778537323], [-52.474646674262125, -32.52674221462671], [-52.47535332573782, -32.531591118706565], [-52.478813340928795, -32.53507554796004], [-52.47916666666664, -32.541666666666636], [-52.475708346896674, -32.54255405002167], [-52.47429165310327, -32.5532792833116], [-52.46751742892793, -32.55501759847002], [-52.46581590440535, -32.56164906819659], [-52.460289510091116, -32.56306728786889], [-52.45637715657549, -32.566099378797716], [-52.43528951009112, -32.56723395453556], [-52.43137715657549, -32.57026604546438], [-52.42916666666664, -32.570833333333304], [-52.429733954535564, -32.57721048990882], [-52.43276604546438, -32.58112284342445], [-52.43390062120223, -32.585543823242155], [-52.436932712131046, -32.589456176757785], [-52.4380672878689, -32.59387715657549], [-52.441099378797716, -32.59778951009112], [-52.44251742892792, -32.60331573486325], [-52.44914923773869, -32.60501759847002], [-52.45056728786889, -32.61054382324216], [-52.45776604546438, -32.61862284342445], [-52.45833333333331, -32.6208333333333], [-52.46164923773869, -32.621684265136686], [-52.46249999999997, -32.62499999999997], [-52.463067287868896, -32.63554382324216], [-52.47443271213105, -32.647789510091116], [-52.475708346896674, -32.65744594997827], [-52.48248257107202, -32.65918426513669], [-52.48430107964407, -32.666270785861514], [-52.490920003255184, -32.671400621202224], [-52.495022243923586, -32.66982659233938], [-52.49704827202688, -32.66193271213105], [-52.502210489908826, -32.66306728786889], [-52.50758666992185, -32.66723395453556], [-52.51471048990883, -32.66609937879771], [-52.51862284342445, -32.66306728786889], [-52.53971048990883, -32.66193271213105], [-52.543749999999974, -32.65880211724173], [-52.54778951009112, -32.66193271213105], [-52.55331590440535, -32.66335093180336], [-52.55538160536022, -32.671400621202224], [-52.56054382324216, -32.67026604546438], [-52.56445617675779, -32.66723395453556], [-52.57408040364581, -32.66596238878035], [-52.57859937879772, -32.66054382324216], [-52.57916666666664, -32.65416666666664], [-52.5826721191406, -32.65506625705292], [-52.58390062120223, -32.66887715657549], [-52.58847893608938, -32.674367268880175], [-52.6063771565755, -32.675567287868894], [-52.61179572211369, -32.68008609347871], [-52.6130672878689, -32.689710489908826], [-52.62443271213105, -32.70195617675778], [-52.62499999999997, -32.70833333333331], [-52.62535434299043, -32.71911977132159], [-52.63090888129338, -32.724646674262125], [-52.633333333333304, -32.72499999999997], [-52.63368665907115, -32.73575778537324], [-52.63714667426213, -32.73924221462671], [-52.63785332573782, -32.74409111870657], [-52.64548000759546, -32.75174221462671], [-52.646186659071155, -32.75659111870657], [-52.65381334092879, -32.764242214626705], [-52.65416666666664, -32.76666666666664], [-52.65451999240449, -32.76909111870657], [-52.65798000759546, -32.77257554796004], [-52.65868665907116, -32.7774244520399], [-52.662146674262125, -32.78090888129337], [-52.66285332573782, -32.785757785373235], [-52.67048000759546, -32.793408881293374], [-52.671186659071154, -32.80659111870657], [-52.67464667426213, -32.81007554796004], [-52.674999999999976, -32.81249999999997], [-52.682433742947026, -32.81316121419268], [-52.684184095594595, -32.81998240152992], [-52.68749999999997, -32.820833333333304], [-52.68816121419268, -32.828267076280355], [-52.6951249864366, -32.83005405002167], [-52.69640062120223, -32.839710489908825], [-52.70359937879772, -32.84778951009112], [-52.70473395453556, -32.85221048990883], [-52.70776604546438, -32.85612284342445], [-52.70890062120223, -32.86054382324216], [-52.71193271213105, -32.864456176757784], [-52.713067287868896, -32.86887715657549], [-52.716099378797715, -32.87278951009112], [-52.71666666666664, -32.87499999999997], [-52.724197387695284, -32.875735134548584], [-52.725617472330704, -32.88549363878035], [-52.72854919433591, -32.88950636121959], [-52.72993503146699, -32.89902818467879], [-52.73657362196178, -32.900926378038164], [-52.73811747233071, -32.90632697211369], [-52.74521586100258, -32.914506361219594], [-52.74645080566404, -32.918826972113685], [-52.75354919433591, -32.92700636121959], [-52.755093044704836, -32.932406955295114], [-52.76049363878036, -32.93395080566403], [-52.764506361219595, -32.93688252766924], [-52.77083333333331, -32.93749999999997], [-52.77140062120223, -32.943877156575496], [-52.77443271213105, -32.94778951009112], [-52.77585076226126, -32.95331590440536], [-52.78293728298608, -32.9551344129774], [-52.786932712131055, -32.960289510091116], [-52.788208346896674, -32.969945949978275], [-52.794982571072026, -32.97168409559459], [-52.79675292968748, -32.97858378092445], [-52.806122843424454, -32.98693271213105], [-52.80833333333331, -32.987499999999976], [-52.811876424153624, -32.9884090847439], [-52.81249999999998, -32.99999999999997], [-52.819091118706574, -33.00035332573782], [-52.824641927083306, -33.00587632921004], [-52.82535332573782, -33.01075778537324], [-52.8288133409288, -33.01424221462671], [-52.829166666666644, -33.02083333333331], [-52.83554382324216, -33.02140062120223], [-52.843622843424455, -33.028599378797715], [-52.848043823242165, -33.029733954535565], [-52.85319892035588, -33.03372938368053], [-52.85473395453557, -33.03971048990883], [-52.85776604546439, -33.04362284342445], [-52.85918409559459, -33.04914923773869], [-52.862499999999976, -33.049999999999976], [-52.8630672878689, -33.05221048990883], [-52.86609937879772, -33.056122843424454], [-52.86755405002168, -33.06179165310327], [-52.878279283311606, -33.06320834689667], [-52.88007032606335, -33.070187717013866], [-52.89362284342445, -33.08276604546438], [-52.89960394965276, -33.08430107964407], [-52.90359937879772, -33.089456176757785], [-52.90416666666664, -33.09999999999997], [-52.914924452039905, -33.10035332573782], [-52.91840888129338, -33.103813340928795], [-52.92083333333331, -33.10416666666664], [-52.92168409559459, -33.107482571072026], [-52.924999999999976, -33.108333333333306], [-52.92565477159286, -33.11569383409286], [-52.935289510091124, -33.12443271213105], [-52.93971048990883, -33.1255672878689], [-52.94362284342446, -33.128599378797716], [-52.948043823242166, -33.12973395453557], [-52.95195617675779, -33.132766045464386], [-52.9563771565755, -33.13390062120223], [-52.96028951009112, -33.13693271213105], [-52.96600545247394, -33.13839959038626], [-52.96666666666664, -33.14583333333331], [-52.97325778537324, -33.146186659071155], [-52.97674221462671, -33.14964667426213], [-52.97916666666664, -33.14999999999998], [-52.979827880859354, -33.15743374294702], [-52.987103949652756, -33.159301079644074], [-52.99109937879772, -33.16445617675779], [-52.992517428927925, -33.169982571072026], [-52.99914923773869, -33.17168409559459], [-53.000850762261265, -33.17831590440536], [-53.0076721191406, -33.18006625705293], [-53.00833333333331, -33.18749999999997], [-53.0091840955946, -33.190815904405355], [-53.01471048990883, -33.19223395453557], [-53.01862284342445, -33.195266045464386], [-53.02414923773869, -33.19668409559459], [-53.0255672878689, -33.20221048990883], [-53.02859937879772, -33.20612284342445], [-53.02982788085935, -33.21993374294702], [-53.035543823242165, -33.221400621202235], [-53.03945617675779, -33.22443271213105], [-53.0438771565755, -33.2255672878689], [-53.056122843424454, -33.23693271213105], [-53.05833333333331, -33.237499999999976], [-53.058691067165775, -33.239953952365425], [-53.07674221462671, -33.257980007595464], [-53.08575778537324, -33.25868665907116], [-53.09340888129338, -33.2663133409288], [-53.09583333333331, -33.266666666666644], [-53.096400621202235, -33.27304382324216], [-53.099432712131055, -33.276956176757785], [-53.10085076226126, -33.28248257107202], [-53.107482571072026, -33.2841840955946], [-53.10925292968748, -33.29108378092445], [-53.118622843424454, -33.29943271213105], [-53.12304382324216, -33.3005672878689], [-53.13112284342446, -33.30776604546438], [-53.14077928331161, -33.30904168023001], [-53.14257032606335, -33.316021050347196], [-53.156122843424455, -33.32859937879772], [-53.161649068196596, -33.330017428927924], [-53.1630672878689, -33.33554382324216], [-53.166099378797725, -33.339456176757785], [-53.16763441297741, -33.34543728298609], [-53.17278951009112, -33.349432712131055], [-53.18244594997828, -33.350708346896674], [-53.1841842651367, -33.357482571072026], [-53.191270785861526, -33.35930107964408], [-53.195364549424895, -33.36458333333331], [-53.19140201144746, -33.36969604492185], [-53.19583333333331, -33.37083333333331], [-53.198257785373244, -33.37118665907116], [-53.203808593749976, -33.37670966254338], [-53.204166666666644, -33.37916666666664], [-53.20501759847003, -33.382482571072025], [-53.208333333333314, -33.38333333333331], [-53.20868665907116, -33.38090888129338], [-53.21214667426213, -33.377424452039904], [-53.21249999999998, -33.37499999999998], [-53.21581573486326, -33.37414923773869], [-53.21666666666665, -33.37083333333331], [-53.21751759847003, -33.367517428927925], [-53.22083333333331, -33.366666666666646], [-53.223043823242165, -33.36609937879772], [-53.23112284342446, -33.35890062120223], [-53.23664906819659, -33.357482571072026], [-53.2380672878689, -33.35195617675779], [-53.24206254747177, -33.346801079644074], [-53.249376424153624, -33.344924248589386], [-53.250567287868904, -33.32278951009112], [-53.25359937879772, -33.318877156575496], [-53.25473395453557, -33.31156277126733], [-53.246400621202234, -33.30221048990883], [-53.24526604546439, -33.29362284342446], [-53.24223395453557, -33.28971048990883], [-53.241666666666646, -33.28749999999997], [-53.256591118706574, -33.287146674262125], [-53.26007554796005, -33.28368665907116], [-53.26249999999998, -33.28333333333331], [-53.262146674262134, -33.26424221462671], [-53.25868665907116, -33.26075778537324], [-53.257980007595464, -33.23578423394095], [-53.2663133409288, -33.227424452039905], [-53.266666666666644, -33.22083333333331], [-53.26424221462671, -33.22048000759546], [-53.256591118706574, -33.212853325737825], [-53.241666666666646, -33.21249999999998], [-53.24052954779729, -33.216931152343726], [-53.23554382324217, -33.213067287868896], [-53.22990536159937, -33.21162041558157], [-53.228599378797725, -33.20342000325518], [-53.23276604546439, -33.19804382324216], [-53.23390062120224, -33.19508666992185], [-53.22973395453557, -33.189710489908826], [-53.228599378797725, -33.181122843424454], [-53.225567287868905, -33.17721048990883], [-53.224432712131055, -33.156122843424455], [-53.221302117241734, -33.15208333333331], [-53.22453816731769, -33.1479078504774], [-53.21723395453557, -33.13971048990883], [-53.21666666666665, -33.137499999999974], [-53.21602393256291, -33.13536512586803], [-53.21314273410371, -33.13130154079859], [-53.21153581407333, -33.125964355468724], [-53.20619828965927, -33.12435709635414], [-53.202135043674026, -33.12147623697914], [-53.19102393256291, -33.11978285047741], [-53.19230940077038, -33.1145317925347], [-53.199357265896246, -33.10630154079858], [-53.20064273410371, -33.102031792534696], [-53.20480940077038, -33.096155124240425], [-53.203439500596765, -33.07577582465275], [-53.19583333333331, -33.074999999999974], [-53.19486558702255, -33.07122938368053], [-53.18971048990883, -33.06723395453557], [-53.18372921413843, -33.06569892035588], [-53.17973395453557, -33.06054382324216], [-53.17845815022784, -33.05088738335501], [-53.174999999999976, -33.049999999999976], [-53.172543165418816, -33.04964192708331], [-53.16701999240449, -33.04409111870657], [-53.16630893283418, -33.039211697048586], [-53.15659111870657, -33.02951999240449], [-53.15416666666665, -33.02916666666664], [-53.15350545247394, -33.02173292371959], [-53.146471150716124, -33.019927639431394], [-53.14526604546439, -33.00195617675779], [-53.1380672878689, -32.99387715657549], [-53.136932712131056, -32.989456176757784], [-53.13390062120224, -32.98554382324216], [-53.132482571072025, -32.98001742892792], [-53.1260067409939, -32.97835557725692], [-53.12443271213105, -32.97425333658852], [-53.12859937879772, -32.968877156575495], [-53.12973395453557, -32.96156277126733], [-53.121400621202234, -32.95221048990883], [-53.12083333333331, -32.949999999999974], [-53.11731228298609, -32.94909634060327], [-53.10473395453557, -32.93554382324216], [-53.10331590440536, -32.930017428927925], [-53.097789510091125, -32.92859937879771], [-53.0938771565755, -32.925567287868894], [-53.08528951009112, -32.92443271213105], [-53.081249999999976, -32.921301947699625], [-53.07721048990883, -32.92443271213105], [-53.06666666666664, -32.924999999999976], [-53.06727159288192, -32.91866048177081], [-53.071438259548586, -32.91304050021699], [-53.07022840711803, -32.910327148437474], [-53.06727159288192, -32.90633951822914], [-53.06606174045137, -32.89782714843747], [-53.0618950737847, -32.89220716688365], [-53.06310492621525, -32.88949381510414], [-53.07086554633244, -32.88061014811195], [-53.06467285156248, -32.87560492621525], [-53.05924072265623, -32.87409261067705], [-53.05700446234807, -32.86606174045136], [-53.043660481770814, -32.86727159288192], [-53.038040500216994, -32.87143825954858], [-53.028561740451366, -32.86977132161456], [-53.02977159288192, -32.85616048177081], [-53.038104926215254, -32.84662068684893], [-53.03605244954425, -32.841599188910564], [-53.031339518229146, -32.83810509575735], [-53.02575344509546, -32.83654954698348], [-53.024223836263, -32.82579006618921], [-53.01883951822914, -32.82143842909068], [-53.016666666666644, -32.820833333333304], [-53.01609937879772, -32.81445617675779], [-53.0130672878689, -32.810543823242156], [-53.011932712131056, -32.806122843424454], [-53.00890062120224, -32.80221048990882], [-53.007766045464386, -32.799253336588514], [-53.0128960503472, -32.7926344129774], [-53.0188771565755, -32.79109937879772], [-53.02278951009112, -32.7880672878689], [-53.02855902777775, -32.78658667670353], [-53.02916666666665, -32.77083333333331], [-53.02863701714408, -32.751918368869326], [-53.02552964952255, -32.74808163113062], [-53.02447035047741, -32.74358503553599], [-53.02136298285588, -32.73974829779728], [-53.02030368381074, -32.73525170220266], [-53.017196316189214, -32.731414964463944], [-53.016137017144075, -32.722751702202665], [-53.013029649522544, -32.71891496446395], [-53.011970350477405, -32.71441836886933], [-53.00886298285588, -32.710581631130616], [-53.00780368381074, -32.70608503553599], [-53.00469631618921, -32.70224829779728], [-53.00363701714407, -32.693585035535996], [-53.00052964952255, -32.68974829779728], [-52.99947035047741, -32.68525170220266], [-52.99636298285588, -32.68141496446395], [-52.99530368381074, -32.67691836886933], [-52.992196316189215, -32.673081631130614], [-52.99113701714408, -32.66441836886933], [-52.9870178222656, -32.6593326144748], [-52.98838636610241, -32.654939270019504], [-52.991666666666646, -32.65416666666664], [-52.991666666666646, -32.64999999999997], [-52.991666666666646, -32.6458333333333], [-53.08575778537324, -32.64548000759546], [-53.09757554796005, -32.63368665907115], [-53.10242445203991, -32.63298000759546], [-53.11007554796005, -32.62535332573782], [-53.11492445203991, -32.624646674262124], [-53.118408881293384, -32.62118665907115], [-53.131591118706574, -32.620480007595454], [-53.13507554796005, -32.61701999240449], [-53.13992445203991, -32.61631334092879], [-53.14340888129338, -32.61285332573782], [-53.14825778537324, -32.61214667426212], [-53.15797780354816, -32.60245276557072], [-53.15868665907116, -32.59340888129337], [-53.168381245930966, -32.583688184950056], [-53.174999999999976, -32.5833333333333], [-53.175899590386265, -32.57982788085935], [-53.18971048990883, -32.57859937879771], [-53.19486558702255, -32.574604119194845], [-53.19583333333331, -32.570833333333304], [-53.19618665907116, -32.56840888129337], [-53.201709832085484, -32.56285807291663], [-53.20659111870658, -32.562146674262124], [-53.210075547960045, -32.55868665907115], [-53.23087955050996, -32.557980007595454], [-53.23507554796005, -32.562146674262124], [-53.26837955050996, -32.56285332573782], [-53.272916666666646, -32.558347913953966], [-53.27708367241751, -32.56248575846351], [-53.28297526041665, -32.5566235012478], [-53.28368665907116, -32.55174221462671], [-53.28920983208548, -32.54619140624997], [-53.29166666666664, -32.545833333333306], [-53.29166666666664, -32.541666666666636], [-53.30242445203991, -32.54131334092879], [-53.305908881293384, -32.537853325737814], [-53.32742445203991, -32.537146674262125], [-53.33297848171656, -32.531620449489985], [-53.333333333333314, -32.52499999999997], [-53.33368665907116, -32.518408881293375], [-53.33714667426213, -32.5149244520399], [-53.337853325737825, -32.51078440348304], [-53.32951999240449, -32.5024244520399], [-53.3288133409288, -32.498287116156654], [-53.33298000759547, -32.494091118706564], [-53.33368665907116, -32.48924221462671], [-53.3538133409288, -32.469091118706565], [-53.35416666666664, -32.46666666666663], [-53.353543090820295, -32.45507592095266], [-53.34622921413843, -32.453198920355874], [-53.34109937879772, -32.44657999674476], [-53.34223395453557, -32.426956176757784], [-53.346400621202235, -32.42157999674476], [-53.34526604546439, -32.418622843424444], [-53.34109937879772, -32.41324666341143], [-53.34223395453557, -32.397789510091116], [-53.34526604546439, -32.39387715657549], [-53.346400621202235, -32.38945617675778], [-53.350567287868905, -32.38407999674476], [-53.34864535861543, -32.37907070583764], [-53.3438771565755, -32.38276604546438], [-53.34166666666665, -32.383333333333304], [-53.339242214626715, -32.38298000759546], [-53.33159111870658, -32.37535332573781], [-53.32674221462672, -32.374646674262124], [-53.31492445203991, -32.36285332573782], [-53.31007554796005, -32.36214667426212], [-53.30659111870658, -32.35868665907115], [-53.301742214626714, -32.35798000759545], [-53.298257785373245, -32.354519992404484], [-53.29166666666664, -32.354166666666636], [-53.29201999240449, -32.347575547960034], [-53.295480007595465, -32.344091118706565], [-53.29618665907116, -32.3392422146267], [-53.30798000759547, -32.3274244520399], [-53.308333333333316, -32.32499999999997], [-53.307482401529924, -32.32168426513669], [-53.30085093180337, -32.31998240152991], [-53.29943271213106, -32.31445617675778], [-53.29640062120224, -32.310543823242156], [-53.29526604546439, -32.293622843424444], [-53.29223395453557, -32.28971048990882], [-53.291099378797725, -32.27842000325518], [-53.29536454942489, -32.27291666666663], [-53.29127078586153, -32.2676344129774], [-53.285289510091125, -32.26609937879771], [-53.28013441297741, -32.262104119194845], [-53.27916666666665, -32.2583333333333], [-53.279519992404495, -32.25590888129337], [-53.29165293375649, -32.24375084771047], [-53.28785332573783, -32.2399244520399], [-53.28714667426213, -32.235783555772535], [-53.299646674262135, -32.22325778537323], [-53.29999999999998, -32.2208333333333], [-53.30221048990883, -32.22026604546438], [-53.30624999999998, -32.21713545057506], [-53.310289510091124, -32.22026604546438], [-53.321579996744774, -32.22140062120222], [-53.32819892035588, -32.21627078586151], [-53.32973395453557, -32.210289510091116], [-53.33693271213106, -32.20221048990882], [-53.33820851643878, -32.19255405002167], [-53.3438771565755, -32.19109937879771], [-53.351956176757795, -32.18390062120223], [-53.3563771565755, -32.182766045464376], [-53.36028951009113, -32.17973395453556], [-53.36249999999998, -32.17916666666663], [-53.36492445203991, -32.178813340928784], [-53.368408881293384, -32.17535332573782], [-53.37499999999998, -32.17499999999997], [-53.37742445203991, -32.17464667426212], [-53.38090888129338, -32.17118665907115], [-53.38333333333331, -32.1708333333333], [-53.3866490681966, -32.169982401529914], [-53.38806728786891, -32.16445617675778], [-53.39264577229816, -32.15896606445309], [-53.41159430609807, -32.15769568549259], [-53.41249999999998, -32.15416666666663], [-53.41188235812715, -32.14367319742835], [-53.408950975206146, -32.13966013590491], [-53.40771569146048, -32.136693657769065], [-53.42119361029729, -32.12192162407766], [-53.42716013590493, -32.12021569146047], [-53.431173197428365, -32.11728430853946], [-53.43966013590493, -32.1160490247938], [-53.44367319742837, -32.1131176418728], [-53.44799346923826, -32.11188235812713], [-53.45617319742836, -32.104784308539465], [-53.465931532118034, -32.10336405436195], [-53.467383829752585, -32.0884862263997], [-53.47083333333332, -32.08749999999996], [-53.471400621202235, -32.08528951009111], [-53.474432712131055, -32.081377156575485], [-53.475850931803365, -32.07585093180335], [-53.48248240152993, -32.07414906819658], [-53.48333333333331, -32.0708333333333], [-53.479827880859354, -32.069933742947015], [-53.478599378797725, -32.05612284342445], [-53.475567287868905, -32.052210489908816], [-53.474432712131055, -32.03945617675778], [-53.471400621202235, -32.03554382324215], [-53.469982401529926, -32.03001759847002], [-53.46445617675779, -32.02859937879771], [-53.459069993760835, -32.02410753038191], [-53.45776604546439, -32.015920003255175], [-53.46193271213106, -32.01054382324215], [-53.46249999999998, -32.0083333333333], [-53.46581573486326, -32.00748240152991], [-53.46666666666665, -32.004166666666634], [-53.46609937879772, -32.00195617675778], [-53.45890062120224, -31.993877156575486], [-53.45744594997828, -31.988208516438768], [-53.44778951009113, -31.98693271213104], [-53.4438771565755, -31.98390062120222], [-53.44166666666665, -31.983333333333313], [-53.44101070827906, -31.990706888834602], [-53.43554382324217, -31.995266045464376], [-53.42695617675779, -31.996400621202223], [-53.42304382324217, -31.999432712131043], [-53.41862284342446, -32.00056728786889], [-53.410543823242165, -32.00776604546437], [-53.40501759847003, -32.00918426513668], [-53.40359937879772, -32.01471048990882], [-53.4005672878689, -32.018622843424446], [-53.399032253689214, -32.02460411919484], [-53.3938771565755, -32.02859937879771], [-53.391666666666644, -32.02916666666663], [-53.38945617675779, -32.02859937879771], [-53.385543823242166, -32.02556728786889], [-53.38112284342446, -32.024432712131045], [-53.37574666341144, -32.020266045464375], [-53.372789510091124, -32.021400621202226], [-53.36874999999998, -32.024531216091546], [-53.36471048990883, -32.021400621202226], [-53.36028951009113, -32.020266045464375], [-53.354913330078105, -32.016099378797705], [-53.351956176757795, -32.017233954535556], [-53.34657999674477, -32.021400621202226], [-53.343622843424455, -32.020266045464375], [-53.33449656168618, -32.01213412814667], [-53.33244594997828, -32.020124816894494], [-53.32278951009113, -32.021400621202226], [-53.3188771565755, -32.024432712131045], [-53.31666666666665, -32.02499999999996], [-53.31424221462672, -32.024646674262115], [-53.31075778537324, -32.02118665907115], [-53.308333333333316, -32.0208333333333], [-53.305908881293384, -32.02118665907115], [-53.30208265516491, -32.02498609754771], [-53.294091118706575, -32.01701999240448], [-53.28507554796005, -32.01631334092878], [-53.28159111870658, -32.012853325737815], [-53.26424221462671, -32.01214667426212], [-53.26004621717663, -32.00798000759545], [-53.25590888129338, -32.008686659071145], [-53.25242445203991, -32.01214667426212], [-53.241666666666646, -32.01249999999997], [-53.23842637803817, -32.01342637803816], [-53.236341179741736, -32.02071940104163], [-53.231326802571594, -32.024382358127134], [-53.225926378038174, -32.02592637803816], [-53.2240283542209, -32.03256513807505], [-53.21329413519963, -32.03412746853295], [-53.21173180474173, -32.04486168755422], [-53.20509304470484, -32.04675971137149], [-53.20324028862845, -32.05324028862844], [-53.19783986409503, -32.05478430853946], [-53.19382680257159, -32.05771569146047], [-53.1895065307617, -32.05895097520613], [-53.18132680257159, -32.066049024793806], [-53.179166666666646, -32.066666666666634], [-53.17831573486326, -32.06335093180335], [-53.174999999999976, -32.062499999999964], [-53.16840888129338, -32.06214667426212], [-53.16492445203991, -32.05868665907115], [-53.147575547960045, -32.057980007595454], [-53.14409111870658, -32.05451999240448], [-53.12674221462672, -32.053813340928784], [-53.12325778537324, -32.05035332573781], [-53.12083333333331, -32.04999999999997], [-53.11751742892793, -32.04914906819658], [-53.116666666666646, -32.0458333333333], [-53.11601189507376, -32.03847300211585], [-53.1063771565755, -32.02973395453556], [-53.10085076226126, -32.02831573486325], [-53.09914923773869, -32.021684265136685], [-53.09583333333331, -32.020833333333314], [-53.09340888129338, -32.02118665907115], [-53.08921305338539, -32.02535332573781], [-53.07257554796005, -32.024646674262115], [-53.06874999999998, -32.02084791395396], [-53.06492445203991, -32.024646674262115], [-53.01840888129338, -32.02535332573781], [-53.01492445203991, -32.028813340928785], [-53.00833333333331, -32.02916666666663], [-53.007766045464386, -32.02695617675778], [-53.00473395453557, -32.023043823242155], [-53.00331590440536, -32.017517598470015], [-52.997789510091124, -32.016099378797705], [-52.98554382324217, -32.00473395453555], [-52.97695617675779, -32.00359937879771], [-52.973043823242165, -32.00056728786889], [-52.96751742892793, -31.99914906819658], [-52.96609937879772, -31.993622843424443], [-52.95890062120223, -31.985543823242153], [-52.95833333333331, -31.983333333333313], [-52.95590888129338, -31.983686659071147], [-52.95208333333331, -31.987485419379304], [-52.94791598849824, -31.983347235785555], [-52.939584011501715, -31.991652764214376], [-52.93575778537324, -31.987853325737813], [-52.926742214626714, -31.987146674262117], [-52.92325778537324, -31.983686659071147], [-52.92083333333331, -31.983333333333313], [-52.90590888129338, -31.98298000759545], [-52.90208333333331, -31.97918124728729], [-52.89754638671872, -31.983686659071147], [-52.88924221462671, -31.98298000759545], [-52.88504638671873, -31.978813340928784], [-52.88090888129338, -31.97951999240448], [-52.877424452039904, -31.98298000759545], [-52.87083333333331, -31.9833333333333], [-52.87026604546438, -31.98112284342446], [-52.8630672878689, -31.97304382324217], [-52.86193271213105, -31.960289510091126], [-52.85880194769963, -31.95624999999998], [-52.86276448567706, -31.951137288411438], [-52.85501742892793, -31.949149237738695], [-52.85359937879772, -31.94362284342446], [-52.846400621202235, -31.935543823242167], [-52.845129055447025, -31.92591959635415], [-52.83971048990883, -31.92140062120224], [-52.83528951009112, -31.92026604546439], [-52.8313771565755, -31.917233954535572], [-52.82695617675779, -31.916099378797725], [-52.823043823242166, -31.913067287868905], [-52.78945617675779, -31.91193271213106], [-52.784079996744765, -31.907766045464392], [-52.781122843424455, -31.908900621202235], [-52.77721048990883, -31.91193271213106], [-52.77083333333331, -31.91249999999998], [-52.760390218098934, -31.9131679958767], [-52.75627644856768, -31.915998670789897], [-52.72892659505206, -31.91745707194007], [-52.73327263726126, -31.923772684733038], [-52.727109781901014, -31.928498670789896], [-52.71872355143227, -31.929834662543367], [-52.71460978190102, -31.932665337456562], [-52.71039021809894, -31.934001329210034], [-52.70433519151473, -31.9381679958767], [-52.697890218098934, -31.93683200412323], [-52.691835191514734, -31.932665337456562], [-52.67163967556421, -31.934089491102394], [-52.670833333333306, -31.94166666666663], [-52.65091552734373, -31.942265150282083], [-52.6491044786241, -31.949322848849793], [-52.631377156575496, -31.966099378797708], [-52.62916666666664, -31.966666666666633]]]}}, {"type": "Feature", "properties": {"nome": "Alto Jaguar\u00e3o (BR)", "hybas_id": 6060873590, "area_km2": 5591.0, "pfaf": 641402, "cor": "#F28E2B"}, "geometry": {"type": "Polygon", "coordinates": [[[-52.95833333333331, -31.983333333333313], [-52.95890062120223, -31.985543823242153], [-52.96609937879772, -31.993622843424443], [-52.96751742892793, -31.99914906819658], [-52.973043823242165, -32.00056728786889], [-52.97695617675779, -32.00359937879771], [-52.98554382324217, -32.00473395453555], [-52.997789510091124, -32.016099378797705], [-53.00331590440536, -32.017517598470015], [-53.00473395453557, -32.023043823242155], [-53.007766045464386, -32.02695617675778], [-53.00833333333331, -32.02916666666663], [-53.01492445203991, -32.028813340928785], [-53.01840888129338, -32.02535332573781], [-53.06492445203991, -32.024646674262115], [-53.06874999999998, -32.02084791395396], [-53.07257554796005, -32.024646674262115], [-53.08921305338539, -32.02535332573781], [-53.09340888129338, -32.02118665907115], [-53.09583333333331, -32.020833333333314], [-53.09914923773869, -32.021684265136685], [-53.10085076226126, -32.02831573486325], [-53.1063771565755, -32.02973395453556], [-53.11601189507376, -32.03847300211585], [-53.116666666666646, -32.0458333333333], [-53.11751742892793, -32.04914906819658], [-53.12083333333331, -32.04999999999997], [-53.12325778537324, -32.05035332573781], [-53.12674221462672, -32.053813340928784], [-53.14409111870658, -32.05451999240448], [-53.147575547960045, -32.057980007595454], [-53.16492445203991, -32.05868665907115], [-53.16840888129338, -32.06214667426212], [-53.174999999999976, -32.062499999999964], [-53.17831573486326, -32.06335093180335], [-53.179166666666646, -32.066666666666634], [-53.18132680257159, -32.066049024793806], [-53.1895065307617, -32.05895097520613], [-53.19382680257159, -32.05771569146047], [-53.19783986409503, -32.05478430853946], [-53.20324028862845, -32.05324028862844], [-53.20509304470484, -32.04675971137149], [-53.21173180474173, -32.04486168755422], [-53.21329413519963, -32.03412746853295], [-53.2240283542209, -32.03256513807505], [-53.225926378038174, -32.02592637803816], [-53.231326802571594, -32.024382358127134], [-53.236341179741736, -32.02071940104163], [-53.23842637803817, -32.01342637803816], [-53.241666666666646, -32.01249999999997], [-53.25242445203991, -32.01214667426212], [-53.25590888129338, -32.008686659071145], [-53.26004621717663, -32.00798000759545], [-53.26424221462671, -32.01214667426212], [-53.28159111870658, -32.012853325737815], [-53.28507554796005, -32.01631334092878], [-53.294091118706575, -32.01701999240448], [-53.30208265516491, -32.02498609754771], [-53.305908881293384, -32.02118665907115], [-53.308333333333316, -32.0208333333333], [-53.31075778537324, -32.02118665907115], [-53.31424221462672, -32.024646674262115], [-53.31666666666665, -32.02499999999996], [-53.3188771565755, -32.024432712131045], [-53.32278951009113, -32.021400621202226], [-53.33244594997828, -32.020124816894494], [-53.33449656168618, -32.01213412814667], [-53.343622843424455, -32.020266045464375], [-53.34657999674477, -32.021400621202226], [-53.351956176757795, -32.017233954535556], [-53.354913330078105, -32.016099378797705], [-53.36028951009113, -32.020266045464375], [-53.36471048990883, -32.021400621202226], [-53.36874999999998, -32.024531216091546], [-53.372789510091124, -32.021400621202226], [-53.37574666341144, -32.020266045464375], [-53.38112284342446, -32.024432712131045], [-53.385543823242166, -32.02556728786889], [-53.38945617675779, -32.02859937879771], [-53.391666666666644, -32.02916666666663], [-53.3938771565755, -32.02859937879771], [-53.399032253689214, -32.02460411919484], [-53.4005672878689, -32.018622843424446], [-53.40359937879772, -32.01471048990882], [-53.40501759847003, -32.00918426513668], [-53.410543823242165, -32.00776604546437], [-53.41862284342446, -32.00056728786889], [-53.42304382324217, -31.999432712131043], [-53.42695617675779, -31.996400621202223], [-53.43554382324217, -31.995266045464376], [-53.44101070827906, -31.990706888834602], [-53.44166666666665, -31.983333333333313], [-53.4420199924045, -31.976742214626718], [-53.445480007595464, -31.973257785373246], [-53.44583333333331, -31.970833333333314], [-53.445480007595464, -31.964242214626715], [-53.4420199924045, -31.960757785373247], [-53.44166666666665, -31.958333333333314], [-53.43431142171222, -31.957678900824632], [-53.42140062120224, -31.943877156575503], [-53.41998240152993, -31.938350762261265], [-53.414456176757795, -31.936932712131057], [-53.410543823242165, -31.933900621202238], [-53.40833333333332, -31.933333333333316], [-53.40772823757594, -31.931160481770814], [-53.404771762424026, -31.92717285156248], [-53.40356157090927, -31.924459499782966], [-53.40772823757594, -31.91883951822915], [-53.40893842909069, -31.914493815104148], [-53.41606157090927, -31.906339518229146], [-53.41743994818791, -31.896643744574632], [-53.42585211859807, -31.895228407118037], [-53.43949398464625, -31.907728407118036], [-53.44800601535371, -31.90893825954859], [-53.45616065131291, -31.91606174045137], [-53.47588857014972, -31.917271592881924], [-53.49576093885632, -31.898545667860223], [-53.492271762424025, -31.893839518229147], [-53.491666666666646, -31.883333333333315], [-53.514924452039914, -31.882980007595467], [-53.51840888129338, -31.879519992404493], [-53.53159111870658, -31.8788133409288], [-53.53714192708331, -31.873290337456577], [-53.53749999999998, -31.870833333333312], [-53.538067287868905, -31.847789510091125], [-53.541099378797725, -31.843877156575502], [-53.542233954535575, -31.839456176757793], [-53.55092926025389, -31.829869588216127], [-53.56161261664495, -31.828458319769943], [-53.563067287868904, -31.822789510091127], [-53.5714162190755, -31.813419596354144], [-53.577210489908836, -31.811932712131057], [-53.58112284342446, -31.808900621202238], [-53.59583333333332, -31.808333333333312], [-53.5966842651367, -31.805017428927933], [-53.59999999999998, -31.804166666666646], [-53.600567287868905, -31.797789510091125], [-53.603599378797725, -31.7938771565755], [-53.604733954535575, -31.776956176757793], [-53.607766045464395, -31.773043823242165], [-53.60890062120224, -31.75954827202689], [-53.600708516438786, -31.757445949978276], [-53.59943271213106, -31.747789510091124], [-53.596400621202235, -31.7438771565755], [-53.59526604546439, -31.73945617675779], [-53.59223395453557, -31.735543823242168], [-53.59166666666665, -31.733333333333313], [-53.57257554796005, -31.732980007595465], [-53.56492445203991, -31.725353325737828], [-53.558333333333316, -31.72499999999998], [-53.558333333333316, -31.720833333333314], [-53.55798000759547, -31.714242214626715], [-53.554519992404494, -31.710757785373243], [-53.5538133409288, -31.69411892361109], [-53.56004316541882, -31.687858072916647], [-53.56249999999998, -31.68749999999998], [-53.56249999999998, -31.683333333333312], [-53.555066257052935, -31.682672119140605], [-53.55331573486326, -31.675850762261263], [-53.546229214138435, -31.674032253689216], [-53.542233954535575, -31.668877156575498], [-53.54069892035589, -31.6628960503472], [-53.53554382324217, -31.658900621202235], [-53.525919426812045, -31.65762905544703], [-53.52140062120224, -31.652210489908832], [-53.52026604546439, -31.647789510091123], [-53.51723395453557, -31.6438771565755], [-53.51581573486326, -31.63835076226126], [-53.51249999999998, -31.637499999999978], [-53.50833333333331, -31.637499999999978], [-53.507980007595464, -31.63090888129338], [-53.5045199924045, -31.627424452039907], [-53.5038133409288, -31.623286946614563], [-53.507980007595464, -31.619091118706574], [-53.50868665907116, -31.614242214626714], [-53.512146674262134, -31.61075778537324], [-53.51285332573783, -31.60590888129338], [-53.52082010904946, -31.597916666666645], [-53.51285332573783, -31.58992445203991], [-53.512146674262134, -31.58507554796005], [-53.5045199924045, -31.577424452039907], [-53.5038133409288, -31.572575547960046], [-53.50001458062064, -31.568749999999977], [-53.5038133409288, -31.564924452039907], [-53.50416666666665, -31.558333333333312], [-53.50174221462672, -31.557980007595464], [-53.49825778537325, -31.55451999240449], [-53.493408881293384, -31.553813340928798], [-53.487858072916644, -31.548290337456574], [-53.48749999999998, -31.54583333333331], [-53.48507554796005, -31.546186659071157], [-53.47742445203991, -31.553813340928798], [-53.47499999999998, -31.554166666666646], [-53.47257554796005, -31.553813340928798], [-53.467024739583316, -31.548290337456574], [-53.46666666666665, -31.54583333333331], [-53.44362284342446, -31.545266045464388], [-53.434270562065954, -31.536932712131055], [-53.42173021104599, -31.53817206488713], [-53.42083333333331, -31.541666666666643], [-53.420475260416644, -31.544123670789908], [-53.41492445203991, -31.54964667426213], [-53.40833333333332, -31.549999999999976], [-53.40612284342446, -31.549432712131054], [-53.39804382324217, -31.54223395453557], [-53.392517598470036, -31.54081590440536], [-53.39074690077038, -31.533916219075497], [-53.3813771565755, -31.525567287868903], [-53.3753958808051, -31.524032253689214], [-53.371400621202234, -31.5188771565755], [-53.37026604546439, -31.510289510091123], [-53.3630672878689, -31.502210489908833], [-53.36164906819659, -31.496684095594595], [-53.35487518310545, -31.494945949978277], [-53.353599378797725, -31.48528951009112], [-53.33795895046656, -31.46876254611543], [-53.34223395453557, -31.463246663411436], [-53.340659925672725, -31.459144422743034], [-53.33372921413844, -31.457365587022547], [-53.32973395453557, -31.45221048990883], [-53.32825503879121, -31.446447414822025], [-53.300911627875415, -31.445219251844595], [-53.29943271213106, -31.43945617675779], [-53.29640062120224, -31.435543823242163], [-53.29486558702255, -31.429562717013866], [-53.28958333333331, -31.425468614366295], [-53.285543823242165, -31.42859937879772], [-53.27916666666665, -31.429166666666642], [-53.27564442952472, -31.42826266818574], [-53.27443271213106, -31.411753336588518], [-53.27859937879772, -31.4063771565755], [-53.27916666666665, -31.39583333333331], [-53.27916666666665, -31.391666666666644], [-53.272575547960045, -31.391313340928797], [-53.26837955050996, -31.38714667426213], [-53.26424221462671, -31.387853325737822], [-53.26041666666664, -31.391652086045983], [-53.256591118706574, -31.387853325737822], [-53.25174221462672, -31.38714667426213], [-53.24754621717663, -31.382980007595464], [-53.23921186659069, -31.38368937174477], [-53.23368665907116, -31.389242214626712], [-53.23333333333331, -31.391666666666644], [-53.22595977783201, -31.391010877821156], [-53.22026604546439, -31.384183417426193], [-53.221400621202235, -31.381122843424457], [-53.22526465521916, -31.376137288411435], [-53.22083333333331, -31.374999999999975], [-53.22083333333331, -31.37083333333331], [-53.21666666666665, -31.37083333333331], [-53.21666666666665, -31.374999999999975], [-53.208333333333314, -31.374999999999975], [-53.1895065307617, -31.374382527669248], [-53.18549346923826, -31.37145080566404], [-53.171635945638, -31.3700981987847], [-53.16997188991968, -31.358664279513864], [-53.164660135904924, -31.35478413899737], [-53.15617302788626, -31.353549194335912], [-53.152160305447026, -31.350617472330704], [-53.14999999999998, -31.349999999999977], [-53.147575547960045, -31.350353325737824], [-53.13992445203991, -31.35798000759546], [-53.13507554796005, -31.358686659071157], [-53.12742445203991, -31.366313340928794], [-53.12257554796005, -31.36701999240449], [-53.11909111870658, -31.37048000759546], [-53.116666666666646, -31.37083333333331], [-53.11335076226126, -31.371684095594595], [-53.112499999999976, -31.374999999999975], [-53.110365125868036, -31.374357096354142], [-53.10630154079859, -31.37147623697914], [-53.1020317925347, -31.370190429687476], [-53.09796820746526, -31.367309570312475], [-53.09369845920136, -31.36602376302081], [-53.08130154079859, -31.354809570312476], [-53.072865125868034, -31.35352376302081], [-53.064634874131926, -31.346476236979143], [-53.042443169487825, -31.34511345757376], [-53.04166666666664, -31.337499999999977], [-53.03090888129338, -31.33714667426213], [-53.02671305338539, -31.332980007595463], [-53.01838107638886, -31.333689032660565], [-53.00451999240449, -31.347575547960044], [-53.00416666666664, -31.349999999999977], [-53.0020317925347, -31.349357096354144], [-52.997968207465256, -31.346476236979143], [-52.98410474989147, -31.34506191677515], [-52.98333333333331, -31.337499999999977], [-52.98112284342446, -31.336932712131052], [-52.975967746310744, -31.332937282986087], [-52.97414923773869, -31.32585076226126], [-52.968622843424455, -31.324432712131053], [-52.96471048990883, -31.321400621202233], [-52.96156277126734, -31.320266045464386], [-52.95221048990883, -31.32859937879772], [-52.94778951009112, -31.329733954535566], [-52.943877156575496, -31.332766045464385], [-52.93675333658852, -31.333900621202233], [-52.9313771565755, -31.329733954535566], [-52.92425333658852, -31.32859937879772], [-52.9188771565755, -31.332766045464385], [-52.910289510091125, -31.333900621202233], [-52.906377156575495, -31.336932712131052], [-52.903420003255185, -31.3380672878689], [-52.89804382324216, -31.333900621202233], [-52.88112284342446, -31.332766045464385], [-52.87596774631074, -31.32877061631942], [-52.87499999999998, -31.324999999999974], [-52.868622843424454, -31.3255672878689], [-52.86471048990883, -31.32859937879772], [-52.85505405002168, -31.329875013563345], [-52.85327928331161, -31.336791653103276], [-52.843622843424455, -31.3380672878689], [-52.83971048990883, -31.34109937879772], [-52.83008626302081, -31.342370944552925], [-52.8255672878689, -31.347789510091122], [-52.82408040364581, -31.353583780924456], [-52.81459214952255, -31.362038167317685], [-52.809470621744765, -31.358068847656227], [-52.80833333333331, -31.362499999999976], [-52.804166666666646, -31.362499999999976], [-52.799999999999976, -31.362499999999976], [-52.79668409559459, -31.361649237738693], [-52.79486558702254, -31.354562717013863], [-52.78971048990883, -31.3505672878689], [-52.78333333333331, -31.349999999999977], [-52.78090888129338, -31.350353325737824], [-52.77325778537324, -31.35798000759546], [-52.75590888129338, -31.358686659071157], [-52.752424452039904, -31.362146674262128], [-52.74340888129338, -31.362853325737824], [-52.73921305338539, -31.36701999240449], [-52.73090888129338, -31.366313340928794], [-52.727067396375844, -31.36249864366317], [-52.72118665907116, -31.36840888129338], [-52.720475599500844, -31.373288302951366], [-52.71075778537324, -31.382980007595464], [-52.69757554796004, -31.383686659071156], [-52.69374999999997, -31.387485419379317], [-52.689924452039904, -31.383686659071156], [-52.68749999999997, -31.38333333333331], [-52.67916666666664, -31.38333333333331], [-52.676709662543374, -31.383691406249977], [-52.671186659071154, -31.389242214626712], [-52.670833333333306, -31.399999999999977], [-52.671186659071154, -31.410757785373242], [-52.67881334092879, -31.41840888129338], [-52.67951999240449, -31.427424452039908], [-52.687146674262124, -31.435075547960047], [-52.68749999999997, -31.437499999999975], [-52.68653225368921, -31.44127061631942], [-52.68137715657549, -31.445266045464386], [-52.67585076226126, -31.446684095594595], [-52.67443271213105, -31.45221048990883], [-52.67140062120223, -31.456122843424456], [-52.670833333333306, -31.462499999999977], [-52.67304382324216, -31.4630672878689], [-52.681122843424454, -31.470266045464385], [-52.690779283311606, -31.47154168023001], [-52.69223395453557, -31.47721048990883], [-52.695266045464386, -31.481122843424455], [-52.69640062120223, -31.485543823242164], [-52.70359937879772, -31.493622843424458], [-52.70473395453556, -31.510543823242166], [-52.70776604546438, -31.51445617675779], [-52.70833333333331, -31.524999999999977], [-52.69778951009112, -31.524432712131052], [-52.6924133300781, -31.52026604546439], [-52.68421291775171, -31.521572197808137], [-52.68333333333331, -31.524999999999977], [-52.68276604546438, -31.543877156575498], [-52.67140062120223, -31.556122843424458], [-52.669982571072026, -31.561649237738692], [-52.66445617675779, -31.5630672878689], [-52.660543823242165, -31.56609937879772], [-52.653599378797715, -31.56788160536022], [-52.654733954535565, -31.573043823242166], [-52.65786471896699, -31.577083333333313], [-52.654733954535565, -31.581122843424456], [-52.653279283311605, -31.586791653103276], [-52.64362284342445, -31.588067287868903], [-52.639583333333306, -31.591198052300324], [-52.63407999674477, -31.586932712131055], [-52.63112284342445, -31.588067287868903], [-52.627210489908826, -31.591099378797722], [-52.617554050021674, -31.592375013563345], [-52.615698920355875, -31.599603949652757], [-52.61054382324216, -31.60359937879772], [-52.60091959635414, -31.60487094455293], [-52.59640062120223, -31.610289510091125], [-52.594945949978275, -31.615958319769945], [-52.58422071668834, -31.617375013563347], [-52.58333333333331, -31.620833333333312], [-52.58423292371959, -31.624338785807268], [-52.59904005262584, -31.625655788845464], [-52.60359937879772, -31.631122843424457], [-52.604875013563344, -31.64077928331161], [-52.611917114257785, -31.64258626302081], [-52.62026604546438, -31.651956176757793], [-52.621400621202234, -31.660543823242165], [-52.632766045464386, -31.672789510091125], [-52.633333333333304, -31.679166666666646], [-52.63992445203991, -31.679519992404494], [-52.643408881293375, -31.682980007595464], [-52.64583333333331, -31.683333333333312], [-52.646186659071155, -31.698257785373244], [-52.650353325737825, -31.70245361328123], [-52.64964667426213, -31.706591118706577], [-52.642019992404485, -31.714242214626715], [-52.64166666666664, -31.733333333333313], [-52.64109937879772, -31.7438771565755], [-52.6380672878689, -31.747789510091124], [-52.63664923773869, -31.753315904405362], [-52.628599378797716, -31.75538160536022], [-52.62973395453557, -31.760543823242166], [-52.632766045464386, -31.764456176757793], [-52.633333333333304, -31.766666666666644], [-52.63418409559459, -31.769982571072028], [-52.641005452473934, -31.771732923719597], [-52.64223395453556, -31.78554382324217], [-52.64526604546438, -31.789456176757792], [-52.64680107964407, -31.79543728298609], [-52.651956176757785, -31.799432712131058], [-52.65748257107202, -31.800850762261263], [-52.65890062120223, -31.8063771565755], [-52.66609937879772, -31.814456176757794], [-52.66723395453556, -31.8188771565755], [-52.67109781901039, -31.82386271158852], [-52.6628960503472, -31.825967746310745], [-52.657766045464385, -31.832586669921856], [-52.65890062120223, -31.839710489908835], [-52.66193271213105, -31.84362284342446], [-52.66249999999997, -31.84999999999998], [-52.661649237738686, -31.853315734863244], [-52.65456271701386, -31.855134412977396], [-52.650567287868896, -31.86028951009111], [-52.649032253689214, -31.86627078586151], [-52.64387715657549, -31.870266045464373], [-52.63945617675779, -31.87140062120222], [-52.631377156575496, -31.87859937879771], [-52.62278951009112, -31.879733954535553], [-52.61887715657549, -31.882766045464376], [-52.61028951009112, -31.883900621202223], [-52.6063771565755, -31.886932712131042], [-52.60195617675779, -31.88806728786889], [-52.598043823242165, -31.89109937879771], [-52.593622843424455, -31.892233954535556], [-52.58554382324216, -31.89943271213104], [-52.57278951009112, -31.90056728786889], [-52.568877156575496, -31.903599378797708], [-52.56445617675779, -31.904733954535555], [-52.56054382324216, -31.907766045464374], [-52.556122843424454, -31.90890062120222], [-52.53971048990883, -31.92443271213104], [-52.526956176757785, -31.925567287868887], [-52.52304382324216, -31.928599378797706], [-52.500909084743896, -31.929790242512986], [-52.49914923773869, -31.93664906819658], [-52.49109937879771, -31.93871493869354], [-52.492233954535564, -31.943877156575486], [-52.5005672878689, -31.95322943793399], [-52.49937710232202, -31.97401258680552], [-52.49251675075952, -31.979733954535554], [-52.47695617675779, -31.978599378797707], [-52.47304382324216, -31.975567287868888], [-52.468622843424455, -31.97443271213104], [-52.464710489908825, -31.97140062120222], [-52.460289510091116, -31.970266045464374], [-52.45637715657549, -31.967233954535555], [-52.449999999999974, -31.966666666666647], [-52.44964667426213, -31.96909111870656], [-52.44618665907115, -31.972575547960034], [-52.445478651258654, -31.985784233940937], [-52.42325778537324, -32.00798000759545], [-52.420833333333306, -32.00833333333331], [-52.420833333333306, -32.01249999999997], [-52.420833333333306, -32.0208333333333], [-52.42325778537324, -32.02118665907115], [-52.42674221462671, -32.024646674262115], [-52.45587972005205, -32.02535332573781], [-52.460075547960045, -32.02118665907115], [-52.46909111870657, -32.02048000759545], [-52.47257554796004, -32.01701999240448], [-52.493379720052054, -32.01631334092878], [-52.49757554796004, -32.02048000759545], [-52.51666666666664, -32.0208333333333], [-52.52716030544702, -32.02021569146047], [-52.53117302788626, -32.01728430853946], [-52.54484693739147, -32.01594950358069], [-52.546805148654485, -32.00910152859154], [-52.55632697211369, -32.00771569146047], [-52.56033969455292, -32.00478430853946], [-52.56574028862845, -32.00324028862844], [-52.56728413899737, -31.997839864095017], [-52.57021586100258, -31.99382680257158], [-52.57156846788192, -31.979969278971318], [-52.581326972113686, -31.9785490247938], [-52.58533969455293, -31.975617641872795], [-52.594861518012124, -31.97423180474172], [-52.59682956271699, -31.967348904079827], [-52.61713595920136, -31.9660490247938], [-52.62283969455292, -31.970215691460467], [-52.62499999999997, -31.9708333333333], [-52.62585076226126, -31.967517598470018], [-52.62916666666664, -31.966666666666633], [-52.631377156575496, -31.966099378797708], [-52.6491044786241, -31.949322848849793], [-52.65091552734373, -31.942265150282083], [-52.670833333333306, -31.94166666666663], [-52.67163967556421, -31.934089491102394], [-52.691835191514734, -31.932665337456562], [-52.697890218098934, -31.93683200412323], [-52.70433519151473, -31.9381679958767], [-52.71039021809894, -31.934001329210034], [-52.71460978190102, -31.932665337456562], [-52.71872355143227, -31.929834662543367], [-52.727109781901014, -31.928498670789896], [-52.73327263726126, -31.923772684733038], [-52.72892659505206, -31.91745707194007], [-52.75627644856768, -31.915998670789897], [-52.760390218098934, -31.9131679958767], [-52.77083333333331, -31.91249999999998], [-52.77721048990883, -31.91193271213106], [-52.781122843424455, -31.908900621202235], [-52.784079996744765, -31.907766045464392], [-52.78945617675779, -31.91193271213106], [-52.823043823242166, -31.913067287868905], [-52.82695617675779, -31.916099378797725], [-52.8313771565755, -31.917233954535572], [-52.83528951009112, -31.92026604546439], [-52.83971048990883, -31.92140062120224], [-52.845129055447025, -31.92591959635415], [-52.846400621202235, -31.935543823242167], [-52.85359937879772, -31.94362284342446], [-52.85501742892793, -31.949149237738695], [-52.86276448567706, -31.951137288411438], [-52.85880194769963, -31.95624999999998], [-52.86193271213105, -31.960289510091126], [-52.8630672878689, -31.97304382324217], [-52.87026604546438, -31.98112284342446], [-52.87083333333331, -31.9833333333333], [-52.877424452039904, -31.98298000759545], [-52.88090888129338, -31.97951999240448], [-52.88504638671873, -31.978813340928784], [-52.88924221462671, -31.98298000759545], [-52.89754638671872, -31.983686659071147], [-52.90208333333331, -31.97918124728729], [-52.90590888129338, -31.98298000759545], [-52.92083333333331, -31.983333333333313], [-52.92325778537324, -31.983686659071147], [-52.926742214626714, -31.987146674262117], [-52.93575778537324, -31.987853325737813], [-52.939584011501715, -31.991652764214376], [-52.94791598849824, -31.983347235785555], [-52.95208333333331, -31.987485419379304], [-52.95590888129338, -31.983686659071147], [-52.95833333333331, -31.983333333333313]]]}}, {"type": "Feature", "properties": {"nome": "Baixo Jaguar\u00e3o (BR)", "hybas_id": 6060880980, "area_km2": 7541.0, "pfaf": 641404, "cor": "#76B7B2"}, "geometry": {"type": "Polygon", "coordinates": [[[-53.59166666666665, -31.733333333333313], [-53.59223395453557, -31.735543823242168], [-53.59526604546439, -31.73945617675779], [-53.596400621202235, -31.7438771565755], [-53.59943271213106, -31.747789510091124], [-53.600708516438786, -31.757445949978276], [-53.60890062120224, -31.75954827202689], [-53.607766045464395, -31.773043823242165], [-53.604733954535575, -31.776956176757793], [-53.603599378797725, -31.7938771565755], [-53.600567287868905, -31.797789510091125], [-53.59999999999998, -31.804166666666646], [-53.5966842651367, -31.805017428927933], [-53.59583333333332, -31.808333333333312], [-53.58112284342446, -31.808900621202238], [-53.577210489908836, -31.811932712131057], [-53.5714162190755, -31.813419596354144], [-53.563067287868904, -31.822789510091127], [-53.56161261664495, -31.828458319769943], [-53.55092926025389, -31.829869588216127], [-53.542233954535575, -31.839456176757793], [-53.541099378797725, -31.843877156575502], [-53.538067287868905, -31.847789510091125], [-53.53749999999998, -31.870833333333312], [-53.53714192708331, -31.873290337456577], [-53.53159111870658, -31.8788133409288], [-53.51840888129338, -31.879519992404493], [-53.514924452039914, -31.882980007595467], [-53.491666666666646, -31.883333333333315], [-53.492271762424025, -31.893839518229147], [-53.49576093885632, -31.898545667860223], [-53.47588857014972, -31.917271592881924], [-53.45616065131291, -31.91606174045137], [-53.44800601535371, -31.90893825954859], [-53.43949398464625, -31.907728407118036], [-53.42585211859807, -31.895228407118037], [-53.41743994818791, -31.896643744574632], [-53.41606157090927, -31.906339518229146], [-53.40893842909069, -31.914493815104148], [-53.40772823757594, -31.91883951822915], [-53.40356157090927, -31.924459499782966], [-53.404771762424026, -31.92717285156248], [-53.40772823757594, -31.931160481770814], [-53.40833333333332, -31.933333333333316], [-53.410543823242165, -31.933900621202238], [-53.414456176757795, -31.936932712131057], [-53.41998240152993, -31.938350762261265], [-53.42140062120224, -31.943877156575503], [-53.43431142171222, -31.957678900824632], [-53.44166666666665, -31.958333333333314], [-53.4420199924045, -31.960757785373247], [-53.445480007595464, -31.964242214626715], [-53.44583333333331, -31.970833333333314], [-53.445480007595464, -31.973257785373246], [-53.4420199924045, -31.976742214626718], [-53.44166666666665, -31.983333333333313], [-53.4438771565755, -31.98390062120222], [-53.44778951009113, -31.98693271213104], [-53.45744594997828, -31.988208516438768], [-53.45890062120224, -31.993877156575486], [-53.46609937879772, -32.00195617675778], [-53.46666666666665, -32.004166666666634], [-53.46581573486326, -32.00748240152991], [-53.46249999999998, -32.0083333333333], [-53.46193271213106, -32.01054382324215], [-53.45776604546439, -32.015920003255175], [-53.459069993760835, -32.02410753038191], [-53.46445617675779, -32.02859937879771], [-53.469982401529926, -32.03001759847002], [-53.471400621202235, -32.03554382324215], [-53.474432712131055, -32.03945617675778], [-53.475567287868905, -32.052210489908816], [-53.478599378797725, -32.05612284342445], [-53.479827880859354, -32.069933742947015], [-53.48333333333331, -32.0708333333333], [-53.48248240152993, -32.07414906819658], [-53.475850931803365, -32.07585093180335], [-53.474432712131055, -32.081377156575485], [-53.471400621202235, -32.08528951009111], [-53.47083333333332, -32.08749999999996], [-53.467383829752585, -32.0884862263997], [-53.465931532118034, -32.10336405436195], [-53.45617319742836, -32.104784308539465], [-53.44799346923826, -32.11188235812713], [-53.44367319742837, -32.1131176418728], [-53.43966013590493, -32.1160490247938], [-53.431173197428365, -32.11728430853946], [-53.42716013590493, -32.12021569146047], [-53.42119361029729, -32.12192162407766], [-53.40771569146048, -32.136693657769065], [-53.408950975206146, -32.13966013590491], [-53.41188235812715, -32.14367319742835], [-53.41249999999998, -32.15416666666663], [-53.41159430609807, -32.15769568549259], [-53.39264577229816, -32.15896606445309], [-53.38806728786891, -32.16445617675778], [-53.3866490681966, -32.169982401529914], [-53.38333333333331, -32.1708333333333], [-53.38090888129338, -32.17118665907115], [-53.37742445203991, -32.17464667426212], [-53.37499999999998, -32.17499999999997], [-53.368408881293384, -32.17535332573782], [-53.36492445203991, -32.178813340928784], [-53.36249999999998, -32.17916666666663], [-53.36028951009113, -32.17973395453556], [-53.3563771565755, -32.182766045464376], [-53.351956176757795, -32.18390062120223], [-53.3438771565755, -32.19109937879771], [-53.33820851643878, -32.19255405002167], [-53.33693271213106, -32.20221048990882], [-53.32973395453557, -32.210289510091116], [-53.32819892035588, -32.21627078586151], [-53.321579996744774, -32.22140062120222], [-53.310289510091124, -32.22026604546438], [-53.30624999999998, -32.21713545057506], [-53.30221048990883, -32.22026604546438], [-53.29999999999998, -32.2208333333333], [-53.299646674262135, -32.22325778537323], [-53.28714667426213, -32.235783555772535], [-53.28785332573783, -32.2399244520399], [-53.29165293375649, -32.24375084771047], [-53.279519992404495, -32.25590888129337], [-53.27916666666665, -32.2583333333333], [-53.28013441297741, -32.262104119194845], [-53.285289510091125, -32.26609937879771], [-53.29127078586153, -32.2676344129774], [-53.29536454942489, -32.27291666666663], [-53.291099378797725, -32.27842000325518], [-53.29223395453557, -32.28971048990882], [-53.29526604546439, -32.293622843424444], [-53.29640062120224, -32.310543823242156], [-53.29943271213106, -32.31445617675778], [-53.30085093180337, -32.31998240152991], [-53.307482401529924, -32.32168426513669], [-53.308333333333316, -32.32499999999997], [-53.30798000759547, -32.3274244520399], [-53.29618665907116, -32.3392422146267], [-53.295480007595465, -32.344091118706565], [-53.29201999240449, -32.347575547960034], [-53.29166666666664, -32.354166666666636], [-53.298257785373245, -32.354519992404484], [-53.301742214626714, -32.35798000759545], [-53.30659111870658, -32.35868665907115], [-53.31007554796005, -32.36214667426212], [-53.31492445203991, -32.36285332573782], [-53.32674221462672, -32.374646674262124], [-53.33159111870658, -32.37535332573781], [-53.339242214626715, -32.38298000759546], [-53.34166666666665, -32.383333333333304], [-53.3438771565755, -32.38276604546438], [-53.34864535861543, -32.37907070583764], [-53.350567287868905, -32.38407999674476], [-53.346400621202235, -32.38945617675778], [-53.34526604546439, -32.39387715657549], [-53.34223395453557, -32.397789510091116], [-53.34109937879772, -32.41324666341143], [-53.34526604546439, -32.418622843424444], [-53.346400621202235, -32.42157999674476], [-53.34223395453557, -32.426956176757784], [-53.34109937879772, -32.44657999674476], [-53.34622921413843, -32.453198920355874], [-53.353543090820295, -32.45507592095266], [-53.35416666666664, -32.46666666666663], [-53.3538133409288, -32.469091118706565], [-53.33368665907116, -32.48924221462671], [-53.33298000759547, -32.494091118706564], [-53.3288133409288, -32.498287116156654], [-53.32951999240449, -32.5024244520399], [-53.337853325737825, -32.51078440348304], [-53.33714667426213, -32.5149244520399], [-53.33368665907116, -32.518408881293375], [-53.333333333333314, -32.52499999999997], [-53.33297848171656, -32.531620449489985], [-53.32742445203991, -32.537146674262125], [-53.305908881293384, -32.537853325737814], [-53.30242445203991, -32.54131334092879], [-53.29166666666664, -32.541666666666636], [-53.29166666666664, -32.545833333333306], [-53.28920983208548, -32.54619140624997], [-53.28368665907116, -32.55174221462671], [-53.28297526041665, -32.5566235012478], [-53.27708367241751, -32.56248575846351], [-53.272916666666646, -32.558347913953966], [-53.26837955050996, -32.56285332573782], [-53.23507554796005, -32.562146674262124], [-53.23087955050996, -32.557980007595454], [-53.210075547960045, -32.55868665907115], [-53.20659111870658, -32.562146674262124], [-53.201709832085484, -32.56285807291663], [-53.19618665907116, -32.56840888129337], [-53.19583333333331, -32.570833333333304], [-53.19486558702255, -32.574604119194845], [-53.18971048990883, -32.57859937879771], [-53.175899590386265, -32.57982788085935], [-53.174999999999976, -32.5833333333333], [-53.168381245930966, -32.583688184950056], [-53.15868665907116, -32.59340888129337], [-53.15797780354816, -32.60245276557072], [-53.14825778537324, -32.61214667426212], [-53.14340888129338, -32.61285332573782], [-53.13992445203991, -32.61631334092879], [-53.13507554796005, -32.61701999240449], [-53.131591118706574, -32.620480007595454], [-53.118408881293384, -32.62118665907115], [-53.11492445203991, -32.624646674262124], [-53.11007554796005, -32.62535332573782], [-53.10242445203991, -32.63298000759546], [-53.09757554796005, -32.63368665907115], [-53.08575778537324, -32.64548000759546], [-52.991666666666646, -32.6458333333333], [-52.991666666666646, -32.64999999999997], [-52.991666666666646, -32.65416666666664], [-52.99583333333331, -32.65416666666664], [-52.99825778537324, -32.65451999240449], [-53.00174221462672, -32.657980007595455], [-53.006591118706574, -32.65868665907115], [-53.01007554796005, -32.662146674262125], [-53.01909111870658, -32.66285332573782], [-53.022575547960045, -32.66631334092879], [-53.02742445203991, -32.667019992404484], [-53.03090888129338, -32.67048000759546], [-53.03575778537324, -32.671186659071154], [-53.03924221462671, -32.67464667426212], [-53.04825778537324, -32.67535332573782], [-53.051742214626714, -32.67881334092879], [-53.05659111870658, -32.67951999240449], [-53.06007554796005, -32.682980007595454], [-53.06492445203991, -32.68368665907115], [-53.06840888129338, -32.687146674262124], [-53.07742445203991, -32.68785332573782], [-53.08090888129338, -32.69131334092879], [-53.08575778537324, -32.69201999240448], [-53.089242214626715, -32.69548000759546], [-53.17742445203991, -32.69618665907115], [-53.180908881293384, -32.69964667426213], [-53.194091118706574, -32.700353325737815], [-53.19757554796005, -32.70381334092879], [-53.201715596516905, -32.704519992404485], [-53.210075547960045, -32.69618665907115], [-53.231591118706575, -32.69548000759546], [-53.239242214626714, -32.68785332573782], [-53.241666666666646, -32.68749999999997], [-53.242881605360225, -32.69223395453556], [-53.24943271213105, -32.685543823242156], [-53.25096774631074, -32.67956254747176], [-53.25624999999998, -32.67546878390839], [-53.26028951009113, -32.67859937879771], [-53.264710489908836, -32.679733954535564], [-53.26862284342446, -32.68276604546438], [-53.27721048990883, -32.68390062120223], [-53.281122843424455, -32.686932712131046], [-53.28333333333331, -32.68749999999997], [-53.28575778537324, -32.687146674262124], [-53.29340888129338, -32.67951999240449], [-53.298257785373245, -32.67881334092879], [-53.30380859374998, -32.673290167914466], [-53.304519992404494, -32.668408881293374], [-53.30798000759547, -32.6649244520399], [-53.308333333333316, -32.6583333333333], [-53.309250386555966, -32.654759555392765], [-53.333333333333314, -32.65416666666664], [-53.33554382324217, -32.653599378797715], [-53.33945617675779, -32.650567287868896], [-53.348043823242165, -32.649432712131045], [-53.35319892035588, -32.645437452528185], [-53.35505405002168, -32.63820851643877], [-53.36471048990883, -32.63693271213105], [-53.36862284342446, -32.63390062120223], [-53.389710489908836, -32.63276604546438], [-53.39486558702255, -32.62877078586151], [-53.3966842651367, -32.621684265136686], [-53.40331573486326, -32.61998240152992], [-53.40416666666665, -32.61666666666664], [-53.4063771565755, -32.617233954535564], [-53.410289510091125, -32.620266045464376], [-53.41348809136283, -32.62140062120223], [-53.42695617675779, -32.608900621202224], [-53.43971048990883, -32.60776604546438], [-53.45346425374347, -32.59490017361108], [-53.45473395453557, -32.585289510091116], [-53.46342926025389, -32.57570292154945], [-53.474112616644945, -32.57429148356117], [-53.475850931803365, -32.56751759847002], [-53.481377156575505, -32.566099378797716], [-53.48748677571613, -32.561004299587644], [-53.48313191731769, -32.55538533528643], [-53.48417900933158, -32.55071394178599], [-53.4938771565755, -32.54943271213104], [-53.497789510091124, -32.546400621202224], [-53.510543823242166, -32.54526604546438], [-53.51569892035588, -32.541270785861514], [-53.51666666666665, -32.537499999999966], [-53.5563771565755, -32.53693271213105], [-53.560289510091124, -32.53390062120223], [-53.56471048990883, -32.53276604546438], [-53.56875881618922, -32.52962849934893], [-53.5769561767578, -32.53693271213105], [-53.58971048990884, -32.53806728786889], [-53.60326317681205, -32.55064578586151], [-53.605017598470035, -32.55748240152992], [-53.60833333333331, -32.5583333333333], [-53.61249999999998, -32.5583333333333], [-53.62742445203991, -32.557980007595454], [-53.63090888129339, -32.55451999240449], [-53.635757785373244, -32.55381334092879], [-53.64340888129338, -32.546186659071154], [-53.65659111870658, -32.54548000759546], [-53.66424221462672, -32.537853325737814], [-53.66909111870658, -32.537146674262125], [-53.67257554796005, -32.53368665907115], [-53.683333333333316, -32.5333333333333], [-53.69409111870658, -32.532980007595455], [-53.69791666666665, -32.5291812472873], [-53.70174221462672, -32.532980007595455], [-53.71075778537325, -32.53368665907115], [-53.71424221462672, -32.537146674262125], [-53.71909111870658, -32.537853325737814], [-53.722575547960055, -32.54131334092879], [-53.73159111870658, -32.542019992404484], [-53.73507554796005, -32.54548000759546], [-53.7517128838433, -32.546186659071154], [-53.75590888129339, -32.542019992404484], [-53.76666666666665, -32.541666666666636], [-53.770833333333314, -32.541666666666636], [-53.77140062120224, -32.53945617675778], [-53.773785061306405, -32.53693271213105], [-53.774999999999984, -32.541666666666636], [-53.78333333333332, -32.541666666666636], [-53.78554382324217, -32.54109937879771], [-53.79778951009113, -32.52973395453556], [-53.80331573486326, -32.52831573486325], [-53.80473395453557, -32.522789510091116], [-53.80776604546439, -32.51887715657549], [-53.808333333333316, -32.508333333333304], [-53.80798000759547, -32.5017422146267], [-53.80418124728731, -32.49791666666663], [-53.80798000759547, -32.494091118706564], [-53.808686659071164, -32.48924221462671], [-53.81420983208549, -32.48369140624997], [-53.81666666666665, -32.483333333333306], [-53.8163133409288, -32.480908881293374], [-53.808686659071164, -32.473257785373235], [-53.80798000759547, -32.469120449489985], [-53.81214667426214, -32.4649244520399], [-53.812499999999986, -32.46249999999997], [-53.81316121419269, -32.45506625705292], [-53.8188771565755, -32.45359937879771], [-53.840964592827675, -32.432396952311166], [-53.84237518310545, -32.421720716688334], [-53.85026465521917, -32.41969621446395], [-53.84640062120224, -32.41471048990882], [-53.84583333333332, -32.39999999999997], [-53.846186659071165, -32.39757554796004], [-53.862146674262135, -32.38159111870657], [-53.86285332573783, -32.3767422146267], [-53.872547234429234, -32.36702219645179], [-53.88159111870658, -32.36631334092879], [-53.891308932834185, -32.35662180582679], [-53.8920199924045, -32.351742214626704], [-53.897547064887135, -32.34618733723955], [-53.91249999999999, -32.3458333333333], [-53.91193271213106, -32.335289510091116], [-53.907937452528195, -32.3301344129774], [-53.90085093180337, -32.328315734863246], [-53.89943271213106, -32.32278951009111], [-53.89640062120224, -32.31887715657549], [-53.895266045464396, -32.30954827202688], [-53.90331573486326, -32.30748240152992], [-53.90473395453557, -32.30195617675778], [-53.91193271213106, -32.29387715657549], [-53.913067287868905, -32.290920003255174], [-53.90890062120224, -32.28554382324216], [-53.90833333333332, -32.27916666666663], [-53.90897606743705, -32.27703162299259], [-53.91185726589625, -32.272968377007345], [-53.913142734103715, -32.270511542426185], [-53.90897606743705, -32.26463504367401], [-53.90769059922958, -32.26036495632592], [-53.903916422526024, -32.25504218207462], [-53.912499999999966, -32.254166666666634], [-53.91249999999999, -32.249999999999964], [-53.91249999999999, -32.24166666666663], [-53.910075547960055, -32.241313340928784], [-53.8920213487413, -32.22328457302514], [-53.89166666666665, -32.21666666666663], [-53.895833333333314, -32.21666666666663], [-53.90221048990884, -32.21609937879771], [-53.90612284342446, -32.21306728786889], [-53.915779283311615, -32.211791483561164], [-53.917233954535575, -32.206122843424446], [-53.920266045464395, -32.20221048990882], [-53.921494547526024, -32.188399590386254], [-53.92721048990884, -32.186932712131046], [-53.93528951009113, -32.17973395453556], [-53.94095815022785, -32.178279283311596], [-53.942233954535574, -32.168622843424444], [-53.94943271213106, -32.16054382324215], [-53.95056728786891, -32.15612284342445], [-53.953599378797726, -32.15221048990882], [-53.95473395453558, -32.147789510091116], [-53.957766045464396, -32.143877156575485], [-53.958333333333314, -32.14166666666663], [-53.97742445203991, -32.14201999240448], [-53.98090888129339, -32.14548000759545], [-53.994091118706585, -32.14618665907115], [-53.997575547960054, -32.14964667426212], [-54.01249999999999, -32.14999999999996], [-54.01306728786891, -32.139456176757776], [-54.02236378987629, -32.1292068481445], [-54.027083333333316, -32.13286454942488], [-54.03112284342446, -32.12973395453556], [-54.04493374294704, -32.128505452473924], [-54.046400621202245, -32.12278951009111], [-54.049432712131065, -32.118877156575486], [-54.05085093180337, -32.11335093180335], [-54.05416666666665, -32.11249999999997], [-54.056591118706585, -32.11285332573782], [-54.060075547960054, -32.116313340928784], [-54.077424452039914, -32.11701999240448], [-54.08507554796005, -32.12464667426212], [-54.087499999999984, -32.124999999999964], [-54.08749999999997, -32.120833333333316], [-54.08785332573783, -32.11840888129337], [-54.09131334092881, -32.114924452039894], [-54.091666666666654, -32.1083333333333], [-54.095172119140614, -32.107433742947016], [-54.09640062120224, -32.09362284342445], [-54.09953121609156, -32.0895833333333], [-54.09630211724174, -32.08541666666663], [-54.09943271213106, -32.081377156575485], [-54.10056728786891, -32.076956176757776], [-54.10359937879773, -32.07304382324215], [-54.104733954535575, -32.05195617675778], [-54.107864549424896, -32.04791666666663], [-54.104733954535575, -32.04387715657548], [-54.10359937879773, -32.03112284342444], [-54.09640062120224, -32.023043823242155], [-54.0952660454644, -32.018622843424446], [-54.08806728786891, -32.01054382324215], [-54.08693271213106, -32.00612284342444], [-54.08390062120224, -32.00221048990882], [-54.0833333333333, -31.999999999999982], [-54.08966030544702, -31.99938252766925], [-54.093673027886254, -31.996450805664043], [-54.102160305447015, -31.995215861002585], [-54.10617302788626, -31.992284138997377], [-54.115872531466984, -31.990872531466994], [-54.11728413899736, -31.981173027886264], [-54.12021586100258, -31.97716030544703], [-54.12166510687931, -31.96720174153644], [-54.131173027886256, -31.958950805664042], [-54.137139553493896, -31.957245212131056], [-54.14938252766924, -31.943826972113698], [-54.1506174723307, -31.9395063612196], [-54.153605143229136, -31.935416666666647], [-54.1506174723307, -31.931326972113695], [-54.14930792914494, -31.913493516710048], [-54.1458333333333, -31.91249999999998], [-54.14618665907115, -31.910075547960048], [-54.14964667426212, -31.90659111870658], [-54.15035332573782, -31.89757554796005], [-54.160045030381916, -31.887857733832444], [-54.16249999999997, -31.88749999999998], [-54.16302964952254, -31.88525187174477], [-54.167196316189205, -31.880107286241298], [-54.165754530164904, -31.87576666937932], [-54.16249999999997, -31.87499999999998], [-54.1631174723307, -31.87283969455293], [-54.166780598958304, -31.867825317382792], [-54.172993638780355, -31.86604919433592], [-54.17700636121959, -31.86311747233071], [-54.18670586480032, -31.861705864800328], [-54.18830566406247, -31.85071580674911], [-54.20463595920136, -31.84938252766925], [-54.21033969455292, -31.85354919433592], [-54.21666666666664, -31.854166666666647], [-54.22018602159285, -31.853160264756923], [-54.221450805664034, -31.81033969455293], [-54.22438252766924, -31.806326972113695], [-54.2256174723307, -31.796832953559008], [-54.212232462565076, -31.794884914822028], [-54.21604919433591, -31.78966030544703], [-54.21666666666664, -31.783333333333314], [-54.21701999240449, -31.78090888129338], [-54.220480007595455, -31.77742445203991], [-54.22118665907115, -31.77257554796005], [-54.224646674262125, -31.769091118706577], [-54.22535332573782, -31.764242214626716], [-54.23298000759546, -31.756591118706577], [-54.233333333333306, -31.754166666666645], [-54.23001742892792, -31.753315904405362], [-54.22859937879771, -31.747789510091124], [-54.22556728786889, -31.7438771565755], [-54.22443271213105, -31.73945617675779], [-54.21723395453556, -31.7313771565755], [-54.21666666666664, -31.72499999999998], [-54.215560234917504, -31.721130032009526], [-54.206326972113686, -31.71311747233071], [-54.20041232638886, -31.71142645941838], [-54.17978413899736, -31.689660305447028], [-54.17854919433591, -31.681173027886263], [-54.17145080566403, -31.672993638780362], [-54.170064968532955, -31.66347181532116], [-54.16342637803817, -31.661573621961786], [-54.16188252766924, -31.65617302788626], [-54.158950805664034, -31.652160305447026], [-54.15753919813365, -31.6424608018663], [-54.14783969455292, -31.641049194335917], [-54.14374999999997, -31.63806152343748], [-54.13796929253469, -31.642284138997375], [-54.13533969455292, -31.641049194335917], [-54.13132697211368, -31.638117472330705], [-54.12499999999997, -31.637499999999978], [-54.1246419270833, -31.635042995876713], [-54.119091118706564, -31.629519992404493], [-54.11249999999997, -31.629166666666645], [-54.11249999999997, -31.620833333333312], [-54.109184095594586, -31.619982571072025], [-54.10776604546438, -31.61445617675779], [-54.10056728786889, -31.606377156575498], [-54.09943271213105, -31.597789510091125], [-54.09640062120223, -31.5938771565755], [-54.09526604546438, -31.58945617675779], [-54.07556728786889, -31.5688771565755], [-54.07443271213105, -31.56445617675779], [-54.07140062120223, -31.560543823242163], [-54.070833333333304, -31.558333333333312], [-54.06998257107202, -31.55501742892793], [-54.06445617675778, -31.55359937879772], [-54.05637715657549, -31.546400621202235], [-54.051956176757784, -31.545266045464388], [-54.04680107964407, -31.541270616319423], [-54.04526604546438, -31.535289510091122], [-54.04223395453556, -31.5313771565755], [-54.04109937879771, -31.518622843424456], [-54.03390062120223, -31.510543823242166], [-54.03276604546438, -31.506122843424457], [-54.02973395453556, -31.502210489908833], [-54.028599378797715, -31.493622843424458], [-54.025567287868896, -31.48971048990883], [-54.02499999999997, -31.487499999999976], [-54.02257554796004, -31.487146674262128], [-54.0149244520399, -31.47951999240449], [-54.0017422146267, -31.478813340928795], [-53.998257785373234, -31.475353325737824], [-53.99340888129337, -31.47464667426213], [-53.989213053385384, -31.470480007595462], [-53.98507554796004, -31.471186659071158], [-53.98159111870657, -31.47464667426213], [-53.97257554796004, -31.475353325737824], [-53.969091118706565, -31.478813340928795], [-53.951742214626705, -31.47951999240449], [-53.94754638671872, -31.483686659071157], [-53.94340888129337, -31.482980007595465], [-53.9399244520399, -31.47951999240449], [-53.937499999999986, -31.479166666666643], [-53.93693271213106, -31.47695617675779], [-53.93390062120224, -31.473043823242165], [-53.93262481689452, -31.463387383355013], [-53.92585093180337, -31.46164923773869], [-53.92403225368922, -31.454562717013864], [-53.918877156575505, -31.4505672878689], [-53.91028951009113, -31.449432712131053], [-53.90209214952255, -31.442128499348936], [-53.89657999674478, -31.446400621202233], [-53.89362284342447, -31.445266045464386], [-53.888246663411444, -31.44109937879772], [-53.88528951009113, -31.442233954535567], [-53.87991333007811, -31.446400621202233], [-53.876956176757794, -31.445266045464386], [-53.86887715657551, -31.4380672878689], [-53.85833333333332, -31.437499999999975], [-53.856122843424465, -31.436932712131053], [-53.85096774631075, -31.43293728298609], [-53.84943271213106, -31.426956176757788], [-53.84640062120224, -31.423043823242164], [-53.84526604546439, -31.410289510091122], [-53.840747239854586, -31.40487094455293], [-53.83112284342446, -31.40359937879772], [-53.827210489908836, -31.4005672878689], [-53.814456176757794, -31.399432712131052], [-53.80490214029946, -31.39076707628036], [-53.80359937879773, -31.38258666992185], [-53.80776604546439, -31.37721048990883], [-53.80890062120224, -31.35758666992185], [-53.80390201144746, -31.351137288411433], [-53.81276465521917, -31.348862711588517], [-53.80890062120224, -31.343877156575495], [-53.808333333333316, -31.341666666666644], [-53.808333333333316, -31.337499999999977], [-53.79674258761934, -31.338123575846332], [-53.79583333333332, -31.341666666666644], [-53.78333333333332, -31.341666666666644], [-53.78298000759547, -31.33924221462671], [-53.77535332573783, -31.331591118706573], [-53.774999999999984, -31.324999999999974], [-53.774999999999984, -31.31666666666664], [-53.77257554796005, -31.316313340928794], [-53.764924452039914, -31.308686659071157], [-53.76249999999998, -31.30833333333331], [-53.7616490681966, -31.311649237738692], [-53.756122843424464, -31.3130672878689], [-53.75221048990884, -31.31609937879772], [-53.74778951009113, -31.317233954535567], [-53.74387715657551, -31.320266045464386], [-53.7394561767578, -31.321400621202233], [-53.73554382324217, -31.324432712131053], [-53.72916666666665, -31.324999999999974], [-53.70091807047524, -31.32558898925779], [-53.699112616644946, -31.332624986436606], [-53.689456176757794, -31.333900621202233], [-53.68541666666665, -31.337031385633658], [-53.6813771565755, -31.333900621202233], [-53.6769561767578, -31.332766045464385], [-53.671579996744775, -31.32859937879772], [-53.66862284342446, -31.329733954535566], [-53.664710489908835, -31.332766045464385], [-53.65612284342446, -31.333900621202233], [-53.65221048990884, -31.336932712131052], [-53.64258609347871, -31.33820427788626], [-53.63806728786891, -31.343622843424455], [-53.636932712131056, -31.348043823242165], [-53.63390062120224, -31.35195617675779], [-53.63276604546439, -31.356377156575498], [-53.62546183268228, -31.364574517144074], [-53.629733954535574, -31.37008666992185], [-53.62859937879772, -31.373043823242163], [-53.62140062120224, -31.381122843424457], [-53.620833333333316, -31.38333333333331], [-53.601956176757795, -31.383900621202233], [-53.59791666666665, -31.387031385633655], [-53.59241333007811, -31.382766045464386], [-53.58421308729382, -31.384072197808138], [-53.582196214463956, -31.391931152343727], [-53.57708333333331, -31.387968614366297], [-53.573043823242166, -31.39109937879772], [-53.568622843424464, -31.392233954535566], [-53.56471048990883, -31.395266045464385], [-53.56249999999998, -31.39583333333331], [-53.56190151638453, -31.375915527343725], [-53.558333333333316, -31.374999999999975], [-53.55174221462672, -31.375353325737823], [-53.544091118706575, -31.382980007595464], [-53.53749999999998, -31.38333333333331], [-53.536849466959616, -31.403161282009524], [-53.531173197428366, -31.40478413899737], [-53.52716013590493, -31.40771586100258], [-53.51735466851127, -31.409142727322024], [-53.515980360243034, -31.43249409993487], [-53.51049346923826, -31.436882527669248], [-53.50833333333331, -31.437499999999975], [-53.50748240152993, -31.44081590440536], [-53.50416666666665, -31.44166666666664], [-53.5045199924045, -31.444091118706574], [-53.50868665907116, -31.44828694661456], [-53.507980007595464, -31.46492445203991], [-53.504181247287306, -31.46874999999998], [-53.50868665907116, -31.47328694661456], [-53.507980007595464, -31.494091118706574], [-53.5045199924045, -31.497575547960047], [-53.5038133409288, -31.514924452039907], [-53.50035332573783, -31.51840888129338], [-53.49964565700953, -31.535784912109353], [-53.489924452039915, -31.545480007595465], [-53.48749999999998, -31.54583333333331], [-53.487858072916644, -31.548290337456574], [-53.493408881293384, -31.553813340928798], [-53.49825778537325, -31.55451999240449], [-53.50174221462672, -31.557980007595464], [-53.50416666666665, -31.558333333333312], [-53.5038133409288, -31.564924452039907], [-53.50001458062064, -31.568749999999977], [-53.5038133409288, -31.572575547960046], [-53.5045199924045, -31.577424452039907], [-53.512146674262134, -31.58507554796005], [-53.51285332573783, -31.58992445203991], [-53.52082010904946, -31.597916666666645], [-53.51285332573783, -31.60590888129338], [-53.512146674262134, -31.61075778537324], [-53.50868665907116, -31.614242214626714], [-53.507980007595464, -31.619091118706574], [-53.5038133409288, -31.623286946614563], [-53.5045199924045, -31.627424452039907], [-53.507980007595464, -31.63090888129338], [-53.50833333333331, -31.637499999999978], [-53.51249999999998, -31.637499999999978], [-53.51581573486326, -31.63835076226126], [-53.51723395453557, -31.6438771565755], [-53.52026604546439, -31.647789510091123], [-53.52140062120224, -31.652210489908832], [-53.525919426812045, -31.65762905544703], [-53.53554382324217, -31.658900621202235], [-53.54069892035589, -31.6628960503472], [-53.542233954535575, -31.668877156575498], [-53.546229214138435, -31.674032253689216], [-53.55331573486326, -31.675850762261263], [-53.555066257052935, -31.682672119140605], [-53.56249999999998, -31.683333333333312], [-53.56249999999998, -31.68749999999998], [-53.56004316541882, -31.687858072916647], [-53.5538133409288, -31.69411892361109], [-53.554519992404494, -31.710757785373243], [-53.55798000759547, -31.714242214626715], [-53.558333333333316, -31.720833333333314], [-53.558333333333316, -31.72499999999998], [-53.56492445203991, -31.725353325737828], [-53.57257554796005, -31.732980007595465], [-53.59166666666665, -31.733333333333313]]]}}, {"type": "Feature", "properties": {"nome": "Arroio Grande / Chu\u00ed (BR)", "hybas_id": 6060881010, "area_km2": 7577.0, "pfaf": 641405, "cor": "#59A14F"}, "geometry": {"type": "Polygon", "coordinates": [[[-54.02083333333332, -32.77083333333331], [-54.02083333333332, -32.76666666666664], [-54.02742445203992, -32.76631334092879], [-54.032978820800764, -32.760786777072454], [-54.033686659071165, -32.74412044948999], [-54.0295199924045, -32.7399244520399], [-54.029166666666654, -32.72499999999997], [-54.03971048990884, -32.7255672878689], [-54.043622843424465, -32.72859937879771], [-54.050746663411445, -32.72973395453556], [-54.05612284342446, -32.7255672878689], [-54.0688771565755, -32.72443271213105], [-54.072789510091134, -32.72140062120223], [-54.07721048990884, -32.72026604546438], [-54.08540785047742, -32.71296183268226], [-54.0894561767578, -32.716099378797715], [-54.09387715657551, -32.71723395453556], [-54.09778951009113, -32.72026604546438], [-54.10295172797308, -32.72140062120223], [-54.104733954535575, -32.714456176757785], [-54.107766045464395, -32.71054382324216], [-54.109220716688355, -32.70487518310544], [-54.11887715657551, -32.70359937879771], [-54.12278951009113, -32.70056728786889], [-54.12721048990884, -32.69943271213105], [-54.135407850477414, -32.69212849934893], [-54.1394561767578, -32.69526604546438], [-54.148043823242176, -32.69640062120223], [-54.1519561767578, -32.69943271213105], [-54.154166666666654, -32.699999999999974], [-54.15473395453558, -32.69362284342445], [-54.16346164279513, -32.68400048149954], [-54.175746663411445, -32.68276604546438], [-54.18112284342447, -32.686932712131046], [-54.19461839463975, -32.6880672878689], [-54.19674258761935, -32.67979024251299], [-54.20833333333331, -32.67916666666664], [-54.2116490681966, -32.678315734863254], [-54.21306728786891, -32.672789510091114], [-54.21609937879773, -32.66887715657549], [-54.21723395453558, -32.65612284342445], [-54.2202660454644, -32.652210489908825], [-54.22140062120224, -32.647789510091116], [-54.22556728786891, -32.64241333007809], [-54.22426333957247, -32.634225802951356], [-54.21887715657551, -32.62973395453556], [-54.212499999999984, -32.629166666666634], [-54.20493808322481, -32.628395250108476], [-54.20416666666665, -32.6208333333333], [-54.205017428927924, -32.61751759847002], [-54.21054382324216, -32.61609937879771], [-54.214456176757785, -32.613067287868894], [-54.218877156575495, -32.61193271213104], [-54.22278951009112, -32.608900621202224], [-54.22721048990883, -32.60776604546438], [-54.23112284342445, -32.60473395453556], [-54.233333333333306, -32.604166666666636], [-54.23554382324216, -32.60473395453556], [-54.240698920355875, -32.60872921413843], [-54.242233954535564, -32.61471048990882], [-54.246782769097194, -32.62016482883026], [-54.25907999674476, -32.62140062120223], [-54.26445617675778, -32.617233954535564], [-54.27157999674476, -32.61609937879771], [-54.27802937825518, -32.621097988552485], [-54.28008015950518, -32.61310746934676], [-54.295833333333306, -32.61249999999997], [-54.29675292968747, -32.61608378092445], [-54.30612284342445, -32.624432712131046], [-54.310543823242156, -32.6255672878689], [-54.31862284342445, -32.63276604546438], [-54.32304382324216, -32.63390062120223], [-54.32695617675778, -32.63693271213105], [-54.33269551595049, -32.63840569390188], [-54.33397115071612, -32.6574276394314], [-54.34095831976994, -32.65922071668834], [-54.34223395453556, -32.66887715657549], [-54.345266045464385, -32.672789510091114], [-54.3458333333333, -32.67499999999997], [-54.346494547526014, -32.68243374294702], [-54.35350545247393, -32.68423292371959], [-54.35482143825952, -32.69902699788408], [-54.364456176757784, -32.70776604546438], [-54.36887715657549, -32.708900621202226], [-54.37278951009112, -32.711932712131045], [-54.378315904405355, -32.713350931803355], [-54.380134412977405, -32.72043745252818], [-54.38528951009112, -32.72443271213105], [-54.39494594997827, -32.72570851643877], [-54.39640062120223, -32.73137715657549], [-54.39943271213105, -32.735289510091114], [-54.400567287868896, -32.73971048990882], [-54.403599378797715, -32.74362284342445], [-54.40416666666664, -32.74999999999997], [-54.41909111870657, -32.75035332573782], [-54.422575547960044, -32.753813340928794], [-54.42916666666664, -32.754166666666634], [-54.43159111870657, -32.753813340928794], [-54.43714497884112, -32.748287116156654], [-54.43749999999997, -32.74166666666664], [-54.4380672878689, -32.739456176757784], [-54.441099378797716, -32.73554382324216], [-54.44223395453556, -32.726214938693545], [-54.43434007432723, -32.72418908013235], [-54.43276604546438, -32.72008666992185], [-54.436932712131046, -32.714710489908825], [-54.4380672878689, -32.710289510091116], [-54.44193115234372, -32.705303785535996], [-54.43418409559459, -32.70331573486325], [-54.43276604546438, -32.69778951009112], [-54.425567287868894, -32.689710489908826], [-54.42443271213105, -32.68112284342445], [-54.42140062120223, -32.67721048990882], [-54.42026604546438, -32.657396104600664], [-54.42859937879771, -32.648043823242155], [-54.429733954535564, -32.64362284342445], [-54.43372938368053, -32.63846774631073], [-54.440815904405355, -32.63664906819658], [-54.44223395453556, -32.63112284342445], [-54.44526604546438, -32.627210489908826], [-54.44640062120223, -32.62278951009112], [-54.44943271213105, -32.61887715657549], [-54.450850762261254, -32.61335093180335], [-54.45416666666664, -32.61249999999997], [-54.454519992404485, -32.605908881293374], [-54.45798000759546, -32.6024244520399], [-54.45833333333331, -32.5958333333333], [-54.45798000759546, -32.59340888129337], [-54.45035332573782, -32.58575778537323], [-54.449999999999974, -32.570833333333304], [-54.45221048990883, -32.57026604546438], [-54.457700602213514, -32.565687561035126], [-54.45897115071612, -32.54673902723521], [-54.46602884928383, -32.54492763943139], [-54.46730448404945, -32.525905693901876], [-54.47304382324216, -32.524432712131045], [-54.47819892035588, -32.52043745252818], [-54.47916666666664, -32.51666666666664], [-54.475700547960045, -32.51567569308808], [-54.47438252766924, -32.499530877007345], [-54.47854919433591, -32.49382680257158], [-54.47978413899737, -32.48703087700735], [-54.47555677625866, -32.48124338785804], [-54.482715861002575, -32.47299346923825], [-54.48395080566404, -32.46766628689233], [-54.47152642144094, -32.46585778130422], [-54.47021586100258, -32.4450269911024], [-54.482715861002575, -32.43132680257158], [-54.48395080566404, -32.42283986409502], [-54.486882527669245, -32.41882680257158], [-54.487499999999976, -32.416666666666636], [-54.48653225368921, -32.41289588080509], [-54.48137715657549, -32.40890062120223], [-54.47172071668834, -32.4076248168945], [-54.470266045464385, -32.40195617675778], [-54.463067287868896, -32.39387715657549], [-54.461590915256046, -32.38812357584632], [-54.449999999999974, -32.38749999999997], [-54.43749999999997, -32.38749999999997], [-54.43785332573782, -32.385075547960035], [-54.441313340928794, -32.38159111870657], [-54.44201999240449, -32.36495378282332], [-54.43785332573782, -32.36075778537323], [-54.43749999999997, -32.3583333333333], [-54.43418409559459, -32.357482401529914], [-54.43276604546438, -32.35195617675778], [-54.429733954535564, -32.34804382324216], [-54.42831590440535, -32.34251759847002], [-54.42278951009112, -32.34109937879771], [-54.41315477159286, -32.332360331217416], [-54.41193271213105, -32.31862284342445], [-54.40890062120223, -32.31471048990882], [-54.4076249864366, -32.30505405002167], [-54.40085076226126, -32.30331573486325], [-54.39999999999997, -32.29999999999997], [-54.39964192708331, -32.2975431654188], [-54.39409111870657, -32.292019992404484], [-54.39166666666664, -32.291666666666636], [-54.388350762261254, -32.29081573486325], [-54.38664923773869, -32.28418426513669], [-54.37987501356334, -32.28244594997827], [-54.378599378797716, -32.272789510091116], [-54.37140062120223, -32.26471048990882], [-54.36998257107202, -32.25918426513669], [-54.363350762261256, -32.25748240152991], [-54.36164923773869, -32.250850931803356], [-54.35612284342445, -32.249432712131046], [-54.35221048990883, -32.24640062120223], [-54.34999999999997, -32.2458333333333], [-54.33749999999997, -32.2458333333333], [-54.329938083224796, -32.24506191677514], [-54.32916666666664, -32.23749999999997], [-54.322839694552925, -32.23688235812714], [-54.31882697211368, -32.23395097520613], [-54.31321716308591, -32.23234710693356], [-54.311764526367156, -32.21746656629771], [-54.30632697211369, -32.2131176418728], [-54.300296698676185, -32.211393568250834], [-54.29228413899737, -32.20216013590491], [-54.29029880099824, -32.19521569146047], [-54.27700636121959, -32.19645097520613], [-54.27178175184459, -32.200267367892764], [-54.27003919813365, -32.18829413519962], [-54.260339694552925, -32.186882358127136], [-54.25073682996959, -32.1785490247938], [-54.24367302788625, -32.17978430853946], [-54.23966030544702, -32.18271569146047], [-54.23749999999997, -32.1833333333333], [-54.23648579915362, -32.1799645317925], [-54.22521938747827, -32.17824774848087], [-54.22143961588539, -32.17291666666663], [-54.2252502441406, -32.16754218207462], [-54.21666666666664, -32.166666666666636], [-54.21007554796004, -32.16701999240448], [-54.2024244520399, -32.17464667426212], [-54.199999999999974, -32.17499999999997], [-54.198785061306396, -32.17973395453556], [-54.19640062120223, -32.17721048990882], [-54.19486558702254, -32.17122921413842], [-54.189710489908826, -32.167233954535554], [-54.17916666666664, -32.16666666666665], [-54.17782626681855, -32.17135416666663], [-54.16740451388886, -32.170057847764724], [-54.166666666666636, -32.162499999999966], [-54.166313001844586, -32.143380567762556], [-54.160757785373235, -32.137853325737815], [-54.1583333333333, -32.13749999999997], [-54.157980007595455, -32.12257554796003], [-54.15451999240448, -32.119091118706564], [-54.15416666666664, -32.116666666666646], [-54.15174221462671, -32.116313340928784], [-54.14791666666664, -32.112514580620626], [-54.14409111870657, -32.116313340928784], [-54.14166666666664, -32.11666666666663], [-54.13749999999997, -32.11666666666663], [-54.13090888129337, -32.11701999240448], [-54.118383110894065, -32.12951999240448], [-54.11007554796004, -32.12881334092879], [-54.10659111870657, -32.12535332573781], [-54.0958333333333, -32.124999999999986], [-54.09166666666664, -32.124999999999964], [-54.087499999999984, -32.124999999999964], [-54.08507554796005, -32.12464667426212], [-54.077424452039914, -32.11701999240448], [-54.060075547960054, -32.116313340928784], [-54.056591118706585, -32.11285332573782], [-54.05416666666665, -32.11249999999997], [-54.05085093180337, -32.11335093180335], [-54.049432712131065, -32.118877156575486], [-54.046400621202245, -32.12278951009111], [-54.04493374294704, -32.128505452473924], [-54.03112284342446, -32.12973395453556], [-54.027083333333316, -32.13286454942488], [-54.02236378987629, -32.1292068481445], [-54.01306728786891, -32.139456176757776], [-54.01249999999999, -32.14999999999996], [-53.997575547960054, -32.14964667426212], [-53.994091118706585, -32.14618665907115], [-53.98090888129339, -32.14548000759545], [-53.97742445203991, -32.14201999240448], [-53.958333333333314, -32.14166666666663], [-53.957766045464396, -32.143877156575485], [-53.95473395453558, -32.147789510091116], [-53.953599378797726, -32.15221048990882], [-53.95056728786891, -32.15612284342445], [-53.94943271213106, -32.16054382324215], [-53.942233954535574, -32.168622843424444], [-53.94095815022785, -32.178279283311596], [-53.93528951009113, -32.17973395453556], [-53.92721048990884, -32.186932712131046], [-53.921494547526024, -32.188399590386254], [-53.920266045464395, -32.20221048990882], [-53.917233954535575, -32.206122843424446], [-53.915779283311615, -32.211791483561164], [-53.90612284342446, -32.21306728786889], [-53.90221048990884, -32.21609937879771], [-53.895833333333314, -32.21666666666663], [-53.89166666666665, -32.21666666666663], [-53.8920213487413, -32.22328457302514], [-53.910075547960055, -32.241313340928784], [-53.91249999999999, -32.24166666666663], [-53.91249999999999, -32.249999999999964], [-53.912499999999966, -32.254166666666634], [-53.903916422526024, -32.25504218207462], [-53.90769059922958, -32.26036495632592], [-53.90897606743705, -32.26463504367401], [-53.913142734103715, -32.270511542426185], [-53.91185726589625, -32.272968377007345], [-53.90897606743705, -32.27703162299259], [-53.90833333333332, -32.27916666666663], [-53.90890062120224, -32.28554382324216], [-53.913067287868905, -32.290920003255174], [-53.91193271213106, -32.29387715657549], [-53.90473395453557, -32.30195617675778], [-53.90331573486326, -32.30748240152992], [-53.895266045464396, -32.30954827202688], [-53.89640062120224, -32.31887715657549], [-53.89943271213106, -32.32278951009111], [-53.90085093180337, -32.328315734863246], [-53.907937452528195, -32.3301344129774], [-53.91193271213106, -32.335289510091116], [-53.91249999999999, -32.3458333333333], [-53.897547064887135, -32.34618733723955], [-53.8920199924045, -32.351742214626704], [-53.891308932834185, -32.35662180582679], [-53.88159111870658, -32.36631334092879], [-53.872547234429234, -32.36702219645179], [-53.86285332573783, -32.3767422146267], [-53.862146674262135, -32.38159111870657], [-53.846186659071165, -32.39757554796004], [-53.84583333333332, -32.39999999999997], [-53.84640062120224, -32.41471048990882], [-53.85026465521917, -32.41969621446395], [-53.84237518310545, -32.421720716688334], [-53.840964592827675, -32.432396952311166], [-53.8188771565755, -32.45359937879771], [-53.81316121419269, -32.45506625705292], [-53.812499999999986, -32.46249999999997], [-53.81214667426214, -32.4649244520399], [-53.80798000759547, -32.469120449489985], [-53.808686659071164, -32.473257785373235], [-53.8163133409288, -32.480908881293374], [-53.81666666666665, -32.483333333333306], [-53.81420983208549, -32.48369140624997], [-53.808686659071164, -32.48924221462671], [-53.80798000759547, -32.494091118706564], [-53.80418124728731, -32.49791666666663], [-53.80798000759547, -32.5017422146267], [-53.808333333333316, -32.508333333333304], [-53.80776604546439, -32.51887715657549], [-53.80473395453557, -32.522789510091116], [-53.80331573486326, -32.52831573486325], [-53.79778951009113, -32.52973395453556], [-53.78554382324217, -32.54109937879771], [-53.78333333333332, -32.541666666666636], [-53.774999999999984, -32.541666666666636], [-53.773785061306405, -32.53693271213105], [-53.77140062120224, -32.53945617675778], [-53.770833333333314, -32.541666666666636], [-53.76666666666665, -32.541666666666636], [-53.75590888129339, -32.542019992404484], [-53.7517128838433, -32.546186659071154], [-53.73507554796005, -32.54548000759546], [-53.73159111870658, -32.542019992404484], [-53.722575547960055, -32.54131334092879], [-53.71909111870658, -32.537853325737814], [-53.71424221462672, -32.537146674262125], [-53.71075778537325, -32.53368665907115], [-53.70174221462672, -32.532980007595455], [-53.69791666666665, -32.5291812472873], [-53.69409111870658, -32.532980007595455], [-53.683333333333316, -32.5333333333333], [-53.67257554796005, -32.53368665907115], [-53.66909111870658, -32.537146674262125], [-53.66424221462672, -32.537853325737814], [-53.65659111870658, -32.54548000759546], [-53.64340888129338, -32.546186659071154], [-53.635757785373244, -32.55381334092879], [-53.63090888129339, -32.55451999240449], [-53.62742445203991, -32.557980007595454], [-53.61249999999998, -32.5583333333333], [-53.60833333333331, -32.5583333333333], [-53.605017598470035, -32.55748240152992], [-53.60326317681205, -32.55064578586151], [-53.58971048990884, -32.53806728786889], [-53.5769561767578, -32.53693271213105], [-53.56875881618922, -32.52962849934893], [-53.56471048990883, -32.53276604546438], [-53.560289510091124, -32.53390062120223], [-53.5563771565755, -32.53693271213105], [-53.51666666666665, -32.537499999999966], [-53.51569892035588, -32.541270785861514], [-53.510543823242166, -32.54526604546438], [-53.497789510091124, -32.546400621202224], [-53.4938771565755, -32.54943271213104], [-53.48417900933158, -32.55071394178599], [-53.48313191731769, -32.55538533528643], [-53.48748677571613, -32.561004299587644], [-53.481377156575505, -32.566099378797716], [-53.475850931803365, -32.56751759847002], [-53.474112616644945, -32.57429148356117], [-53.46342926025389, -32.57570292154945], [-53.45473395453557, -32.585289510091116], [-53.45346425374347, -32.59490017361108], [-53.43971048990883, -32.60776604546438], [-53.42695617675779, -32.608900621202224], [-53.41348809136283, -32.62140062120223], [-53.410289510091125, -32.620266045464376], [-53.4063771565755, -32.617233954535564], [-53.40416666666665, -32.61666666666664], [-53.40331573486326, -32.61998240152992], [-53.3966842651367, -32.621684265136686], [-53.39486558702255, -32.62877078586151], [-53.389710489908836, -32.63276604546438], [-53.36862284342446, -32.63390062120223], [-53.36471048990883, -32.63693271213105], [-53.35505405002168, -32.63820851643877], [-53.35319892035588, -32.645437452528185], [-53.348043823242165, -32.649432712131045], [-53.33945617675779, -32.650567287868896], [-53.33554382324217, -32.653599378797715], [-53.333333333333314, -32.65416666666664], [-53.309250386555966, -32.654759555392765], [-53.308333333333316, -32.6583333333333], [-53.30798000759547, -32.6649244520399], [-53.304519992404494, -32.668408881293374], [-53.30380859374998, -32.673290167914466], [-53.298257785373245, -32.67881334092879], [-53.29340888129338, -32.67951999240449], [-53.28575778537324, -32.687146674262124], [-53.28333333333331, -32.68749999999997], [-53.281122843424455, -32.686932712131046], [-53.27721048990883, -32.68390062120223], [-53.26862284342446, -32.68276604546438], [-53.264710489908836, -32.679733954535564], [-53.26028951009113, -32.67859937879771], [-53.25624999999998, -32.67546878390839], [-53.25096774631074, -32.67956254747176], [-53.24943271213105, -32.685543823242156], [-53.242881605360225, -32.69223395453556], [-53.241666666666646, -32.68749999999997], [-53.239242214626714, -32.68785332573782], [-53.231591118706575, -32.69548000759546], [-53.210075547960045, -32.69618665907115], [-53.201715596516905, -32.704519992404485], [-53.19757554796005, -32.70381334092879], [-53.194091118706574, -32.700353325737815], [-53.180908881293384, -32.69964667426213], [-53.17742445203991, -32.69618665907115], [-53.089242214626715, -32.69548000759546], [-53.08575778537324, -32.69201999240448], [-53.08090888129338, -32.69131334092879], [-53.07742445203991, -32.68785332573782], [-53.06840888129338, -32.687146674262124], [-53.06492445203991, -32.68368665907115], [-53.06007554796005, -32.682980007595454], [-53.05659111870658, -32.67951999240449], [-53.051742214626714, -32.67881334092879], [-53.04825778537324, -32.67535332573782], [-53.03924221462671, -32.67464667426212], [-53.03575778537324, -32.671186659071154], [-53.03090888129338, -32.67048000759546], [-53.02742445203991, -32.667019992404484], [-53.022575547960045, -32.66631334092879], [-53.01909111870658, -32.66285332573782], [-53.01007554796005, -32.662146674262125], [-53.006591118706574, -32.65868665907115], [-53.00174221462672, -32.657980007595455], [-52.99825778537324, -32.65451999240449], [-52.99583333333331, -32.65416666666664], [-52.991666666666646, -32.65416666666664], [-52.98838636610241, -32.654939270019504], [-52.9870178222656, -32.6593326144748], [-52.99113701714408, -32.66441836886933], [-52.992196316189215, -32.673081631130614], [-52.99530368381074, -32.67691836886933], [-52.99636298285588, -32.68141496446395], [-52.99947035047741, -32.68525170220266], [-53.00052964952255, -32.68974829779728], [-53.00363701714407, -32.693585035535996], [-53.00469631618921, -32.70224829779728], [-53.00780368381074, -32.70608503553599], [-53.00886298285588, -32.710581631130616], [-53.011970350477405, -32.71441836886933], [-53.013029649522544, -32.71891496446395], [-53.016137017144075, -32.722751702202665], [-53.017196316189214, -32.731414964463944], [-53.02030368381074, -32.73525170220266], [-53.02136298285588, -32.73974829779728], [-53.02447035047741, -32.74358503553599], [-53.02552964952255, -32.74808163113062], [-53.02863701714408, -32.751918368869326], [-53.02916666666665, -32.77083333333331], [-53.02855902777775, -32.78658667670353], [-53.02278951009112, -32.7880672878689], [-53.0188771565755, -32.79109937879772], [-53.0128960503472, -32.7926344129774], [-53.007766045464386, -32.799253336588514], [-53.00890062120224, -32.80221048990882], [-53.011932712131056, -32.806122843424454], [-53.0130672878689, -32.810543823242156], [-53.01609937879772, -32.81445617675779], [-53.016666666666644, -32.820833333333304], [-53.01883951822914, -32.82143842909068], [-53.024223836263, -32.82579006618921], [-53.02575344509546, -32.83654954698348], [-53.031339518229146, -32.83810509575735], [-53.03605244954425, -32.841599188910564], [-53.038104926215254, -32.84662068684893], [-53.02977159288192, -32.85616048177081], [-53.028561740451366, -32.86977132161456], [-53.038040500216994, -32.87143825954858], [-53.043660481770814, -32.86727159288192], [-53.05700446234807, -32.86606174045136], [-53.05924072265623, -32.87409261067705], [-53.06467285156248, -32.87560492621525], [-53.07086554633244, -32.88061014811195], [-53.06310492621525, -32.88949381510414], [-53.0618950737847, -32.89220716688365], [-53.06606174045137, -32.89782714843747], [-53.06727159288192, -32.90633951822914], [-53.07022840711803, -32.910327148437474], [-53.071438259548586, -32.91304050021699], [-53.06727159288192, -32.91866048177081], [-53.06666666666664, -32.924999999999976], [-53.07721048990883, -32.92443271213105], [-53.081249999999976, -32.921301947699625], [-53.08528951009112, -32.92443271213105], [-53.0938771565755, -32.925567287868894], [-53.097789510091125, -32.92859937879771], [-53.10331590440536, -32.930017428927925], [-53.10473395453557, -32.93554382324216], [-53.11731228298609, -32.94909634060327], [-53.12083333333331, -32.949999999999974], [-53.121400621202234, -32.95221048990883], [-53.12973395453557, -32.96156277126733], [-53.12859937879772, -32.968877156575495], [-53.12443271213105, -32.97425333658852], [-53.1260067409939, -32.97835557725692], [-53.132482571072025, -32.98001742892792], [-53.13390062120224, -32.98554382324216], [-53.136932712131056, -32.989456176757784], [-53.1380672878689, -32.99387715657549], [-53.14526604546439, -33.00195617675779], [-53.146471150716124, -33.019927639431394], [-53.15350545247394, -33.02173292371959], [-53.15416666666665, -33.02916666666664], [-53.15659111870657, -33.02951999240449], [-53.16630893283418, -33.039211697048586], [-53.16701999240449, -33.04409111870657], [-53.172543165418816, -33.04964192708331], [-53.174999999999976, -33.049999999999976], [-53.17845815022784, -33.05088738335501], [-53.17973395453557, -33.06054382324216], [-53.18372921413843, -33.06569892035588], [-53.18971048990883, -33.06723395453557], [-53.19486558702255, -33.07122938368053], [-53.19583333333331, -33.074999999999974], [-53.203439500596765, -33.07577582465275], [-53.20480940077038, -33.096155124240425], [-53.20064273410371, -33.102031792534696], [-53.199357265896246, -33.10630154079858], [-53.19230940077038, -33.1145317925347], [-53.19102393256291, -33.11978285047741], [-53.202135043674026, -33.12147623697914], [-53.20619828965927, -33.12435709635414], [-53.21153581407333, -33.125964355468724], [-53.21314273410371, -33.13130154079859], [-53.21602393256291, -33.13536512586803], [-53.21666666666665, -33.137499999999974], [-53.21723395453557, -33.13971048990883], [-53.22453816731769, -33.1479078504774], [-53.221302117241734, -33.15208333333331], [-53.224432712131055, -33.156122843424455], [-53.225567287868905, -33.17721048990883], [-53.228599378797725, -33.181122843424454], [-53.22973395453557, -33.189710489908826], [-53.23390062120224, -33.19508666992185], [-53.23276604546439, -33.19804382324216], [-53.228599378797725, -33.20342000325518], [-53.22990536159937, -33.21162041558157], [-53.23554382324217, -33.213067287868896], [-53.24052954779729, -33.216931152343726], [-53.241666666666646, -33.21249999999998], [-53.256591118706574, -33.212853325737825], [-53.26424221462671, -33.22048000759546], [-53.266666666666644, -33.22083333333331], [-53.2663133409288, -33.227424452039905], [-53.257980007595464, -33.23578423394095], [-53.25868665907116, -33.26075778537324], [-53.262146674262134, -33.26424221462671], [-53.26249999999998, -33.28333333333331], [-53.26492445203991, -33.28368665907116], [-53.27047882080076, -33.28921339246959], [-53.27118665907116, -33.30659111870657], [-53.28714667426213, -33.32257554796004], [-53.28749999999998, -33.324999999999974], [-53.28785400390623, -33.33995293511282], [-53.29411892361109, -33.34618665907116], [-53.31075778537324, -33.34548000759546], [-53.31495378282333, -33.34131334092879], [-53.33992445203991, -33.34201999240449], [-53.343408881293385, -33.34548000759546], [-53.34825778537324, -33.34618665907116], [-53.35174221462672, -33.34964667426213], [-53.36492445203991, -33.35035332573782], [-53.368408881293384, -33.353813340928795], [-53.37325778537324, -33.35451999240449], [-53.37745378282333, -33.358686659071154], [-53.38159111870658, -33.357980007595465], [-53.38924221462672, -33.35035332573782], [-53.391666666666644, -33.34999999999997], [-53.391099378797726, -33.34778951009112], [-53.38806728786891, -33.343877156575495], [-53.386932712131056, -33.340920003255185], [-53.391099378797726, -33.33554382324216], [-53.39223395453557, -33.32695617675779], [-53.39536454942489, -33.32291666666664], [-53.39213545057507, -33.31874999999997], [-53.39536454942489, -33.31458333333331], [-53.39140201144746, -33.309470621744765], [-53.39804382324217, -33.30776604546438], [-53.40195617675779, -33.304733954535564], [-53.40416666666665, -33.304166666666646], [-53.40359937879772, -33.30195617675779], [-53.4004687839084, -33.297916666666644], [-53.40443132188583, -33.2928039550781], [-53.39643181694876, -33.29075113932289], [-53.395833333333314, -33.27083333333331], [-53.39548000759547, -33.26424221462671], [-53.39201999240449, -33.26075778537324], [-53.391666666666644, -33.24583333333331], [-53.38846418592663, -33.244868977864556], [-53.386857265896246, -33.2395317925347], [-53.38397606743705, -33.23546820746525], [-53.38269059922958, -33.21869845920136], [-53.37980940077038, -33.21463487413192], [-53.37791680230033, -33.20834859212237], [-53.3717088487413, -33.2127502441406], [-53.370833333333316, -33.204166666666644], [-53.3714887830946, -33.20204433865015], [-53.37851121690536, -33.19378899468313], [-53.37990485297307, -33.17155693901907], [-53.40628899468314, -33.17017788357202], [-53.41041666666665, -33.167294650607616], [-53.41458333333331, -33.17020534939233], [-53.41871100531682, -33.167322116427925], [-53.42426757812498, -33.1656063503689], [-53.42573242187498, -33.14689364963105], [-53.43128899468314, -33.145177883572025], [-53.43537767198349, -33.14232211642793], [-53.439622328016476, -33.141011216905355], [-53.44371100531682, -33.13815544976126], [-53.583333333333314, -33.137499999999974], [-53.5841842651367, -33.13418409559459], [-53.58971048990884, -33.132766045464386], [-53.59362284342446, -33.12973395453557], [-53.59583333333332, -33.12916666666664], [-53.59825778537325, -33.128813340928794], [-53.60174221462672, -33.12535332573782], [-53.61838260226778, -33.124646674262124], [-53.62881181504989, -33.13504774305553], [-53.62916666666665, -33.14166666666664], [-53.62916666666665, -33.14583333333331], [-53.64166666666665, -33.14583333333331], [-53.64230940077038, -33.14369845920136], [-53.64519059922958, -33.13963487413192], [-53.64647606743705, -33.13536512586803], [-53.64935726589625, -33.13130154079859], [-53.65064273410371, -33.120511542426186], [-53.64647606743705, -33.114634874131916], [-53.64519059922958, -33.11217820909285], [-53.64935726589625, -33.10630154079858], [-53.65064273410371, -33.102031792534696], [-53.66299523247611, -33.088376871744764], [-53.67296837700736, -33.08685709635414], [-53.6770316229926, -33.08397623697914], [-53.68331807454425, -33.082083468966985], [-53.67891642252602, -33.07587551540796], [-53.69380171034069, -33.07435709635414], [-53.702957322862396, -33.06651679144963], [-53.70416666666665, -33.06249999999997], [-53.7019561767578, -33.06193271213105], [-53.68414866129555, -33.04500562879772], [-53.68276604546439, -33.03871493869355], [-53.692032538519946, -33.03633694118921], [-53.68390062120224, -33.027210489908825], [-53.683333333333316, -33.02499999999997], [-53.683686659071164, -33.022575547960045], [-53.68714667426214, -33.01909111870657], [-53.687499999999986, -33.008333333333304], [-53.68963504367403, -33.00769042968747], [-53.693698289659274, -33.004809570312474], [-53.69796837700736, -33.00352376302081], [-53.70203162299261, -33.000642903645804], [-53.706301710340696, -32.99935709635414], [-53.722864956325935, -32.98397623697914], [-53.736664157443556, -32.982568698459175], [-53.73834652370875, -32.971528116861954], [-53.76998680962455, -32.97013854980466], [-53.77147606743705, -32.96036512586803], [-53.77521938747828, -32.955085584852405], [-53.78546837700736, -32.953523763020804], [-53.79374508327906, -32.94643622504338], [-53.799124484592, -32.9502502441406], [-53.79999999999998, -32.94166666666664], [-53.80071716308592, -32.934319729275146], [-53.8063268025716, -32.93271586100258], [-53.811795552571596, -32.92834201388886], [-53.813205634223074, -32.90914035373261], [-53.82299346923826, -32.90771586100258], [-53.82708333333332, -32.90472819010414], [-53.83117319742837, -32.90771586100258], [-53.835493469238266, -32.908950805664034], [-53.839583333333316, -32.91193847656247], [-53.843673197428366, -32.908950805664034], [-53.84799346923826, -32.90771586100258], [-53.852006530761706, -32.90478413899737], [-53.860493469238264, -32.90354919433591], [-53.8645065307617, -32.9006174723307], [-53.895833333333314, -32.89999999999997], [-53.90833333333332, -32.89999999999997], [-53.90897606743705, -32.89786512586803], [-53.91185726589625, -32.893801540798584], [-53.913142734103715, -32.8895317925347], [-53.91602393256292, -32.88546820746525], [-53.9176308525933, -32.88013102213539], [-53.924202134874115, -32.878152465820285], [-53.92564273410372, -32.86869845920136], [-53.92852393256292, -32.864634874131916], [-53.92993808322481, -32.85077141655813], [-53.94380171034069, -32.84935709635414], [-53.95203162299261, -32.84230940077037], [-53.956301710340696, -32.841023932562905], [-53.96869828965927, -32.82980940077037], [-53.97296837700736, -32.8285239325629], [-53.977031622992605, -32.8256427341037], [-53.981301710340695, -32.82435726589624], [-53.98623843722872, -32.8208568996853], [-53.98814273410372, -32.81453162299259], [-53.99102393256292, -32.81046837700735], [-53.99166666666665, -32.80833333333331], [-53.99223395453558, -32.801956176757784], [-53.9952660454644, -32.79804382324216], [-53.99680107964408, -32.79206254747176], [-54.0019561767578, -32.7880672878689], [-54.0063771565755, -32.78693271213105], [-54.010289510091134, -32.78390062120223], [-54.014710489908836, -32.782766045464385], [-54.01862284342447, -32.77973395453556], [-54.02556728786891, -32.77795172797306], [-54.02419230143228, -32.771695285373234], [-54.02083333333332, -32.77083333333331]]]}}, {"type": "Feature", "properties": {"nome": "Litoral Sul (BR)", "hybas_id": 6060886180, "area_km2": 7560.0, "pfaf": 641406, "cor": "#EDC948"}, "geometry": {"type": "Polygon", "coordinates": [[[-54.37499999999997, -34.27499999999997], [-54.37499999999997, -34.26666666666664], [-54.3755672878689, -34.26445617675778], [-54.383916219075495, -34.255086432562905], [-54.39081590440536, -34.25331573486325], [-54.39223395453556, -34.24778951009111], [-54.39675292968747, -34.24237094455292], [-54.406377156575495, -34.24109937879771], [-54.41179572211369, -34.2365805731879], [-54.4130672878689, -34.22695617675778], [-54.41609937879772, -34.22304382324216], [-54.41723395453556, -34.215729437933994], [-54.40890062120223, -34.206377156575485], [-54.40748257107202, -34.20085093180335], [-54.40066121419268, -34.199100409613685], [-54.39943271213105, -34.18528951009111], [-54.39640062120223, -34.181377156575486], [-54.39526604546438, -34.17842000325518], [-54.39953816731768, -34.1729078504774], [-54.39223395453556, -34.16471048990882], [-54.39109937879771, -34.15121493869354], [-54.39583333333331, -34.14999999999996], [-54.39548000759546, -34.135075547960035], [-54.392019992404485, -34.13159111870657], [-54.39131334092879, -34.12328711615665], [-54.39548000759546, -34.119091118706564], [-54.396186659071155, -34.106617736816375], [-54.38785332573782, -34.09825778537323], [-54.387499999999974, -34.07916666666663], [-54.38693271213105, -34.076956176757776], [-54.37973395453556, -34.06887715657549], [-54.37845831976994, -34.05922071668834], [-54.37026604546438, -34.05711839463972], [-54.37140062120223, -34.05195617675778], [-54.383381822374105, -34.0390472412109], [-54.377210489908826, -34.03390062120222], [-54.37499999999997, -34.03333333333332], [-54.37257554796004, -34.032980007595455], [-54.36909111870657, -34.02951999240448], [-54.36424221462671, -34.028813340928785], [-54.34409111870657, -34.008686659071145], [-54.34166666666664, -34.00833333333331], [-54.34131334092879, -34.00590888129339], [-54.33785332573782, -34.00242445203991], [-54.33714667426212, -33.997575547960054], [-54.329519992404485, -33.989924452039915], [-54.32881334092879, -33.98507554796005], [-54.32501458062063, -33.98124999999998], [-54.32881334092879, -33.97742445203991], [-54.32916666666664, -33.96666666666665], [-54.32881334092879, -33.964242214626715], [-54.32535332573782, -33.96075778537325], [-54.32464667426213, -33.95590888129338], [-54.32118665907115, -33.952424452039914], [-54.32048000759546, -33.94757554796005], [-54.31285332573782, -33.93992445203991], [-54.312146674262124, -33.935075547960054], [-54.30868665907115, -33.93159111870658], [-54.3083333333333, -33.929166666666646], [-54.311649237738685, -33.928315904405366], [-54.3130672878689, -33.92278951009113], [-54.316099378797716, -33.918877156575505], [-54.31723395453556, -33.907586669921855], [-54.3130672878689, -33.90221048990883], [-54.311932712131046, -33.89508666992185], [-54.316099378797716, -33.889710489908836], [-54.31723395453556, -33.88528951009113], [-54.32026604546438, -33.8813771565755], [-54.32140062120223, -33.876956176757794], [-54.32443271213105, -33.87304382324217], [-54.324999999999974, -33.866666666666646], [-54.317566257052924, -33.866005452473935], [-54.31569892035587, -33.85872938368053], [-54.310543823242156, -33.85473395453557], [-54.30416666666664, -33.85416666666664], [-54.30295172797306, -33.85890062120224], [-54.28840094672306, -33.857677205403625], [-54.28693271213105, -33.851956176757795], [-54.28390062120223, -33.848043823242165], [-54.28241373697914, -33.84224955240883], [-54.27304382324216, -33.83390062120224], [-54.267517428927924, -33.83248257107203], [-54.26581590440535, -33.82585076226126], [-54.26028951009112, -33.824432712131056], [-54.25637715657549, -33.82140062120224], [-54.2458333333333, -33.82083333333331], [-54.24548000759546, -33.81424221462672], [-54.23785332573782, -33.80659111870658], [-54.23714667426212, -33.79828694661456], [-54.24131334092879, -33.794091118706575], [-54.24166666666664, -33.79166666666664], [-54.24166666666664, -33.78749999999998], [-54.24391479492185, -33.78697035047741], [-54.24775187174476, -33.78386298285588], [-54.2532545301649, -33.78256666395397], [-54.25469631618921, -33.77822604709199], [-54.25052964952254, -33.77308146158852], [-54.2494703504774, -33.76989271375866], [-54.253637017144065, -33.764748128255185], [-54.254166666666634, -33.75416666666665], [-54.26049363878035, -33.75478413899737], [-54.26450636121959, -33.75771586100258], [-54.271302625868024, -33.75895080566404], [-54.27700636121959, -33.75478413899737], [-54.28549363878035, -33.75354919433592], [-54.29783969455292, -33.74228413899738], [-54.31466030544702, -33.741049194335915], [-54.322839694552925, -33.733950805664044], [-54.33253919813365, -33.73253919813366], [-54.33410169813365, -33.7218051486545], [-54.33749999999997, -33.72083333333331], [-54.33785332573782, -33.718408881293385], [-54.347545030381916, -33.70869106716578], [-54.34999999999997, -33.708333333333314], [-54.3505672878689, -33.70195617675779], [-54.35359937879772, -33.698043823242166], [-54.35501742892792, -33.69251742892793], [-54.361826239691815, -33.690770128038174], [-54.363067287868894, -33.678420003255184], [-54.35890062120223, -33.67304382324217], [-54.35776604546438, -33.66445617675779], [-54.35473395453556, -33.660543823242165], [-54.35359937879772, -33.653420003255185], [-54.35776604546438, -33.64804382324217], [-54.358333333333306, -33.645833333333314], [-54.35748257107202, -33.64251742892793], [-54.35195617675778, -33.64109937879772], [-54.34791666666664, -33.6379686143663], [-54.342413330078095, -33.64223395453557], [-54.32278951009112, -33.64109937879772], [-54.318877156575496, -33.6380672878689], [-54.30099385579424, -33.63686828613279], [-54.29223395453556, -33.62721048990883], [-54.29069892035587, -33.621229383680536], [-54.28554382324216, -33.61723395453557], [-54.28112284342445, -33.61609937879772], [-54.277210489908825, -33.6130672878689], [-54.272789510091116, -33.61193271213106], [-54.26054382324216, -33.6005672878689], [-54.258333333333304, -33.59999999999998], [-54.25744594997827, -33.59654168023001], [-54.24778951009112, -33.595266045464385], [-54.24387715657549, -33.592233954535565], [-54.235289510091114, -33.59109937879772], [-54.23137715657549, -33.5880672878689], [-54.22695617675778, -33.58693271213105], [-54.218877156575495, -33.57973395453557], [-54.21308288574216, -33.57824707031248], [-54.20473395453556, -33.568877156575496], [-54.203198920355874, -33.5628960503472], [-54.19804382324216, -33.558900621202234], [-54.191666666666634, -33.55833333333331], [-54.18945617675778, -33.55776604546439], [-54.185543823242156, -33.55473395453557], [-54.17842000325518, -33.55359937879772], [-54.17304382324216, -33.55776604546439], [-54.163714938693545, -33.558900621202234], [-54.16249999999997, -33.554166666666646], [-54.16183878580726, -33.546732923719595], [-54.15612284342445, -33.54526604546439], [-54.150632731119764, -33.54068773057723], [-54.149432712131045, -33.52278951009112], [-54.146400621202226, -33.5188771565755], [-54.14526604546438, -33.51028951009112], [-54.14127061631942, -33.505134412977405], [-54.13528951009111, -33.50359937879772], [-54.127210489908826, -33.496400621202234], [-54.11862284342445, -33.49526604546439], [-54.11471048990882, -33.492233954535564], [-54.10899454752601, -33.490767076280356], [-54.108333333333306, -33.48333333333331], [-54.105908881293374, -33.48368665907116], [-54.1024244520399, -33.48714667426213], [-54.09757554796004, -33.487853325737824], [-54.09374999999997, -33.49165208604598], [-54.0899244520399, -33.487853325737824], [-54.07745361328122, -33.48714667426213], [-54.07325778537324, -33.4913133409288], [-54.06078355577254, -33.492019992404494], [-54.04618733723955, -33.477450900607614], [-54.045833333333306, -33.46666666666664], [-54.03941836886934, -33.46613701714407], [-54.03427412245007, -33.46197035047741], [-54.029933166503895, -33.46341213650172], [-54.029166666666654, -33.46666666666664], [-54.013284132215695, -33.46596917046438], [-54.008976067437054, -33.460468207465254], [-54.00736914740667, -33.45513102213539], [-54.002031622992604, -33.45352376302081], [-53.99796837700736, -33.45064290364581], [-53.98832651774087, -33.44917365180119], [-53.986857265896255, -33.4395317925347], [-53.98397606743705, -33.435468207465256], [-53.982690599229585, -33.43119845920137], [-53.975642734103715, -33.42296820746525], [-53.97421993679469, -33.409018961588515], [-53.95416666666665, -33.40833333333331], [-53.953813340928804, -33.38924221462671], [-53.95035332573783, -33.385757785373244], [-53.94999999999998, -33.37916666666664], [-53.94787767198349, -33.37851121690536], [-53.943788994683146, -33.37565544976126], [-53.93537767198349, -33.37434455023869], [-53.92295566134981, -33.36315544976126], [-53.92058749728731, -33.36184455023869], [-53.91462232801648, -33.366011216905356], [-53.90621100531683, -33.36732211642793], [-53.89795566134981, -33.37434455023869], [-53.893711005316824, -33.37565544976126], [-53.888334486219605, -33.37941080729164], [-53.886665513780365, -33.358089192708306], [-53.881288994683146, -33.36184455023869], [-53.86343672010632, -33.36315544976126], [-53.86249999999998, -33.35416666666664], [-53.86249999999998, -33.34583333333331], [-53.861882358127154, -33.34367302788626], [-53.85363159179686, -33.33416510687932], [-53.84240180121526, -33.33253072102862], [-53.84166666666665, -33.324999999999974], [-53.83431955973305, -33.32428283691404], [-53.832174513075074, -33.31678059895831], [-53.82546912299261, -33.31188252766925], [-53.82283986409504, -33.3131174723307], [-53.81761525472004, -33.316934204101535], [-53.815834893120645, -33.304701741536434], [-53.8063268025716, -33.29645080566404], [-53.80416666666665, -33.295833333333306], [-53.79778951009113, -33.29640062120223], [-53.78843722873262, -33.304733954535564], [-53.78004760742186, -33.30343254937063], [-53.778246900770384, -33.296416219075496], [-53.768877156575506, -33.2880672878689], [-53.761932712131056, -33.2862850613064], [-53.76306728786891, -33.25612284342446], [-53.76619788275823, -33.25208333333331], [-53.762968783908406, -33.24791666666664], [-53.76662648518879, -33.24319695366751], [-53.75512627495658, -33.23276604546439], [-53.734241570366734, -33.23396063910588], [-53.732445949978285, -33.24095831976994], [-53.722789510091125, -33.242233954535564], [-53.7188771565755, -33.24526604546438], [-53.71028951009113, -33.246400621202234], [-53.706377156575506, -33.24943271213105], [-53.693622843424464, -33.2505672878689], [-53.68957451714408, -33.25370483398435], [-53.6813771565755, -33.246400621202234], [-53.679166666666646, -33.24583333333331], [-53.67859937879773, -33.239456176757784], [-53.67140062120224, -33.2313771565755], [-53.670266045464395, -33.22695617675779], [-53.667233954535575, -33.223043823242165], [-53.666099378797725, -33.181122843424454], [-53.663067287868905, -33.17721048990883], [-53.661649068196596, -33.17168409559459], [-53.65612284342446, -33.17026604546439], [-53.65221048990884, -33.16723395453556], [-53.645833333333314, -33.16666666666664], [-53.63333333333332, -33.16666666666664], [-53.63248240152993, -33.16335076226126], [-53.626956176757794, -33.16193271213105], [-53.62156999376083, -33.15744086371525], [-53.62026604546439, -33.149253336588515], [-53.62443271213106, -33.14387715657549], [-53.624999999999986, -33.14166666666664], [-53.62916666666665, -33.14166666666664], [-53.62881181504989, -33.13504774305553], [-53.61838260226778, -33.124646674262124], [-53.60174221462672, -33.12535332573782], [-53.59825778537325, -33.128813340928794], [-53.59583333333332, -33.12916666666664], [-53.59362284342446, -33.12973395453557], [-53.58971048990884, -33.132766045464386], [-53.5841842651367, -33.13418409559459], [-53.583333333333314, -33.137499999999974], [-53.44371100531682, -33.13815544976126], [-53.439622328016476, -33.141011216905355], [-53.43537767198349, -33.14232211642793], [-53.43128899468314, -33.145177883572025], [-53.42573242187498, -33.14689364963105], [-53.42426757812498, -33.1656063503689], [-53.41871100531682, -33.167322116427925], [-53.41458333333331, -33.17020534939233], [-53.41041666666665, -33.167294650607616], [-53.40628899468314, -33.17017788357202], [-53.37990485297307, -33.17155693901907], [-53.37851121690536, -33.19378899468313], [-53.3714887830946, -33.20204433865015], [-53.370833333333316, -33.204166666666644], [-53.3717088487413, -33.2127502441406], [-53.37791680230033, -33.20834859212237], [-53.37980940077038, -33.21463487413192], [-53.38269059922958, -33.21869845920136], [-53.38397606743705, -33.23546820746525], [-53.386857265896246, -33.2395317925347], [-53.38846418592663, -33.244868977864556], [-53.391666666666644, -33.24583333333331], [-53.39201999240449, -33.26075778537324], [-53.39548000759547, -33.26424221462671], [-53.395833333333314, -33.27083333333331], [-53.39643181694876, -33.29075113932289], [-53.40443132188583, -33.2928039550781], [-53.4004687839084, -33.297916666666644], [-53.40359937879772, -33.30195617675779], [-53.40416666666665, -33.304166666666646], [-53.40195617675779, -33.304733954535564], [-53.39804382324217, -33.30776604546438], [-53.39140201144746, -33.309470621744765], [-53.39536454942489, -33.31458333333331], [-53.39213545057507, -33.31874999999997], [-53.39536454942489, -33.32291666666664], [-53.39223395453557, -33.32695617675779], [-53.391099378797726, -33.33554382324216], [-53.386932712131056, -33.340920003255185], [-53.38806728786891, -33.343877156575495], [-53.391099378797726, -33.34778951009112], [-53.391666666666644, -33.34999999999997], [-53.38924221462672, -33.35035332573782], [-53.38159111870658, -33.357980007595465], [-53.37745378282333, -33.358686659071154], [-53.37325778537324, -33.35451999240449], [-53.368408881293384, -33.353813340928795], [-53.36492445203991, -33.35035332573782], [-53.35174221462672, -33.34964667426213], [-53.34825778537324, -33.34618665907116], [-53.343408881293385, -33.34548000759546], [-53.33992445203991, -33.34201999240449], [-53.31495378282333, -33.34131334092879], [-53.31075778537324, -33.34548000759546], [-53.29411892361109, -33.34618665907116], [-53.28785400390623, -33.33995293511282], [-53.28749999999998, -33.324999999999974], [-53.28714667426213, -33.32257554796004], [-53.27118665907116, -33.30659111870657], [-53.27047882080076, -33.28921339246959], [-53.26492445203991, -33.28368665907116], [-53.26249999999998, -33.28333333333331], [-53.26007554796005, -33.28368665907116], [-53.256591118706574, -33.287146674262125], [-53.241666666666646, -33.28749999999997], [-53.24223395453557, -33.28971048990883], [-53.24526604546439, -33.29362284342446], [-53.246400621202234, -33.30221048990883], [-53.25473395453557, -33.31156277126733], [-53.25359937879772, -33.318877156575496], [-53.250567287868904, -33.32278951009112], [-53.249376424153624, -33.344924248589386], [-53.24206254747177, -33.346801079644074], [-53.2380672878689, -33.35195617675779], [-53.23664906819659, -33.357482571072026], [-53.23112284342446, -33.35890062120223], [-53.223043823242165, -33.36609937879772], [-53.22083333333331, -33.366666666666646], [-53.21751759847003, -33.367517428927925], [-53.21666666666665, -33.37083333333331], [-53.21581573486326, -33.37414923773869], [-53.21249999999998, -33.37499999999998], [-53.21214667426213, -33.377424452039904], [-53.20868665907116, -33.38090888129338], [-53.208333333333314, -33.38333333333331], [-53.21054382324217, -33.38390062120223], [-53.215698920355884, -33.3878960503472], [-53.21723395453557, -33.3938771565755], [-53.22026604546439, -33.39778951009112], [-53.221720716688345, -33.40345831976994], [-53.23244594997828, -33.40487501356334], [-53.23390062120224, -33.410543823242165], [-53.25904218885631, -33.43661261664494], [-53.26249999999998, -33.43749999999998], [-53.2630672878689, -33.43971048990883], [-53.26609937879772, -33.44362284342446], [-53.26751759847003, -33.449149237738695], [-53.27304382324217, -33.4505672878689], [-53.281122843424455, -33.45776604546439], [-53.28333333333331, -33.45833333333331], [-53.289710489908835, -33.45890062120223], [-53.29362284342446, -33.46193271213105], [-53.29937642415363, -33.4634090847439], [-53.29999999999998, -33.47499999999998], [-53.31075778537324, -33.47535332573783], [-53.31424221462672, -33.478813340928795], [-53.31666666666665, -33.47916666666664], [-53.3170199924045, -33.481591118706575], [-53.324646674262134, -33.489242214626714], [-53.32535332573783, -33.49409111870658], [-53.3288133409288, -33.49757554796005], [-53.32951999240449, -33.50242445203991], [-53.33714667426213, -33.51007554796005], [-53.337853325737825, -33.51492445203991], [-53.34964667426213, -33.526742214626715], [-53.35035807291665, -33.531623670789905], [-53.35590888129338, -33.53714667426213], [-53.360757785373245, -33.53785332573783], [-53.364242214626714, -33.541313340928795], [-53.36912350124781, -33.54202473958331], [-53.37464667426213, -33.547575547960044], [-53.37499999999998, -33.554166666666646], [-53.378315734863264, -33.555017428927925], [-53.37973395453557, -33.56054382324216], [-53.391099378797726, -33.57278951009113], [-53.392517598470036, -33.57831590440536], [-53.395833333333314, -33.579166666666644], [-53.39929148356118, -33.58005405002168], [-53.4005672878689, -33.58971048990883], [-53.40359937879772, -33.593622843424455], [-53.40473395453557, -33.602210489908835], [-53.411932712131055, -33.61028951009112], [-53.413067287868905, -33.61471048990883], [-53.41762644449868, -33.620177544487824], [-53.4313771565755, -33.621400621202234], [-53.435289510091124, -33.62443271213105], [-53.43749999999998, -33.62499999999998], [-53.43785332573783, -33.62742445203991], [-53.4420199924045, -33.631620279947896], [-53.4413133409288, -33.63992445203991], [-53.43751458062064, -33.643749999999976], [-53.4413133409288, -33.647575547960045], [-53.442024400499115, -33.652454969618034], [-53.45174221462672, -33.66214667426213], [-53.454166666666644, -33.66249999999998], [-53.45451999240449, -33.66492445203991], [-53.45798000759547, -33.66840888129338], [-53.45868665907116, -33.673257785373245], [-53.46214667426214, -33.676742214626714], [-53.462853325737825, -33.68159111870658], [-53.4663133409288, -33.68507554796005], [-53.46666666666665, -33.69999999999998], [-53.469982401529926, -33.70085076226126], [-53.471400621202235, -33.7063771565755], [-53.48693271213106, -33.722789510091125], [-53.4880672878689, -33.727210489908835], [-53.49109937879773, -33.73112284342446], [-53.49223395453557, -33.73971048990883], [-53.49526604546439, -33.74362284342446], [-53.49640062120224, -33.74804382324216], [-53.49943271213106, -33.751956176757794], [-53.500567287868904, -33.760543823242166], [-53.50359937879772, -33.76445617675779], [-53.50416666666665, -33.77499999999998], [-53.5045199924045, -33.83575778537325], [-53.507980007595464, -33.839242214626715], [-53.50868665907116, -33.84825778537324], [-53.512146674262134, -33.85174221462672], [-53.51249999999998, -33.85416666666664], [-53.51285332573783, -33.856591118706575], [-53.51701999240449, -33.86078694661456], [-53.516313340928804, -33.87325778537324], [-53.512146674262134, -33.87745361328123], [-53.51285332573783, -33.889924452039914], [-53.516313340928804, -33.89340888129338], [-53.51701999240449, -33.89825778537325], [-53.52048000759547, -33.901742214626715], [-53.520833333333314, -33.92499999999998], [-53.521362813313786, -33.92724812825519], [-53.52447052001951, -33.931085205078105], [-53.52552947998045, -33.94391479492185], [-53.532803853352846, -33.95191853841144], [-53.53386281331378, -33.956414794921855], [-53.536970520019516, -33.960251871744774], [-53.53802947998045, -33.96891479492186], [-53.54544508192272, -33.97707383897568], [-53.54113718668618, -33.982392713758664], [-53.542196146647115, -33.985581461588524], [-53.54530385335285, -33.98941853841144], [-53.54659186469182, -33.99488728841144], [-53.55191836886934, -33.99947035047741], [-53.56157565646699, -34.00065104166665], [-53.56298200819226, -34.00516594780814], [-53.55886281331378, -34.01025187174477], [-53.557803853352844, -34.02724812825519], [-53.55469614664712, -34.03108520507811], [-53.554166666666646, -34.03333333333332], [-53.5563771565755, -34.03390062120222], [-53.561532253689215, -34.03789588080509], [-53.56335093180337, -34.044982401529914], [-53.5688771565755, -34.046400621202224], [-53.57278951009113, -34.04943271213104], [-53.577210489908836, -34.05056728786889], [-53.58528951009113, -34.057766045464376], [-53.58971048990884, -34.05890062120222], [-53.61862284342446, -34.086932712131045], [-53.620833333333316, -34.087499999999984], [-53.6216842651367, -34.09081573486325], [-53.62721048990883, -34.09223395453556], [-53.6394561767578, -34.10359937879771], [-53.64498240152993, -34.10501759847002], [-53.646753099229585, -34.11191711425778], [-53.65612284342446, -34.120266045464376], [-53.66054382324217, -34.12140062120222], [-53.66862284342446, -34.12859937879771], [-53.67304382324217, -34.12973395453556], [-53.68528951009113, -34.14109937879771], [-53.68971048990883, -34.142233954535556], [-53.71445617675779, -34.16609937879771], [-53.7188771565755, -34.167233954535554], [-53.722789510091125, -34.17026604546437], [-53.72499999999998, -34.1708333333333], [-53.725567287868905, -34.17304382324215], [-53.74526604546439, -34.19362284342444], [-53.746753099229586, -34.19941711425778], [-53.756122843424464, -34.207766045464375], [-53.7616490681966, -34.209184265136685], [-53.76339959038627, -34.21600545247392], [-53.770833333333314, -34.21666666666663], [-53.77145097520614, -34.21450653076169], [-53.774382358127156, -34.21049346923825], [-53.775971645779066, -34.20493486192488], [-53.78549346923826, -34.2035490247938], [-53.7895065307617, -34.200617641872796], [-53.7938268025716, -34.19938235812714], [-53.79783986409504, -34.19645097520613], [-53.840852016872816, -34.19518042670352], [-53.84228430853948, -34.18533986409502], [-53.846164449055976, -34.180028110080265], [-53.8563268025716, -34.1785490247938], [-53.86033986409504, -34.1756176418728], [-53.86249999999998, -34.17499999999997], [-53.862146674262135, -34.17257554796004], [-53.85868665907117, -34.16909111870656], [-53.85798000759547, -34.164951070149705], [-53.866313340928805, -34.156591118706565], [-53.8670199924045, -34.1517422146267], [-53.87254316541882, -34.14619140624997], [-53.87742445203992, -34.14548000759545], [-53.88297526041665, -34.13995683458113], [-53.88368665907117, -34.135075547960035], [-53.891313340928804, -34.1274244520399], [-53.8920199924045, -34.12328711615665], [-53.887514580620646, -34.11874999999996], [-53.891313340928804, -34.114924452039894], [-53.8920199924045, -34.11078440348304], [-53.88368665907117, -34.1024244520399], [-53.88333333333332, -34.099999999999966], [-53.893877156575506, -34.09943271213104], [-53.89778951009113, -34.09640062120222], [-53.90221048990884, -34.09526604546438], [-53.907365587022554, -34.09127078586151], [-53.9091842651367, -34.084184265136685], [-53.91471048990884, -34.082766045464375], [-53.920214165581584, -34.07817620171438], [-53.92083333333332, -34.066666666666634], [-53.921684265136705, -34.06335093180335], [-53.92499999999998, -34.062499999999964], [-53.933333333333316, -34.06249999999998], [-53.93430107964408, -34.06627078586151], [-53.939456176757794, -34.07026604546438], [-53.95326707628037, -34.07149454752601], [-53.95473395453558, -34.07721048990882], [-53.96609937879773, -34.08945617675778], [-53.96751759847004, -34.09498240152991], [-53.9741490681966, -34.09668426513669], [-53.97591976589625, -34.103583780924446], [-53.98528951009113, -34.11193271213104], [-53.99100545247394, -34.11339959038625], [-53.99223395453558, -34.12721048990882], [-53.9953645494249, -34.131249999999966], [-53.99109937879773, -34.136753336588505], [-53.992405361599374, -34.144953579372796], [-53.99804382324217, -34.146400621202226], [-54.0019561767578, -34.149432712131045], [-54.018877156575506, -34.15056728786889], [-54.02278951009113, -34.15359937879771], [-54.029166666666654, -34.15416666666663], [-54.02983466254339, -34.17002088758677], [-54.041335550944, -34.17169477674693], [-54.04521569146049, -34.17700653076169], [-54.04583333333332, -34.17916666666663], [-54.06075778537325, -34.17951999240448], [-54.06840888129339, -34.18714667426212], [-54.07083333333332, -34.187499999999964], [-54.081591118706584, -34.18785332573781], [-54.08507554796005, -34.19131334092879], [-54.08992445203992, -34.19201999240448], [-54.097575547960055, -34.19964667426212], [-54.09999999999999, -34.19999999999997], [-54.11075778537323, -34.19964667426212], [-54.11424221462671, -34.196186659071145], [-54.12254638671872, -34.19548000759545], [-54.12674221462671, -34.19964667426212], [-54.13504638671872, -34.200353325737815], [-54.139242214626705, -34.196186659071145], [-54.14825778537323, -34.19548000759545], [-54.15174221462671, -34.19201999240448], [-54.160757785373235, -34.19131334092879], [-54.164242214626704, -34.18785332573781], [-54.170833333333306, -34.187499999999964], [-54.17414923773869, -34.18835093180335], [-54.175567287868894, -34.19387715657549], [-54.186932712131046, -34.206122843424446], [-54.1880672878689, -34.210543823242155], [-54.209029473198754, -34.23244272867835], [-54.214710489908825, -34.233900621202224], [-54.21862284342445, -34.23693271213104], [-54.224149237738686, -34.23835093180335], [-54.22556728786889, -34.243877156575486], [-54.22956271701386, -34.2490322536892], [-54.23664923773869, -34.250850931803356], [-54.238067287868894, -34.25637715657549], [-54.24526604546438, -34.26445617675778], [-54.2458333333333, -34.27916666666663], [-54.254166666666634, -34.27916666666663], [-54.25538160536021, -34.28390062120222], [-54.25776604546438, -34.28137715657549], [-54.258333333333304, -34.27916666666663], [-54.262499999999974, -34.27916666666663], [-54.27304382324216, -34.27973395453556], [-54.28112284342445, -34.28693271213104], [-54.286649237738686, -34.28835093180335], [-54.2880672878689, -34.29387715657549], [-54.29109937879772, -34.297789510091114], [-54.29251742892792, -34.30331573486325], [-54.295833333333306, -34.30416666666663], [-54.296186659071154, -34.29757554796004], [-54.30588107638886, -34.28785485161672], [-54.31909111870657, -34.28714667426212], [-54.32257554796004, -34.28368665907115], [-54.326715766058996, -34.282980007595455], [-54.33507554796004, -34.29131334092879], [-54.3399244520399, -34.292019992404484], [-54.34340888129337, -34.29548000759545], [-54.34754977756074, -34.29618665907115], [-54.360075547960044, -34.28368665907115], [-54.3649244520399, -34.282980007595455], [-54.36840888129338, -34.27951999240448], [-54.37499999999997, -34.27916666666663], [-54.37499999999997, -34.27499999999997]]]}}, {"type": "Feature", "properties": {"nome": "Arroio Chui / fronteira", "hybas_id": 6060886210, "area_km2": 2809.0, "pfaf": 641407, "cor": "#B07AA1"}, "geometry": {"type": "Polygon", "coordinates": [[[-54.28749999999997, -33.01666666666664], [-54.28835076226126, -33.01335076226126], [-54.295159573025146, -33.0116034613715], [-54.29640062120223, -32.99925333658852], [-54.29223395453556, -32.99387715657549], [-54.29109937879772, -32.97695617675779], [-54.2880672878689, -32.97304382324216], [-54.28693271213105, -32.94288160536021], [-54.29520975748695, -32.94075758192272], [-54.295833333333306, -32.92916666666664], [-54.29548000759546, -32.92674221462671], [-54.292019992404484, -32.92325778537324], [-54.291666666666636, -32.91249999999997], [-54.29131334092879, -32.90590888129338], [-54.28785332573782, -32.9024244520399], [-54.28749999999997, -32.87083333333331], [-54.28837958441837, -32.867405531141465], [-54.29657999674476, -32.86609937879771], [-54.301956176757784, -32.87026604546438], [-54.30637715657549, -32.87140062120223], [-54.31028951009112, -32.874432712131046], [-54.32177056206594, -32.8755672878689], [-54.33241373697914, -32.86608378092445], [-54.334470621744764, -32.85806884765622], [-54.339456176757785, -32.86193271213105], [-54.35074666341143, -32.863067287868894], [-54.35612284342445, -32.85890062120223], [-54.36666666666664, -32.858333333333306], [-54.367517428927925, -32.85501742892792], [-54.373043823242156, -32.85359937879772], [-54.37695617675779, -32.8505672878689], [-54.38661261664494, -32.84929165310327], [-54.38863728841143, -32.84140201144746], [-54.39362284342445, -32.845266045464385], [-54.40085008409285, -32.84640062120223], [-54.40762905544702, -32.84074723985457], [-54.40890062120223, -32.83112284342445], [-54.42026604546438, -32.818877156575496], [-54.42154168023001, -32.80922071668834], [-54.42721048990882, -32.80776604546438], [-54.43528951009112, -32.800567287868894], [-54.445833333333304, -32.79999999999997], [-54.449999999999974, -32.79999999999997], [-54.449999999999974, -32.7833333333333], [-54.44262661404077, -32.78267737494572], [-54.4380672878689, -32.777210489908825], [-54.436649237738685, -32.77168426513669], [-54.43333333333331, -32.77083333333331], [-54.43298000759546, -32.764242214626705], [-54.42951999240449, -32.76075778537324], [-54.42916666666664, -32.754166666666634], [-54.422575547960044, -32.753813340928794], [-54.41909111870657, -32.75035332573782], [-54.40416666666664, -32.74999999999997], [-54.403599378797715, -32.74362284342445], [-54.400567287868896, -32.73971048990882], [-54.39943271213105, -32.735289510091114], [-54.39640062120223, -32.73137715657549], [-54.39494594997827, -32.72570851643877], [-54.38528951009112, -32.72443271213105], [-54.380134412977405, -32.72043745252818], [-54.378315904405355, -32.713350931803355], [-54.37278951009112, -32.711932712131045], [-54.36887715657549, -32.708900621202226], [-54.364456176757784, -32.70776604546438], [-54.35482143825952, -32.69902699788408], [-54.35350545247393, -32.68423292371959], [-54.346494547526014, -32.68243374294702], [-54.3458333333333, -32.67499999999997], [-54.345266045464385, -32.672789510091114], [-54.34223395453556, -32.66887715657549], [-54.34095831976994, -32.65922071668834], [-54.33397115071612, -32.6574276394314], [-54.33269551595049, -32.63840569390188], [-54.32695617675778, -32.63693271213105], [-54.32304382324216, -32.63390062120223], [-54.31862284342445, -32.63276604546438], [-54.310543823242156, -32.6255672878689], [-54.30612284342445, -32.624432712131046], [-54.29675292968747, -32.61608378092445], [-54.295833333333306, -32.61249999999997], [-54.28008015950518, -32.61310746934676], [-54.27802937825518, -32.621097988552485], [-54.27157999674476, -32.61609937879771], [-54.26445617675778, -32.617233954535564], [-54.25907999674476, -32.62140062120223], [-54.246782769097194, -32.62016482883026], [-54.242233954535564, -32.61471048990882], [-54.240698920355875, -32.60872921413843], [-54.23554382324216, -32.60473395453556], [-54.233333333333306, -32.604166666666636], [-54.23112284342445, -32.60473395453556], [-54.22721048990883, -32.60776604546438], [-54.22278951009112, -32.608900621202224], [-54.218877156575495, -32.61193271213104], [-54.214456176757785, -32.613067287868894], [-54.21054382324216, -32.61609937879771], [-54.205017428927924, -32.61751759847002], [-54.20416666666665, -32.6208333333333], [-54.20493808322481, -32.628395250108476], [-54.212499999999984, -32.629166666666634], [-54.21887715657551, -32.62973395453556], [-54.22426333957247, -32.634225802951356], [-54.22556728786891, -32.64241333007809], [-54.22140062120224, -32.647789510091116], [-54.2202660454644, -32.652210489908825], [-54.21723395453558, -32.65612284342445], [-54.21609937879773, -32.66887715657549], [-54.21306728786891, -32.672789510091114], [-54.2116490681966, -32.678315734863254], [-54.20833333333331, -32.67916666666664], [-54.19674258761935, -32.67979024251299], [-54.19461839463975, -32.6880672878689], [-54.18112284342447, -32.686932712131046], [-54.175746663411445, -32.68276604546438], [-54.16346164279513, -32.68400048149954], [-54.15473395453558, -32.69362284342445], [-54.154166666666654, -32.699999999999974], [-54.1519561767578, -32.69943271213105], [-54.148043823242176, -32.69640062120223], [-54.1394561767578, -32.69526604546438], [-54.135407850477414, -32.69212849934893], [-54.12721048990884, -32.69943271213105], [-54.12278951009113, -32.70056728786889], [-54.11887715657551, -32.70359937879771], [-54.109220716688355, -32.70487518310544], [-54.107766045464395, -32.71054382324216], [-54.104733954535575, -32.714456176757785], [-54.10295172797308, -32.72140062120223], [-54.09778951009113, -32.72026604546438], [-54.09387715657551, -32.71723395453556], [-54.0894561767578, -32.716099378797715], [-54.08540785047742, -32.71296183268226], [-54.07721048990884, -32.72026604546438], [-54.072789510091134, -32.72140062120223], [-54.0688771565755, -32.72443271213105], [-54.05612284342446, -32.7255672878689], [-54.050746663411445, -32.72973395453556], [-54.043622843424465, -32.72859937879771], [-54.03971048990884, -32.7255672878689], [-54.029166666666654, -32.72499999999997], [-54.0295199924045, -32.7399244520399], [-54.033686659071165, -32.74412044948999], [-54.032978820800764, -32.760786777072454], [-54.02742445203992, -32.76631334092879], [-54.02083333333332, -32.76666666666664], [-54.02083333333332, -32.77083333333331], [-54.02419230143228, -32.771695285373234], [-54.02556728786891, -32.77795172797306], [-54.01862284342447, -32.77973395453556], [-54.014710489908836, -32.782766045464385], [-54.010289510091134, -32.78390062120223], [-54.0063771565755, -32.78693271213105], [-54.0019561767578, -32.7880672878689], [-53.99680107964408, -32.79206254747176], [-53.9952660454644, -32.79804382324216], [-53.99223395453558, -32.801956176757784], [-53.99166666666665, -32.80833333333331], [-53.99102393256292, -32.81046837700735], [-53.98814273410372, -32.81453162299259], [-53.98623843722872, -32.8208568996853], [-53.981301710340695, -32.82435726589624], [-53.977031622992605, -32.8256427341037], [-53.97296837700736, -32.8285239325629], [-53.96869828965927, -32.82980940077037], [-53.956301710340696, -32.841023932562905], [-53.95203162299261, -32.84230940077037], [-53.94380171034069, -32.84935709635414], [-53.92993808322481, -32.85077141655813], [-53.92852393256292, -32.864634874131916], [-53.92564273410372, -32.86869845920136], [-53.924202134874115, -32.878152465820285], [-53.9176308525933, -32.88013102213539], [-53.91602393256292, -32.88546820746525], [-53.913142734103715, -32.8895317925347], [-53.91185726589625, -32.893801540798584], [-53.90897606743705, -32.89786512586803], [-53.90833333333332, -32.89999999999997], [-53.895833333333314, -32.89999999999997], [-53.8645065307617, -32.9006174723307], [-53.860493469238264, -32.90354919433591], [-53.852006530761706, -32.90478413899737], [-53.84799346923826, -32.90771586100258], [-53.843673197428366, -32.908950805664034], [-53.839583333333316, -32.91193847656247], [-53.835493469238266, -32.908950805664034], [-53.83117319742837, -32.90771586100258], [-53.82708333333332, -32.90472819010414], [-53.82299346923826, -32.90771586100258], [-53.813205634223074, -32.90914035373261], [-53.811795552571596, -32.92834201388886], [-53.8063268025716, -32.93271586100258], [-53.80071716308592, -32.934319729275146], [-53.79999999999998, -32.94166666666664], [-53.799124484592, -32.9502502441406], [-53.79374508327906, -32.94643622504338], [-53.78546837700736, -32.953523763020804], [-53.77521938747828, -32.955085584852405], [-53.77147606743705, -32.96036512586803], [-53.76998680962455, -32.97013854980466], [-53.73834652370875, -32.971528116861954], [-53.736664157443556, -32.982568698459175], [-53.722864956325935, -32.98397623697914], [-53.706301710340696, -32.99935709635414], [-53.70203162299261, -33.000642903645804], [-53.69796837700736, -33.00352376302081], [-53.693698289659274, -33.004809570312474], [-53.68963504367403, -33.00769042968747], [-53.687499999999986, -33.008333333333304], [-53.68714667426214, -33.01909111870657], [-53.683686659071164, -33.022575547960045], [-53.683333333333316, -33.02499999999997], [-53.68390062120224, -33.027210489908825], [-53.692032538519946, -33.03633694118921], [-53.68276604546439, -33.03871493869355], [-53.68414866129555, -33.04500562879772], [-53.7019561767578, -33.06193271213105], [-53.70416666666665, -33.06249999999997], [-53.702957322862396, -33.06651679144963], [-53.69380171034069, -33.07435709635414], [-53.67891642252602, -33.07587551540796], [-53.68331807454425, -33.082083468966985], [-53.6770316229926, -33.08397623697914], [-53.67296837700736, -33.08685709635414], [-53.66299523247611, -33.088376871744764], [-53.65064273410371, -33.102031792534696], [-53.64935726589625, -33.10630154079858], [-53.64519059922958, -33.11217820909285], [-53.64647606743705, -33.114634874131916], [-53.65064273410371, -33.120511542426186], [-53.64935726589625, -33.13130154079859], [-53.64647606743705, -33.13536512586803], [-53.64519059922958, -33.13963487413192], [-53.64230940077038, -33.14369845920136], [-53.64166666666665, -33.14583333333331], [-53.62916666666665, -33.14583333333331], [-53.62916666666665, -33.14166666666664], [-53.624999999999986, -33.14166666666664], [-53.62443271213106, -33.14387715657549], [-53.62026604546439, -33.149253336588515], [-53.62156999376083, -33.15744086371525], [-53.626956176757794, -33.16193271213105], [-53.63248240152993, -33.16335076226126], [-53.63333333333332, -33.16666666666664], [-53.645833333333314, -33.16666666666664], [-53.65221048990884, -33.16723395453556], [-53.65612284342446, -33.17026604546439], [-53.661649068196596, -33.17168409559459], [-53.663067287868905, -33.17721048990883], [-53.666099378797725, -33.181122843424454], [-53.667233954535575, -33.223043823242165], [-53.670266045464395, -33.22695617675779], [-53.67140062120224, -33.2313771565755], [-53.67859937879773, -33.239456176757784], [-53.679166666666646, -33.24583333333331], [-53.6813771565755, -33.246400621202234], [-53.68957451714408, -33.25370483398435], [-53.693622843424464, -33.2505672878689], [-53.706377156575506, -33.24943271213105], [-53.71028951009113, -33.246400621202234], [-53.7188771565755, -33.24526604546438], [-53.722789510091125, -33.242233954535564], [-53.732445949978285, -33.24095831976994], [-53.734241570366734, -33.23396063910588], [-53.75512627495658, -33.23276604546439], [-53.76662648518879, -33.24319695366751], [-53.762968783908406, -33.24791666666664], [-53.76619788275823, -33.25208333333331], [-53.76306728786891, -33.25612284342446], [-53.761932712131056, -33.2862850613064], [-53.768877156575506, -33.2880672878689], [-53.778246900770384, -33.296416219075496], [-53.78004760742186, -33.30343254937063], [-53.78843722873262, -33.304733954535564], [-53.79778951009113, -33.29640062120223], [-53.80416666666665, -33.295833333333306], [-53.8063268025716, -33.29645080566404], [-53.815834893120645, -33.304701741536434], [-53.81761525472004, -33.316934204101535], [-53.82283986409504, -33.3131174723307], [-53.82546912299261, -33.31188252766925], [-53.832174513075074, -33.31678059895831], [-53.83431955973305, -33.32428283691404], [-53.84166666666665, -33.324999999999974], [-53.8491973876953, -33.32426486545136], [-53.850617641872816, -33.31450636121959], [-53.85360514322915, -33.31041666666664], [-53.850617641872816, -33.30632697211369], [-53.84938235812715, -33.29536404079859], [-53.85428059895832, -33.28865865071612], [-53.860493469238264, -33.28688252766925], [-53.86867319742837, -33.27978413899737], [-53.870833333333316, -33.27916666666664], [-53.870833333333316, -33.27499999999998], [-53.87140062120224, -33.26445617675779], [-53.87443271213106, -33.26054382324216], [-53.875567287868904, -33.25612284342446], [-53.87859937879773, -33.252210489908826], [-53.879733954535574, -33.23112284342445], [-53.88372921413844, -33.22596774631074], [-53.89081573486327, -33.22414923773869], [-53.89223395453558, -33.218622843424455], [-53.895266045464396, -33.21471048990883], [-53.895833333333314, -33.21249999999998], [-53.89669409857854, -33.209489271375844], [-53.900469122992604, -33.207715861002576], [-53.90617319742837, -33.211882527669246], [-53.915872531466995, -33.213294135199625], [-53.917399258083755, -33.223784044053794], [-53.92130245632594, -33.225617472330704], [-53.9270065307617, -33.221450805664034], [-53.93681199815536, -33.22002393934459], [-53.937499999999986, -33.20833333333331], [-53.93842061360675, -33.20474616156682], [-53.98749999999998, -33.204166666666644], [-54.0063771565755, -33.20359937879772], [-54.010289510091134, -33.2005672878689], [-54.03137715657551, -33.19943271213105], [-54.03528951009113, -33.19640062120223], [-54.048043823242175, -33.195266045464386], [-54.0519561767578, -33.19223395453557], [-54.06054382324217, -33.191099378797716], [-54.068622843424464, -33.183900621202234], [-54.07304382324217, -33.18276604546438], [-54.0769561767578, -33.179733954535564], [-54.081377156575506, -33.17859937879772], [-54.08528951009113, -33.1755672878689], [-54.10221048990884, -33.17443271213105], [-54.110289510091135, -33.16723395453556], [-54.11471048990884, -33.16609937879772], [-54.11862284342447, -33.1630672878689], [-54.12574666341145, -33.16193271213105], [-54.131122843424464, -33.16609937879772], [-54.15491333007811, -33.16723395453556], [-54.16028951009113, -33.1630672878689], [-54.16565992567273, -33.16168891059025], [-54.167233954535575, -33.15758666992185], [-54.16229858398436, -33.15121866861976], [-54.16334567599825, -33.14654744466143], [-54.173043823242175, -33.14526604546438], [-54.1769561767578, -33.14223395453556], [-54.235543823242175, -33.14109937879772], [-54.24362284342447, -33.13390062120223], [-54.2491490681966, -33.132482571072025], [-54.25056728786891, -33.12695617675779], [-54.25926259358722, -33.11736958821612], [-54.268877156575506, -33.11609937879772], [-54.27278951009113, -33.1130672878689], [-54.28333333333332, -33.112499999999976], [-54.283686659071165, -33.10174221462671], [-54.28714667426214, -33.098257785373235], [-54.28749999999997, -33.09166666666664], [-54.2880672878689, -33.089456176757785], [-54.29223395453556, -33.08407999674476], [-54.29109937879772, -33.06862284342445], [-54.28693271213105, -33.063246663411434], [-54.2880672878689, -33.056122843424454], [-54.29223395453556, -33.05074666341143], [-54.29092780219181, -33.04254625108504], [-54.28749999999997, -33.04166666666664], [-54.28749999999997, -33.0333333333333], [-54.28749999999997, -33.01666666666664]]]}}, {"type": "Feature", "properties": {"nome": "Alto Cebollat\u00ed (UY)", "hybas_id": 6060887500, "area_km2": 5442.0, "pfaf": 641408, "cor": "#9C755F"}, "geometry": {"type": "Polygon", "coordinates": [[[-53.98749999999998, -33.204166666666644], [-53.93842061360675, -33.20474616156682], [-53.937499999999986, -33.20833333333331], [-53.93681199815536, -33.22002393934459], [-53.9270065307617, -33.221450805664034], [-53.92130245632594, -33.225617472330704], [-53.917399258083755, -33.223784044053794], [-53.915872531466995, -33.213294135199625], [-53.90617319742837, -33.211882527669246], [-53.900469122992604, -33.207715861002576], [-53.89669409857854, -33.209489271375844], [-53.895833333333314, -33.21249999999998], [-53.895266045464396, -33.21471048990883], [-53.89223395453558, -33.218622843424455], [-53.89081573486327, -33.22414923773869], [-53.88372921413844, -33.22596774631074], [-53.879733954535574, -33.23112284342445], [-53.87859937879773, -33.252210489908826], [-53.875567287868904, -33.25612284342446], [-53.87443271213106, -33.26054382324216], [-53.87140062120224, -33.26445617675779], [-53.870833333333316, -33.27499999999998], [-53.870833333333316, -33.27916666666664], [-53.870833333333316, -33.28333333333331], [-53.87742445203992, -33.28368665907116], [-53.88090888129339, -33.287146674262125], [-53.89825778537325, -33.28785332573782], [-53.90174221462672, -33.291313340928795], [-53.90659111870658, -33.29201999240449], [-53.91840888129339, -33.3038133409288], [-53.923257785373245, -33.30451999240449], [-53.927083333333314, -33.30831875271265], [-53.93090888129339, -33.30451999240449], [-53.93992445203992, -33.3038133409288], [-53.94340888129339, -33.300353325737824], [-53.94754621717664, -33.29964667426213], [-53.95174221462672, -33.3038133409288], [-53.96004621717663, -33.30451999240449], [-53.96424221462672, -33.300353325737824], [-53.96909111870658, -33.29964667426213], [-53.972575547960055, -33.296186659071154], [-53.97499999999999, -33.295833333333306], [-53.98971048990884, -33.29640062120223], [-53.99362284342446, -33.29943271213105], [-53.99657999674478, -33.3005672878689], [-54.0019561767578, -33.29640062120223], [-54.01161261664495, -33.295124986436605], [-54.01331854926214, -33.28847724066838], [-54.01760389539929, -33.286932712131055], [-54.02707451714408, -33.295371500651015], [-54.03112284342446, -33.29223395453557], [-54.03749999999999, -33.29166666666664], [-54.03971048990884, -33.29223395453557], [-54.043622843424465, -33.29526604546439], [-54.06575741238063, -33.29645690917966], [-54.067477586534274, -33.303159925672716], [-54.07157999674478, -33.304733954535564], [-54.0769561767578, -33.3005672878689], [-54.0926547580295, -33.29943271213105], [-54.106122843424465, -33.31193271213105], [-54.10833333333332, -33.31249999999998], [-54.119091118706585, -33.31214667426213], [-54.122575547960054, -33.30868665907116], [-54.13088226318358, -33.30798000759546], [-54.13924221462672, -33.316313340928794], [-54.144091118706584, -33.31701999240449], [-54.15174221462672, -33.32464667426213], [-54.16004926893445, -33.32535332573782], [-54.170478481716565, -33.31495225694442], [-54.17083333333332, -33.30833333333331], [-54.185757785373234, -33.30798000759546], [-54.193750339084175, -33.30001288519963], [-54.20797559950084, -33.31421237521699], [-54.20833333333331, -33.31666666666664], [-54.21054382324216, -33.316099378797716], [-54.214456176757785, -33.3130672878689], [-54.2362850613064, -33.31193271213105], [-54.238350762261256, -33.319982571072025], [-54.24498257107202, -33.32168409559459], [-54.24674513075084, -33.328552585177924], [-54.27408820258243, -33.32978074815536], [-54.27585076226126, -33.33664923773869], [-54.27916666666664, -33.33749999999998], [-54.281377156575495, -33.33693271213105], [-54.29362284342445, -33.3255672878689], [-54.30637715657549, -33.32443271213105], [-54.31445617675779, -33.31723395453557], [-54.32721048990883, -33.316099378797716], [-54.33112284342445, -33.3130672878689], [-54.33683878580727, -33.31160040961369], [-54.33749999999997, -33.304166666666646], [-54.34804382324216, -33.30359937879772], [-54.35195617675778, -33.3005672878689], [-54.36471048990882, -33.29943271213105], [-54.368622843424454, -33.29640062120223], [-54.373043823242156, -33.29526604546439], [-54.3770833333333, -33.29213528103296], [-54.38112284342445, -33.29526604546439], [-54.39804382324216, -33.29640062120223], [-54.401956176757785, -33.29943271213105], [-54.41161261664494, -33.30070834689668], [-54.4130672878689, -33.30637715657549], [-54.41609937879772, -33.310289510091124], [-54.41723395453556, -33.31471048990883], [-54.42859937879771, -33.32695617675779], [-54.429733954535564, -33.3313771565755], [-54.43276604546438, -33.33528951009112], [-54.43333333333331, -33.33749999999998], [-54.43554382324216, -33.33693271213105], [-54.4395833333333, -33.33380194769963], [-54.44362284342445, -33.33693271213105], [-54.45637715657549, -33.3380672878689], [-54.460289510091116, -33.34109937879772], [-54.47410040961369, -33.34232788085935], [-54.4755672878689, -33.348043823242165], [-54.48066236707896, -33.35415344238279], [-54.48528951009112, -33.3505672878689], [-54.49387715657549, -33.349432712131055], [-54.49778951009112, -33.346400621202235], [-54.49999999999997, -33.34583333333331], [-54.51471048990883, -33.346400621202235], [-54.51862284342445, -33.349432712131055], [-54.52157999674476, -33.3505672878689], [-54.526956176757785, -33.346400621202235], [-54.542516750759525, -33.345266045464385], [-54.54934421115449, -33.35095994737411], [-54.550567287868894, -33.36471048990883], [-54.55359937879771, -33.368622843424454], [-54.554733954535564, -33.37304382324216], [-54.55776604546438, -33.37695617675779], [-54.55890062120223, -33.38971048990883], [-54.56193271213105, -33.39362284342445], [-54.56338738335501, -33.399291653103276], [-54.57304382324216, -33.4005672878689], [-54.58241373697914, -33.4089162190755], [-54.58333333333331, -33.41249999999998], [-54.598043823242165, -33.411932712131055], [-54.60195617675779, -33.408900621202235], [-54.6049133300781, -33.407766045464385], [-54.61028951009112, -33.411932712131055], [-54.6174133300781, -33.4130672878689], [-54.62403225368921, -33.40793728298609], [-54.62588738335501, -33.40070834689668], [-54.63554382324216, -33.39943271213105], [-54.639583333333306, -33.39630194769963], [-54.643749999999976, -33.39953138563366], [-54.64778951009112, -33.39640062120223], [-54.652210489908825, -33.39526604546439], [-54.656122843424455, -33.39223395453557], [-54.674999999999976, -33.391666666666644], [-54.67721048990883, -33.39223395453557], [-54.69362284342446, -33.407766045464385], [-54.69804382324216, -33.408900621202235], [-54.70195617675779, -33.411932712131055], [-54.7076721191406, -33.41339959038626], [-54.70833333333331, -33.42083333333331], [-54.71164923773869, -33.42168409559459], [-54.71249999999998, -33.424999999999976], [-54.71909111870657, -33.425353325737824], [-54.72257554796005, -33.4288133409288], [-54.72499999999997, -33.429166666666646], [-54.7255672878689, -33.43554382324216], [-54.73693271213105, -33.44778951009112], [-54.73835076226126, -33.45331590440536], [-54.74543728298609, -33.45513441297741], [-54.74943271213105, -33.46028951009112], [-54.74999999999997, -33.46666666666664], [-54.76075778537324, -33.46701999240449], [-54.768408881293375, -33.47464667426213], [-54.79166666666664, -33.47499999999998], [-54.79202440049911, -33.47745496961803], [-54.801742214626714, -33.48714667426213], [-54.80659111870657, -33.487853325737824], [-54.81007554796005, -33.4913133409288], [-54.81249999999998, -33.491666666666646], [-54.8130672878689, -33.4938771565755], [-54.816099378797716, -33.497789510091124], [-54.81723395453557, -33.506377156575496], [-54.820266045464386, -33.51028951009112], [-54.82154168023001, -33.51994594997828], [-54.828583780924454, -33.52175292968748], [-54.83693271213105, -33.531122843424455], [-54.8380672878689, -33.5438771565755], [-54.84109937879772, -33.54778951009112], [-54.84251742892793, -33.55331590440536], [-54.84583333333331, -33.554166666666646], [-54.84825778537324, -33.5538133409288], [-54.85174221462671, -33.550353325737824], [-54.86492445203991, -33.54964667426213], [-54.86840888129338, -33.54618665907116], [-54.872546386718724, -33.545480007595465], [-54.87674221462671, -33.54964667426213], [-54.885757785373244, -33.550353325737824], [-54.88924221462671, -33.5538133409288], [-54.891666666666644, -33.554166666666646], [-54.90741984049477, -33.55355902777776], [-54.908900621202235, -33.54778951009112], [-54.91763949924043, -33.53815477159286], [-54.9313771565755, -33.536932712131055], [-54.936844211154494, -33.532373385959175], [-54.93749999999998, -33.52499999999998], [-54.948257785373244, -33.525353325737825], [-54.95174221462671, -33.5288133409288], [-54.95659111870658, -33.52951999240449], [-54.960075547960045, -33.53298000759546], [-54.968383110894074, -33.53368665907116], [-54.98090888129338, -33.521186659071155], [-54.98504638671873, -33.52048000759547], [-54.989242214626714, -33.52464667426213], [-55.00242445203991, -33.525353325737825], [-55.01007554796005, -33.53298000759546], [-55.01492445203991, -33.53368665907116], [-55.01840888129338, -33.53714667426213], [-55.02916666666665, -33.53749999999998], [-55.04825778537324, -33.53714667426213], [-55.052083333333314, -33.53334791395397], [-55.05590888129338, -33.53714667426213], [-55.05833333333331, -33.53749999999998], [-55.06075778537324, -33.53714667426213], [-55.07257554796005, -33.525353325737825], [-55.08504638671873, -33.52464667426213], [-55.089242214626715, -33.5288133409288], [-55.09337972005206, -33.52951999240449], [-55.09757554796005, -33.525353325737825], [-55.106591118706575, -33.52464667426213], [-55.11007554796005, -33.521186659071155], [-55.11492445203991, -33.52048000759547], [-55.118408881293384, -33.51701999240449], [-55.12742445203991, -33.5163133409288], [-55.13090888129338, -33.51285332573782], [-55.13992445203991, -33.51214667426213], [-55.14340888129338, -33.50868665907116], [-55.145833333333314, -33.50833333333331], [-55.14548000759547, -33.50174221462672], [-55.1416812472873, -33.49791666666664], [-55.14548000759547, -33.49409111870658], [-55.14618665907116, -33.485075547960044], [-55.150353325737825, -33.48087972005206], [-55.149644978841124, -33.468381076388866], [-55.13992445203991, -33.458686659071155], [-55.13333333333331, -33.45833333333331], [-55.132980007595464, -33.44757554796005], [-55.12951999240449, -33.444091118706574], [-55.12916666666664, -33.44166666666664], [-55.12951999240449, -33.43924221462672], [-55.13921169704859, -33.429524400499105], [-55.14409111870658, -33.4288133409288], [-55.14964192708331, -33.42329033745657], [-55.14999999999998, -33.42083333333331], [-55.150353325737825, -33.41007554796005], [-55.15798000759546, -33.40242445203991], [-55.15868665907116, -33.37674221462671], [-55.162486267089825, -33.37291598849824], [-55.150353325737825, -33.36075778537324], [-55.14964667426213, -33.35590888129338], [-55.14618665907116, -33.352424452039905], [-55.14548000759547, -33.34340888129338], [-55.13785332573782, -33.33575778537324], [-55.137146674262134, -33.33090888129338], [-55.13334757486977, -33.32708299424911], [-55.13920966254338, -33.32119140624997], [-55.141666666666644, -33.32083333333331], [-55.141666666666644, -33.31666666666664], [-55.138082885742165, -33.315747070312476], [-55.12973395453557, -33.30637715657549], [-55.12859937879772, -33.30195617675779], [-55.121400621202234, -33.2938771565755], [-55.11991780598956, -33.28809848361543], [-55.09999999999998, -33.28749999999997], [-55.09914923773869, -33.290815904405356], [-55.09583333333331, -33.29166666666664], [-55.09548000759546, -33.28924221462671], [-55.09201999240449, -33.28575778537324], [-55.0913133409288, -33.27674221462671], [-55.087853325737825, -33.27325778537324], [-55.08749999999998, -33.27083333333331], [-55.08749999999998, -33.266666666666644], [-55.09166666666665, -33.266666666666644], [-55.09498257107202, -33.26581590440536], [-55.09583333333331, -33.262499999999974], [-55.09825778537324, -33.26214667426213], [-55.11214226616751, -33.24828762478296], [-55.112499999999976, -33.24583333333331], [-55.116666666666646, -33.24583333333331], [-55.124100409613696, -33.2451721191406], [-55.125567287868904, -33.239456176757784], [-55.1301571316189, -33.23395250108504], [-55.141666666666644, -33.233333333333306], [-55.14109937879772, -33.22695617675779], [-55.1380672878689, -33.223043823242165], [-55.136932712131056, -33.218622843424455], [-55.12858378092446, -33.20925292968747], [-55.121684095594595, -33.20748257107202], [-55.12026604546439, -33.20195617675779], [-55.11723395453557, -33.19804382324216], [-55.11609937879772, -33.19484524197046], [-55.12859937879772, -33.18137715657549], [-55.12973395453557, -33.178420003255184], [-55.125567287868904, -33.17304382324216], [-55.12443271213105, -33.16592000325518], [-55.12859937879772, -33.160543823242165], [-55.12973395453557, -33.153420003255185], [-55.125567287868904, -33.14804382324216], [-55.12443271213105, -33.14362284342445], [-55.12130194769963, -33.139583333333306], [-55.1253960503472, -33.134301079644075], [-55.131377156575496, -33.132766045464386], [-55.13684421115449, -33.12820671929251], [-55.137499999999974, -33.12083333333331], [-55.1339409722222, -33.11991984049477], [-55.13333333333331, -33.10416666666664], [-55.13236558702255, -33.10039605034719], [-55.12721048990883, -33.09640062120223], [-55.1214162190755, -33.09491373697914], [-55.1130672878689, -33.08554382324216], [-55.11161261664494, -33.07987501356334], [-55.10195617675779, -33.07859937879772], [-55.09657999674477, -33.07443271213105], [-55.093622843424455, -33.0755672878689], [-55.08824666341144, -33.07973395453556], [-55.08112284342446, -33.07859937879772], [-55.07721048990883, -33.0755672878689], [-55.07278951009113, -33.07443271213105], [-55.068877156575496, -33.07140062120223], [-55.056122843424454, -33.070266045464386], [-55.04804382324217, -33.0630672878689], [-55.03749999999998, -33.06249999999997], [-55.03714599609373, -33.04754706488713], [-55.03159111870657, -33.04201999240449], [-55.01840888129338, -33.041313340928795], [-55.01492445203991, -33.03785332573782], [-55.012499999999974, -33.03749999999997], [-55.0091840955946, -33.036649237738686], [-55.00833333333331, -33.0333333333333], [-55.008969455295116, -32.992483859591985], [-55.01882697211369, -32.99104919433591], [-55.0325985378689, -32.978362019856746], [-55.03333333333331, -32.9708333333333], [-55.03333333333331, -32.96666666666664], [-55.02916666666665, -32.96666666666664], [-55.02859937879772, -32.964456176757785], [-55.021295166015605, -32.956258816189205], [-55.02443271213105, -32.95221048990883], [-55.0255672878689, -32.94704827202688], [-55.01862284342445, -32.94526604546438], [-55.01471048990883, -32.94223395453556], [-55.0091840955946, -32.940815904405355], [-55.007482571072025, -32.93418409559459], [-55.000850762261265, -32.93248257107202], [-54.99999999999998, -32.92916666666664], [-54.99340888129338, -32.92881334092879], [-54.98992445203991, -32.92535332573782], [-54.97674221462671, -32.92464667426213], [-54.97325778537324, -32.921186659071154], [-54.96840888129338, -32.92048000759546], [-54.96421305338539, -32.916313340928795], [-54.960075547960045, -32.917019992404484], [-54.95587972005206, -32.921186659071154], [-54.93507554796005, -32.92048000759546], [-54.93087972005206, -32.916313340928795], [-54.91840888129338, -32.917019992404484], [-54.914924452039905, -32.92048000759546], [-54.90416666666664, -32.920833333333306], [-54.90381334092879, -32.91007554796004], [-54.89829033745657, -32.90452473958331], [-54.89340888129338, -32.90381334092879], [-54.88369106716578, -32.894121636284694], [-54.882980007595464, -32.889242214626705], [-54.877457004123244, -32.88369140624997], [-54.87257554796005, -32.88298000759546], [-54.86702473958331, -32.87745700412324], [-54.8663133409288, -32.87257554796004], [-54.862853325737824, -32.86909111870657], [-54.862499999999976, -32.86666666666664], [-54.85918409559459, -32.86581590440535], [-54.858333333333306, -32.86249999999997], [-54.85590888129338, -32.86214667426213], [-54.84825778537324, -32.854519992404484], [-54.84340888129338, -32.853813340928795], [-54.83921305338539, -32.849646674262125], [-54.82674221462671, -32.85035332573782], [-54.82325778537324, -32.853813340928795], [-54.82083333333331, -32.854166666666636], [-54.81993374294702, -32.850661214192684], [-54.806122843424454, -32.84943271213105], [-54.80221048990883, -32.84640062120223], [-54.799999999999976, -32.8458333333333], [-54.795833333333306, -32.8458333333333], [-54.79340888129338, -32.84618665907115], [-54.789924452039905, -32.849646674262125], [-54.78749999999997, -32.84999999999997], [-54.78333333333331, -32.84999999999997], [-54.78248257107202, -32.84668409559459], [-54.77916666666664, -32.8458333333333], [-54.77283969455293, -32.84521586100258], [-54.76466030544702, -32.8381176418728], [-54.7383110894097, -32.8368236965603], [-54.736882527669245, -32.82700653076169], [-54.733219401041644, -32.82199215359155], [-54.72592637803817, -32.81990695529511], [-54.72438252766925, -32.81450653076169], [-54.72071940104164, -32.80949215359155], [-54.71342637803817, -32.80740695529511], [-54.71249999999998, -32.80416666666664], [-54.704166666666644, -32.80416666666664], [-54.70174221462671, -32.80381334092879], [-54.69825778537324, -32.80035332573782], [-54.68924221462671, -32.79964667426212], [-54.685046386718724, -32.79548000759546], [-54.68090888129338, -32.796186659071154], [-54.67742445203991, -32.79964667426212], [-54.674999999999976, -32.79999999999997], [-54.67414923773869, -32.803315734863254], [-54.66751742892792, -32.80501759847002], [-54.66569892035588, -32.81210411919485], [-54.660543823242165, -32.816099378797716], [-54.656122843424455, -32.81723395453556], [-54.652210489908825, -32.82026604546438], [-54.64255405002167, -32.82154184977211], [-54.64166666666664, -32.824999999999974], [-54.64130893283418, -32.827454460991724], [-54.627424452039904, -32.84131334092879], [-54.62499999999997, -32.84166666666664], [-54.62409634060327, -32.838145785861514], [-54.61054382324216, -32.82556728786889], [-54.59266052246091, -32.82436811659068], [-54.58390062120223, -32.814710489908826], [-54.58276604546438, -32.81028951009112], [-54.57973395453556, -32.80637715657549], [-54.5782792833116, -32.800708516438775], [-54.56862284342445, -32.79943271213105], [-54.563246663411434, -32.79526604546438], [-54.5468068440755, -32.79647267659502], [-54.54223395453556, -32.801956176757784], [-54.54166666666664, -32.80416666666664], [-54.52916666666664, -32.80416666666664], [-54.528279283311605, -32.800708516438775], [-54.51755405002167, -32.79929148356117], [-54.51666666666664, -32.795833333333306], [-54.51666666666664, -32.791666666666636], [-54.51424221462671, -32.79131334092879], [-54.50869140624997, -32.78579016791447], [-54.508333333333304, -32.7833333333333], [-54.49340888129338, -32.78368665907115], [-54.4899244520399, -32.787146674262125], [-54.480908881293374, -32.78785332573782], [-54.47671305338539, -32.792019992404484], [-54.46840888129338, -32.79131334092879], [-54.46075778537324, -32.78368665907115], [-54.449999999999974, -32.7833333333333], [-54.449999999999974, -32.79999999999997], [-54.445833333333304, -32.79999999999997], [-54.43528951009112, -32.800567287868894], [-54.42721048990882, -32.80776604546438], [-54.42154168023001, -32.80922071668834], [-54.42026604546438, -32.818877156575496], [-54.40890062120223, -32.83112284342445], [-54.40762905544702, -32.84074723985457], [-54.40085008409285, -32.84640062120223], [-54.39362284342445, -32.845266045464385], [-54.38863728841143, -32.84140201144746], [-54.38661261664494, -32.84929165310327], [-54.37695617675779, -32.8505672878689], [-54.373043823242156, -32.85359937879772], [-54.367517428927925, -32.85501742892792], [-54.36666666666664, -32.858333333333306], [-54.35612284342445, -32.85890062120223], [-54.35074666341143, -32.863067287868894], [-54.339456176757785, -32.86193271213105], [-54.334470621744764, -32.85806884765622], [-54.33241373697914, -32.86608378092445], [-54.32177056206594, -32.8755672878689], [-54.31028951009112, -32.874432712131046], [-54.30637715657549, -32.87140062120223], [-54.301956176757784, -32.87026604546438], [-54.29657999674476, -32.86609937879771], [-54.28837958441837, -32.867405531141465], [-54.28749999999997, -32.87083333333331], [-54.28785332573782, -32.9024244520399], [-54.29131334092879, -32.90590888129338], [-54.291666666666636, -32.91249999999997], [-54.292019992404484, -32.92325778537324], [-54.29548000759546, -32.92674221462671], [-54.295833333333306, -32.92916666666664], [-54.29520975748695, -32.94075758192272], [-54.28693271213105, -32.94288160536021], [-54.2880672878689, -32.97304382324216], [-54.29109937879772, -32.97695617675779], [-54.29223395453556, -32.99387715657549], [-54.29640062120223, -32.99925333658852], [-54.295159573025146, -33.0116034613715], [-54.28835076226126, -33.01335076226126], [-54.28749999999997, -33.01666666666664], [-54.28749999999997, -33.0333333333333], [-54.28749999999997, -33.04166666666664], [-54.29092780219181, -33.04254625108504], [-54.29223395453556, -33.05074666341143], [-54.2880672878689, -33.056122843424454], [-54.28693271213105, -33.063246663411434], [-54.29109937879772, -33.06862284342445], [-54.29223395453556, -33.08407999674476], [-54.2880672878689, -33.089456176757785], [-54.28749999999997, -33.09166666666664], [-54.28714667426214, -33.098257785373235], [-54.283686659071165, -33.10174221462671], [-54.28333333333332, -33.112499999999976], [-54.27278951009113, -33.1130672878689], [-54.268877156575506, -33.11609937879772], [-54.25926259358722, -33.11736958821612], [-54.25056728786891, -33.12695617675779], [-54.2491490681966, -33.132482571072025], [-54.24362284342447, -33.13390062120223], [-54.235543823242175, -33.14109937879772], [-54.1769561767578, -33.14223395453556], [-54.173043823242175, -33.14526604546438], [-54.16334567599825, -33.14654744466143], [-54.16229858398436, -33.15121866861976], [-54.167233954535575, -33.15758666992185], [-54.16565992567273, -33.16168891059025], [-54.16028951009113, -33.1630672878689], [-54.15491333007811, -33.16723395453556], [-54.131122843424464, -33.16609937879772], [-54.12574666341145, -33.16193271213105], [-54.11862284342447, -33.1630672878689], [-54.11471048990884, -33.16609937879772], [-54.110289510091135, -33.16723395453556], [-54.10221048990884, -33.17443271213105], [-54.08528951009113, -33.1755672878689], [-54.081377156575506, -33.17859937879772], [-54.0769561767578, -33.179733954535564], [-54.07304382324217, -33.18276604546438], [-54.068622843424464, -33.183900621202234], [-54.06054382324217, -33.191099378797716], [-54.0519561767578, -33.19223395453557], [-54.048043823242175, -33.195266045464386], [-54.03528951009113, -33.19640062120223], [-54.03137715657551, -33.19943271213105], [-54.010289510091134, -33.2005672878689], [-54.0063771565755, -33.20359937879772], [-53.98749999999998, -33.204166666666644]]]}}, {"type": "Feature", "properties": {"nome": "Baixo Cebollat\u00ed (UY)", "hybas_id": 6060887560, "area_km2": 9262.0, "pfaf": 641409, "cor": "#BAB0AC"}, "geometry": {"type": "Polygon", "coordinates": [[[-53.94999999999998, -33.37916666666664], [-53.95035332573783, -33.385757785373244], [-53.953813340928804, -33.38924221462671], [-53.95416666666665, -33.40833333333331], [-53.97421993679469, -33.409018961588515], [-53.975642734103715, -33.42296820746525], [-53.982690599229585, -33.43119845920137], [-53.98397606743705, -33.435468207465256], [-53.986857265896255, -33.4395317925347], [-53.98832651774087, -33.44917365180119], [-53.99796837700736, -33.45064290364581], [-54.002031622992604, -33.45352376302081], [-54.00736914740667, -33.45513102213539], [-54.008976067437054, -33.460468207465254], [-54.013284132215695, -33.46596917046438], [-54.029166666666654, -33.46666666666664], [-54.029933166503895, -33.46341213650172], [-54.03427412245007, -33.46197035047741], [-54.03941836886934, -33.46613701714407], [-54.045833333333306, -33.46666666666664], [-54.04618733723955, -33.477450900607614], [-54.06078355577254, -33.492019992404494], [-54.07325778537324, -33.4913133409288], [-54.07745361328122, -33.48714667426213], [-54.0899244520399, -33.487853325737824], [-54.09374999999997, -33.49165208604598], [-54.09757554796004, -33.487853325737824], [-54.1024244520399, -33.48714667426213], [-54.105908881293374, -33.48368665907116], [-54.108333333333306, -33.48333333333331], [-54.10899454752601, -33.490767076280356], [-54.11471048990882, -33.492233954535564], [-54.11862284342445, -33.49526604546439], [-54.127210489908826, -33.496400621202234], [-54.13528951009111, -33.50359937879772], [-54.14127061631942, -33.505134412977405], [-54.14526604546438, -33.51028951009112], [-54.146400621202226, -33.5188771565755], [-54.149432712131045, -33.52278951009112], [-54.150632731119764, -33.54068773057723], [-54.15612284342445, -33.54526604546439], [-54.16183878580726, -33.546732923719595], [-54.16249999999997, -33.554166666666646], [-54.163714938693545, -33.558900621202234], [-54.17304382324216, -33.55776604546439], [-54.17842000325518, -33.55359937879772], [-54.185543823242156, -33.55473395453557], [-54.18945617675778, -33.55776604546439], [-54.191666666666634, -33.55833333333331], [-54.19804382324216, -33.558900621202234], [-54.203198920355874, -33.5628960503472], [-54.20473395453556, -33.568877156575496], [-54.21308288574216, -33.57824707031248], [-54.218877156575495, -33.57973395453557], [-54.22695617675778, -33.58693271213105], [-54.23137715657549, -33.5880672878689], [-54.235289510091114, -33.59109937879772], [-54.24387715657549, -33.592233954535565], [-54.24778951009112, -33.595266045464385], [-54.25744594997827, -33.59654168023001], [-54.258333333333304, -33.59999999999998], [-54.26054382324216, -33.6005672878689], [-54.272789510091116, -33.61193271213106], [-54.277210489908825, -33.6130672878689], [-54.28112284342445, -33.61609937879772], [-54.28554382324216, -33.61723395453557], [-54.29069892035587, -33.621229383680536], [-54.29223395453556, -33.62721048990883], [-54.30099385579424, -33.63686828613279], [-54.318877156575496, -33.6380672878689], [-54.32278951009112, -33.64109937879772], [-54.342413330078095, -33.64223395453557], [-54.34791666666664, -33.6379686143663], [-54.35195617675778, -33.64109937879772], [-54.35748257107202, -33.64251742892793], [-54.358333333333306, -33.645833333333314], [-54.35776604546438, -33.64804382324217], [-54.35359937879772, -33.653420003255185], [-54.35473395453556, -33.660543823242165], [-54.35776604546438, -33.66445617675779], [-54.35890062120223, -33.67304382324217], [-54.363067287868894, -33.678420003255184], [-54.361826239691815, -33.690770128038174], [-54.35501742892792, -33.69251742892793], [-54.35359937879772, -33.698043823242166], [-54.3505672878689, -33.70195617675779], [-54.34999999999997, -33.708333333333314], [-54.347545030381916, -33.70869106716578], [-54.33785332573782, -33.718408881293385], [-54.33749999999997, -33.72083333333331], [-54.33410169813365, -33.7218051486545], [-54.33253919813365, -33.73253919813366], [-54.322839694552925, -33.733950805664044], [-54.31466030544702, -33.741049194335915], [-54.29783969455292, -33.74228413899738], [-54.28549363878035, -33.75354919433592], [-54.27700636121959, -33.75478413899737], [-54.271302625868024, -33.75895080566404], [-54.26450636121959, -33.75771586100258], [-54.26049363878035, -33.75478413899737], [-54.254166666666634, -33.75416666666665], [-54.253637017144065, -33.764748128255185], [-54.2494703504774, -33.76989271375866], [-54.25052964952254, -33.77308146158852], [-54.25469631618921, -33.77822604709199], [-54.2532545301649, -33.78256666395397], [-54.24775187174476, -33.78386298285588], [-54.24391479492185, -33.78697035047741], [-54.24166666666664, -33.78749999999998], [-54.24166666666664, -33.79166666666664], [-54.24131334092879, -33.794091118706575], [-54.23714667426212, -33.79828694661456], [-54.23785332573782, -33.80659111870658], [-54.24548000759546, -33.81424221462672], [-54.2458333333333, -33.82083333333331], [-54.25637715657549, -33.82140062120224], [-54.26028951009112, -33.824432712131056], [-54.26581590440535, -33.82585076226126], [-54.267517428927924, -33.83248257107203], [-54.27304382324216, -33.83390062120224], [-54.28241373697914, -33.84224955240883], [-54.28390062120223, -33.848043823242165], [-54.28693271213105, -33.851956176757795], [-54.28840094672306, -33.857677205403625], [-54.30295172797306, -33.85890062120224], [-54.30416666666664, -33.85416666666664], [-54.310543823242156, -33.85473395453557], [-54.31569892035587, -33.85872938368053], [-54.317566257052924, -33.866005452473935], [-54.324999999999974, -33.866666666666646], [-54.32443271213105, -33.87304382324217], [-54.32140062120223, -33.876956176757794], [-54.32026604546438, -33.8813771565755], [-54.31723395453556, -33.88528951009113], [-54.316099378797716, -33.889710489908836], [-54.311932712131046, -33.89508666992185], [-54.3130672878689, -33.90221048990883], [-54.31723395453556, -33.907586669921855], [-54.316099378797716, -33.918877156575505], [-54.3130672878689, -33.92278951009113], [-54.311649237738685, -33.928315904405366], [-54.3083333333333, -33.929166666666646], [-54.30868665907115, -33.93159111870658], [-54.312146674262124, -33.935075547960054], [-54.31285332573782, -33.93992445203991], [-54.32048000759546, -33.94757554796005], [-54.32118665907115, -33.952424452039914], [-54.32464667426213, -33.95590888129338], [-54.32535332573782, -33.96075778537325], [-54.32881334092879, -33.964242214626715], [-54.32916666666664, -33.96666666666665], [-54.32881334092879, -33.97742445203991], [-54.32501458062063, -33.98124999999998], [-54.32881334092879, -33.98507554796005], [-54.329519992404485, -33.989924452039915], [-54.33714667426212, -33.997575547960054], [-54.33785332573782, -34.00242445203991], [-54.34131334092879, -34.00590888129339], [-54.34166666666664, -34.00833333333331], [-54.34409111870657, -34.008686659071145], [-54.36424221462671, -34.028813340928785], [-54.36909111870657, -34.02951999240448], [-54.37257554796004, -34.032980007595455], [-54.37499999999997, -34.03333333333332], [-54.377210489908826, -34.03390062120222], [-54.383381822374105, -34.0390472412109], [-54.37140062120223, -34.05195617675778], [-54.37026604546438, -34.05711839463972], [-54.37845831976994, -34.05922071668834], [-54.37973395453556, -34.06887715657549], [-54.38693271213105, -34.076956176757776], [-54.387499999999974, -34.07916666666663], [-54.38785332573782, -34.09825778537323], [-54.396186659071155, -34.106617736816375], [-54.39548000759546, -34.119091118706564], [-54.39131334092879, -34.12328711615665], [-54.392019992404485, -34.13159111870657], [-54.39548000759546, -34.135075547960035], [-54.39583333333331, -34.14999999999996], [-54.39109937879771, -34.15121493869354], [-54.39223395453556, -34.16471048990882], [-54.39953816731768, -34.1729078504774], [-54.39526604546438, -34.17842000325518], [-54.39640062120223, -34.181377156575486], [-54.39943271213105, -34.18528951009111], [-54.40066121419268, -34.199100409613685], [-54.40748257107202, -34.20085093180335], [-54.40890062120223, -34.206377156575485], [-54.41723395453556, -34.215729437933994], [-54.41609937879772, -34.22304382324216], [-54.4130672878689, -34.22695617675778], [-54.41179572211369, -34.2365805731879], [-54.406377156575495, -34.24109937879771], [-54.39675292968747, -34.24237094455292], [-54.39223395453556, -34.24778951009111], [-54.39081590440536, -34.25331573486325], [-54.383916219075495, -34.255086432562905], [-54.3755672878689, -34.26445617675778], [-54.37499999999997, -34.26666666666664], [-54.37499999999997, -34.27499999999997], [-54.37499999999997, -34.27916666666663], [-54.3899244520399, -34.278813340928785], [-54.393408881293375, -34.27535332573781], [-54.39999999999997, -34.27499999999997], [-54.400919596354136, -34.27858378092445], [-54.41028951009112, -34.28693271213104], [-54.415815904405356, -34.28835093180335], [-54.416666666666636, -34.291666666666636], [-54.41609937879772, -34.29387715657549], [-54.41296861436629, -34.29791666666664], [-54.41609937879772, -34.30195617675778], [-54.41751742892792, -34.30748240152992], [-54.42304382324216, -34.30890062120223], [-54.426956176757784, -34.311932712131046], [-54.4326721191406, -34.313399590386254], [-54.43399454752601, -34.32826707628035], [-54.441270616319414, -34.3301344129774], [-54.44526604546438, -34.335289510091116], [-54.44640062120223, -34.339710489908825], [-54.44943271213105, -34.34362284342445], [-54.45056728786889, -34.35221048990882], [-54.45359937879772, -34.356122843424444], [-54.45473395453556, -34.36054382324215], [-54.466099378797715, -34.37278951009112], [-54.46666666666664, -34.37499999999997], [-54.468877156575495, -34.37556728786889], [-54.47278951009112, -34.37859937879771], [-54.47721048990883, -34.37973395453556], [-54.48112284342445, -34.38276604546438], [-54.48407999674477, -34.38390062120222], [-54.489456176757784, -34.37973395453556], [-54.49804382324216, -34.37859937879771], [-54.5020833333333, -34.37546878390839], [-54.50624999999997, -34.37869788275822], [-54.51028951009112, -34.37556728786889], [-54.527210489908825, -34.374432712131046], [-54.53945617675779, -34.363067287868894], [-54.55221048990883, -34.36193271213104], [-54.556122843424454, -34.358900621202224], [-54.564710489908826, -34.35776604546438], [-54.57012905544702, -34.35324723985457], [-54.571541680230006, -34.34255405002167], [-54.57721048990883, -34.34109937879771], [-54.58112284342445, -34.33806728786889], [-54.6049133300781, -34.336932712131045], [-54.61028951009112, -34.34109937879771], [-54.61471048990883, -34.34223395453556], [-54.618622843424454, -34.34526604546438], [-54.62414923773869, -34.34668426513669], [-54.62499999999997, -34.349999999999966], [-54.62916666666664, -34.349999999999966], [-54.64409111870657, -34.34964667426212], [-54.647575547960045, -34.34618665907115], [-54.64999999999998, -34.3458333333333], [-54.65350545247393, -34.346732923719586], [-54.654733954535565, -34.36054382324215], [-54.657766045464385, -34.364456176757784], [-54.65833333333331, -34.36666666666663], [-54.66249999999997, -34.36666666666663], [-54.665815904405356, -34.36751759847002], [-54.66751742892792, -34.37414906819658], [-54.67414923773869, -34.375850931803356], [-54.67585076226126, -34.38248240152991], [-54.67916666666664, -34.383333333333304], [-54.67951999240449, -34.3899244520399], [-54.687146674262124, -34.39757554796004], [-54.68785807291664, -34.40245683458113], [-54.69340888129338, -34.407980007595455], [-54.69825778537324, -34.40868665907115], [-54.70174221462671, -34.41214667426212], [-54.704166666666644, -34.412499999999966], [-54.70659111870657, -34.41214667426212], [-54.710075547960045, -34.40868665907115], [-54.71909111870657, -34.407980007595455], [-54.72257554796005, -34.40451999240448], [-54.731591118706575, -34.403813340928785], [-54.735075547960044, -34.40035332573782], [-54.74409111870657, -34.39964667426212], [-54.74964192708331, -34.3941235012478], [-54.75035332573782, -34.389242214626705], [-54.75587870279946, -34.383689032660556], [-54.76492445203991, -34.38298000759546], [-54.768408881293375, -34.37951999240448], [-54.77083333333331, -34.379166666666634], [-54.771970621744764, -34.38359798855249], [-54.778420003255185, -34.37859937879771], [-54.781377156575495, -34.37973395453556], [-54.78541666666664, -34.38286454942488], [-54.79092000325518, -34.37859937879771], [-54.79548678927949, -34.38035142686629], [-54.80359937879772, -34.38945617675778], [-54.804733954535564, -34.39387715657549], [-54.80776604546438, -34.397789510091116], [-54.809184095594595, -34.40331573486325], [-54.81249999999998, -34.40416666666663], [-54.823043823242166, -34.40473395453556], [-54.84049140082463, -34.42124582926429], [-54.842233954535565, -34.41445617675778], [-54.85058288574216, -34.405086432562904], [-54.8563771565755, -34.40359937879771], [-54.86028951009112, -34.400567287868896], [-54.87795172797307, -34.399432712131045], [-54.88001742892793, -34.40748240152992], [-54.885543823242166, -34.40890062120223], [-54.89778951009112, -34.42026604546438], [-54.91760389539928, -34.421400621202224], [-54.92695617675779, -34.41306728786889], [-54.93019205729164, -34.41193271213105], [-54.95195617675779, -34.432766045464376], [-54.9563771565755, -34.43390062120223], [-54.96457451714407, -34.441204833984344], [-54.968622843424455, -34.43806728786889], [-54.973043823242165, -34.436932712131046], [-54.97695617675779, -34.43390062120223], [-54.991666666666646, -34.4333333333333], [-54.991666666666646, -34.42499999999997], [-54.991666666666646, -34.4208333333333], [-54.99081590440536, -34.41751759847002], [-54.987499999999976, -34.416666666666636], [-54.987853325737824, -34.414242214626704], [-54.992019992404494, -34.41004621717662], [-54.99131198459199, -34.39337988959415], [-54.98575778537324, -34.387853325737815], [-54.98333333333331, -34.38749999999997], [-54.98368665907116, -34.385075547960035], [-54.9913133409288, -34.3774244520399], [-54.991666666666646, -34.37499999999997], [-55.00319112141925, -34.37433624267575], [-55.00477159288192, -34.3686606513129], [-55.00772840711803, -34.36467268202037], [-55.008938259548586, -34.33695933024085], [-55.00477159288192, -34.33133934868703], [-55.00356174045137, -34.32862599690752], [-55.00772840711803, -34.3230060153537], [-55.008938259548586, -34.314493984646234], [-55.01753811306421, -34.304852294921844], [-55.03550618489581, -34.30356157090925], [-55.03958333333331, -34.30053880479598], [-55.045075141059, -34.304610527886254], [-55.05338982476126, -34.30338185628252], [-55.05477159288192, -34.293660651312905], [-55.0592095269097, -34.28816935221351], [-55.07083333333331, -34.287499999999966], [-55.08159111870658, -34.287853325737814], [-55.085075547960045, -34.29131334092879], [-55.08749999999998, -34.291666666666636], [-55.087853325737825, -34.2767422146267], [-55.0913133409288, -34.27325778537323], [-55.09166666666665, -34.254166666666634], [-55.080157131618904, -34.2535474989149], [-55.0755672878689, -34.248043823242156], [-55.074432712131056, -34.24362284342445], [-55.070266045464386, -34.238246663411424], [-55.07140062120224, -34.22695617675778], [-55.07973395453557, -34.21760389539927], [-55.07843254937064, -34.20921427408851], [-55.07278951009113, -34.207766045464375], [-55.068877156575496, -34.204733954535556], [-55.06666666666664, -34.20416666666663], [-55.06341213650171, -34.2034001668294], [-55.06197035047741, -34.19905921088321], [-55.06613701714407, -34.19391496446394], [-55.06719631618921, -34.19072587754988], [-55.06302964952255, -34.18558163113061], [-55.06249999999998, -34.1833333333333], [-55.06249999999998, -34.17916666666663], [-55.06471048990883, -34.17859937879771], [-55.07290785047741, -34.17129516601559], [-55.07695617675779, -34.17443271213104], [-55.088437228732616, -34.17556728786889], [-55.097789510091125, -34.167233954535554], [-55.10331590440536, -34.165815734863244], [-55.10501742892793, -34.15918426513669], [-55.11054382324217, -34.15776604546438], [-55.11445617675779, -34.15473395453556], [-55.135543823242166, -34.15359937879771], [-55.14069892035588, -34.14960411919485], [-55.141666666666644, -34.1458333333333], [-55.14201999240449, -34.135075547960035], [-55.149986097547725, -34.1270840115017], [-55.14618665907116, -34.12325778537323], [-55.14548000759547, -34.114953782823314], [-55.14964667426213, -34.11075778537323], [-55.150353325737825, -34.10662044948998], [-55.14618665907116, -34.1024244520399], [-55.14548000759547, -34.08578711615665], [-55.14964667426213, -34.08159111870656], [-55.14999999999998, -34.04999999999997], [-55.150353325737825, -34.04757554796004], [-55.1538133409288, -34.04409111870656], [-55.15416666666665, -34.04166666666665], [-55.16992001003687, -34.04227413601342], [-55.17140062120224, -34.04804382324215], [-55.175826687282964, -34.05335116916229], [-55.18211839463974, -34.05473395453556], [-55.18333333333331, -34.04999999999997], [-55.18549346923826, -34.04938235812713], [-55.190805223253015, -34.04550221761064], [-55.19261525472003, -34.03306596544051], [-55.19783986409503, -34.03688235812714], [-55.200806342230884, -34.038117641872795], [-55.21557837592229, -34.02463972303599], [-55.21763831244573, -34.017434861924876], [-55.227160135904924, -34.0160490247938], [-55.23533986409503, -34.008950975206126], [-55.24382680257159, -34.00771569146047], [-55.24783986409503, -34.00478430853946], [-55.2504691229926, -34.0035490247938], [-55.25617319742837, -34.00771569146047], [-55.25833333333331, -34.0083333333333], [-55.25868665907116, -34.0017422146267], [-55.262146674262134, -33.99825778537323], [-55.26249999999998, -33.9833333333333], [-55.27304382324217, -33.98276604546437], [-55.27856258816187, -33.97816365559893], [-55.27973395453557, -33.94778951009111], [-55.28276604546439, -33.94387715657548], [-55.283900621202235, -33.93945617675778], [-55.29224955240883, -33.9300864325629], [-55.29804382324217, -33.928599378797706], [-55.30195617675779, -33.92556728786889], [-55.31054382324217, -33.92443271213104], [-55.314456176757794, -33.921400621202224], [-55.31998240152993, -33.919982401529914], [-55.32083333333331, -33.91666666666663], [-55.31751759847003, -33.915815734863244], [-55.31666666666665, -33.91249999999998], [-55.31666666666665, -33.89999999999996], [-55.319091118706574, -33.899646674262115], [-55.32257554796005, -33.89618665907115], [-55.32742445203991, -33.89548000759545], [-55.33090888129338, -33.89201999240448], [-55.33575778537325, -33.89131334092878], [-55.34757554796005, -33.879519992404475], [-55.35242445203991, -33.87881334092879], [-55.35590888129338, -33.87535332573781], [-55.35833333333331, -33.874999999999964], [-55.35833333333331, -33.86249999999998], [-55.35776604546439, -33.85612284342446], [-55.350567287868905, -33.848043823242165], [-55.349432712131055, -33.843622843424455], [-55.346400621202235, -33.83971048990883], [-55.34526604546439, -33.83528951009112], [-55.34223395453557, -33.8313771565755], [-55.34109937879772, -33.82695617675779], [-55.337104119194855, -33.821801079644075], [-55.33112284342446, -33.820266045464386], [-55.325967746310745, -33.81627061631942], [-55.324432712131056, -33.810289510091124], [-55.31723395453557, -33.80221048990883], [-55.31609937879772, -33.79362284342446], [-55.313067287868904, -33.789710489908835], [-55.31193271213105, -33.77695617675779], [-55.308900621202234, -33.77304382324217], [-55.30776604546439, -33.76862284342446], [-55.30462849934894, -33.76457451714408], [-55.31193271213105, -33.7563771565755], [-55.313067287868904, -33.747789510091124], [-55.31609937879772, -33.7438771565755], [-55.31723395453557, -33.73945617675779], [-55.320266045464386, -33.73554382324217], [-55.32140062120224, -33.72204827202689], [-55.314456176757794, -33.72026604546439], [-55.30930107964408, -33.71627061631942], [-55.308333333333316, -33.71249999999998], [-55.309220716688344, -33.709041680230015], [-55.3188771565755, -33.70776604546439], [-55.32278951009113, -33.70473395453557], [-55.33971048990883, -33.70359937879772], [-55.345237562391475, -33.69898986816404], [-55.34583333333331, -33.679166666666646], [-55.346450975206146, -33.6770063612196], [-55.34938235812715, -33.67299363878036], [-55.35061764187281, -33.668673027886264], [-55.353549024793814, -33.66466030544703], [-55.35478430853948, -33.6520063612196], [-55.357715691460484, -33.64799363878036], [-55.35895097520614, -33.63470119900171], [-55.3520065307617, -33.63271586100258], [-55.34799346923826, -33.62978413899737], [-55.33815680609807, -33.62835252549911], [-55.33749999999998, -33.60833333333331], [-55.33112284342446, -33.60776604546439], [-55.327210489908836, -33.60473395453557], [-55.31862284342446, -33.603599378797725], [-55.31471048990883, -33.6005672878689], [-55.310289510091124, -33.599432712131055], [-55.3063771565755, -33.596400621202235], [-55.29362284342446, -33.595266045464385], [-55.288246663411435, -33.59109937879772], [-55.27695617675779, -33.592233954535565], [-55.27197045220267, -33.596097819010396], [-55.269921705457875, -33.58811408148869], [-55.24362284342446, -33.58693271213105], [-55.23554382324217, -33.57973395453557], [-55.23333333333331, -33.579166666666644], [-55.23368665907116, -33.57674221462671], [-55.237146674262135, -33.573257785373244], [-55.237853325737824, -33.569120279947896], [-55.23368665907116, -33.56492445203991], [-55.232980007595465, -33.555908881293384], [-55.22535332573783, -33.54825778537324], [-55.22499999999998, -33.52499999999998], [-55.22464667426213, -33.522575547960045], [-55.22118665907116, -33.51909111870658], [-55.22083333333331, -33.516666666666644], [-55.21991356743705, -33.513082885742165], [-55.21054382324217, -33.50473395453557], [-55.18112284342446, -33.50359937879772], [-55.17574666341144, -33.49943271213105], [-55.16754642062715, -33.500738864474805], [-55.16666666666664, -33.50416666666664], [-55.164418368869335, -33.50469631618921], [-55.155267333984355, -33.51301371256508], [-55.150772433810744, -33.51161363389755], [-55.14999999999998, -33.50833333333331], [-55.145833333333314, -33.50833333333331], [-55.14340888129338, -33.50868665907116], [-55.13992445203991, -33.51214667426213], [-55.13090888129338, -33.51285332573782], [-55.12742445203991, -33.5163133409288], [-55.118408881293384, -33.51701999240449], [-55.11492445203991, -33.52048000759547], [-55.11007554796005, -33.521186659071155], [-55.106591118706575, -33.52464667426213], [-55.09757554796005, -33.525353325737825], [-55.09337972005206, -33.52951999240449], [-55.089242214626715, -33.5288133409288], [-55.08504638671873, -33.52464667426213], [-55.07257554796005, -33.525353325737825], [-55.06075778537324, -33.53714667426213], [-55.05833333333331, -33.53749999999998], [-55.05590888129338, -33.53714667426213], [-55.052083333333314, -33.53334791395397], [-55.04825778537324, -33.53714667426213], [-55.02916666666665, -33.53749999999998], [-55.01840888129338, -33.53714667426213], [-55.01492445203991, -33.53368665907116], [-55.01007554796005, -33.53298000759546], [-55.00242445203991, -33.525353325737825], [-54.989242214626714, -33.52464667426213], [-54.98504638671873, -33.52048000759547], [-54.98090888129338, -33.521186659071155], [-54.968383110894074, -33.53368665907116], [-54.960075547960045, -33.53298000759546], [-54.95659111870658, -33.52951999240449], [-54.95174221462671, -33.5288133409288], [-54.948257785373244, -33.525353325737825], [-54.93749999999998, -33.52499999999998], [-54.936844211154494, -33.532373385959175], [-54.9313771565755, -33.536932712131055], [-54.91763949924043, -33.53815477159286], [-54.908900621202235, -33.54778951009112], [-54.90741984049477, -33.55355902777776], [-54.891666666666644, -33.554166666666646], [-54.88924221462671, -33.5538133409288], [-54.885757785373244, -33.550353325737824], [-54.87674221462671, -33.54964667426213], [-54.872546386718724, -33.545480007595465], [-54.86840888129338, -33.54618665907116], [-54.86492445203991, -33.54964667426213], [-54.85174221462671, -33.550353325737824], [-54.84825778537324, -33.5538133409288], [-54.84583333333331, -33.554166666666646], [-54.84251742892793, -33.55331590440536], [-54.84109937879772, -33.54778951009112], [-54.8380672878689, -33.5438771565755], [-54.83693271213105, -33.531122843424455], [-54.828583780924454, -33.52175292968748], [-54.82154168023001, -33.51994594997828], [-54.820266045464386, -33.51028951009112], [-54.81723395453557, -33.506377156575496], [-54.816099378797716, -33.497789510091124], [-54.8130672878689, -33.4938771565755], [-54.81249999999998, -33.491666666666646], [-54.81007554796005, -33.4913133409288], [-54.80659111870657, -33.487853325737824], [-54.801742214626714, -33.48714667426213], [-54.79202440049911, -33.47745496961803], [-54.79166666666664, -33.47499999999998], [-54.768408881293375, -33.47464667426213], [-54.76075778537324, -33.46701999240449], [-54.74999999999997, -33.46666666666664], [-54.74943271213105, -33.46028951009112], [-54.74543728298609, -33.45513441297741], [-54.73835076226126, -33.45331590440536], [-54.73693271213105, -33.44778951009112], [-54.7255672878689, -33.43554382324216], [-54.72499999999997, -33.429166666666646], [-54.72257554796005, -33.4288133409288], [-54.71909111870657, -33.425353325737824], [-54.71249999999998, -33.424999999999976], [-54.71164923773869, -33.42168409559459], [-54.70833333333331, -33.42083333333331], [-54.7076721191406, -33.41339959038626], [-54.70195617675779, -33.411932712131055], [-54.69804382324216, -33.408900621202235], [-54.69362284342446, -33.407766045464385], [-54.67721048990883, -33.39223395453557], [-54.674999999999976, -33.391666666666644], [-54.656122843424455, -33.39223395453557], [-54.652210489908825, -33.39526604546439], [-54.64778951009112, -33.39640062120223], [-54.643749999999976, -33.39953138563366], [-54.639583333333306, -33.39630194769963], [-54.63554382324216, -33.39943271213105], [-54.62588738335501, -33.40070834689668], [-54.62403225368921, -33.40793728298609], [-54.6174133300781, -33.4130672878689], [-54.61028951009112, -33.411932712131055], [-54.6049133300781, -33.407766045464385], [-54.60195617675779, -33.408900621202235], [-54.598043823242165, -33.411932712131055], [-54.58333333333331, -33.41249999999998], [-54.58241373697914, -33.4089162190755], [-54.57304382324216, -33.4005672878689], [-54.56338738335501, -33.399291653103276], [-54.56193271213105, -33.39362284342445], [-54.55890062120223, -33.38971048990883], [-54.55776604546438, -33.37695617675779], [-54.554733954535564, -33.37304382324216], [-54.55359937879771, -33.368622843424454], [-54.550567287868894, -33.36471048990883], [-54.54934421115449, -33.35095994737411], [-54.542516750759525, -33.345266045464385], [-54.526956176757785, -33.346400621202235], [-54.52157999674476, -33.3505672878689], [-54.51862284342445, -33.349432712131055], [-54.51471048990883, -33.346400621202235], [-54.49999999999997, -33.34583333333331], [-54.49778951009112, -33.346400621202235], [-54.49387715657549, -33.349432712131055], [-54.48528951009112, -33.3505672878689], [-54.48066236707896, -33.35415344238279], [-54.4755672878689, -33.348043823242165], [-54.47410040961369, -33.34232788085935], [-54.460289510091116, -33.34109937879772], [-54.45637715657549, -33.3380672878689], [-54.44362284342445, -33.33693271213105], [-54.4395833333333, -33.33380194769963], [-54.43554382324216, -33.33693271213105], [-54.43333333333331, -33.33749999999998], [-54.43276604546438, -33.33528951009112], [-54.429733954535564, -33.3313771565755], [-54.42859937879771, -33.32695617675779], [-54.41723395453556, -33.31471048990883], [-54.41609937879772, -33.310289510091124], [-54.4130672878689, -33.30637715657549], [-54.41161261664494, -33.30070834689668], [-54.401956176757785, -33.29943271213105], [-54.39804382324216, -33.29640062120223], [-54.38112284342445, -33.29526604546439], [-54.3770833333333, -33.29213528103296], [-54.373043823242156, -33.29526604546439], [-54.368622843424454, -33.29640062120223], [-54.36471048990882, -33.29943271213105], [-54.35195617675778, -33.3005672878689], [-54.34804382324216, -33.30359937879772], [-54.33749999999997, -33.304166666666646], [-54.33683878580727, -33.31160040961369], [-54.33112284342445, -33.3130672878689], [-54.32721048990883, -33.316099378797716], [-54.31445617675779, -33.31723395453557], [-54.30637715657549, -33.32443271213105], [-54.29362284342445, -33.3255672878689], [-54.281377156575495, -33.33693271213105], [-54.27916666666664, -33.33749999999998], [-54.27585076226126, -33.33664923773869], [-54.27408820258243, -33.32978074815536], [-54.24674513075084, -33.328552585177924], [-54.24498257107202, -33.32168409559459], [-54.238350762261256, -33.319982571072025], [-54.2362850613064, -33.31193271213105], [-54.214456176757785, -33.3130672878689], [-54.21054382324216, -33.316099378797716], [-54.20833333333331, -33.31666666666664], [-54.20797559950084, -33.31421237521699], [-54.193750339084175, -33.30001288519963], [-54.185757785373234, -33.30798000759546], [-54.17083333333332, -33.30833333333331], [-54.170478481716565, -33.31495225694442], [-54.16004926893445, -33.32535332573782], [-54.15174221462672, -33.32464667426213], [-54.144091118706584, -33.31701999240449], [-54.13924221462672, -33.316313340928794], [-54.13088226318358, -33.30798000759546], [-54.122575547960054, -33.30868665907116], [-54.119091118706585, -33.31214667426213], [-54.10833333333332, -33.31249999999998], [-54.106122843424465, -33.31193271213105], [-54.0926547580295, -33.29943271213105], [-54.0769561767578, -33.3005672878689], [-54.07157999674478, -33.304733954535564], [-54.067477586534274, -33.303159925672716], [-54.06575741238063, -33.29645690917966], [-54.043622843424465, -33.29526604546439], [-54.03971048990884, -33.29223395453557], [-54.03749999999999, -33.29166666666664], [-54.03112284342446, -33.29223395453557], [-54.02707451714408, -33.295371500651015], [-54.01760389539929, -33.286932712131055], [-54.01331854926214, -33.28847724066838], [-54.01161261664495, -33.295124986436605], [-54.0019561767578, -33.29640062120223], [-53.99657999674478, -33.3005672878689], [-53.99362284342446, -33.29943271213105], [-53.98971048990884, -33.29640062120223], [-53.97499999999999, -33.295833333333306], [-53.972575547960055, -33.296186659071154], [-53.96909111870658, -33.29964667426213], [-53.96424221462672, -33.300353325737824], [-53.96004621717663, -33.30451999240449], [-53.95174221462672, -33.3038133409288], [-53.94754621717664, -33.29964667426213], [-53.94340888129339, -33.300353325737824], [-53.93992445203992, -33.3038133409288], [-53.93090888129339, -33.30451999240449], [-53.927083333333314, -33.30831875271265], [-53.923257785373245, -33.30451999240449], [-53.91840888129339, -33.3038133409288], [-53.90659111870658, -33.29201999240449], [-53.90174221462672, -33.291313340928795], [-53.89825778537325, -33.28785332573782], [-53.88090888129339, -33.287146674262125], [-53.87742445203992, -33.28368665907116], [-53.870833333333316, -33.28333333333331], [-53.870833333333316, -33.27916666666664], [-53.86867319742837, -33.27978413899737], [-53.860493469238264, -33.28688252766925], [-53.85428059895832, -33.28865865071612], [-53.84938235812715, -33.29536404079859], [-53.850617641872816, -33.30632697211369], [-53.85360514322915, -33.31041666666664], [-53.850617641872816, -33.31450636121959], [-53.8491973876953, -33.32426486545136], [-53.84166666666665, -33.324999999999974], [-53.84240180121526, -33.33253072102862], [-53.85363159179686, -33.33416510687932], [-53.861882358127154, -33.34367302788626], [-53.86249999999998, -33.34583333333331], [-53.86249999999998, -33.35416666666664], [-53.86343672010632, -33.36315544976126], [-53.881288994683146, -33.36184455023869], [-53.886665513780365, -33.358089192708306], [-53.888334486219605, -33.37941080729164], [-53.893711005316824, -33.37565544976126], [-53.89795566134981, -33.37434455023869], [-53.90621100531683, -33.36732211642793], [-53.91462232801648, -33.366011216905356], [-53.92058749728731, -33.36184455023869], [-53.92295566134981, -33.36315544976126], [-53.93537767198349, -33.37434455023869], [-53.943788994683146, -33.37565544976126], [-53.94787767198349, -33.37851121690536], [-53.94999999999998, -33.37916666666664]]]}}, {"type": "Feature", "properties": {"nome": "Drenagem direta N (UY/BR)", "hybas_id": 6060015950, "area_km2": 1579.0, "pfaf": 641501, "cor": "#8CD17D"}, "geometry": {"type": "Polygon", "coordinates": [[[-52.420833333333306, -32.26666666666664], [-52.42048000759546, -32.264242214626705], [-52.40451999240449, -32.248257785373234], [-52.40381334092879, -32.23507554796004], [-52.40035332573782, -32.23159111870656], [-52.39964667426212, -32.222575547960034], [-52.38368665907115, -32.20659111870656], [-52.38298000759546, -32.201742214626705], [-52.37535332573782, -32.19409111870657], [-52.374646674262124, -32.1892422146267], [-52.37118665907115, -32.185757785373234], [-52.37048000759546, -32.18090888129337], [-52.36701999240449, -32.1774244520399], [-52.36631334092879, -32.17257554796004], [-52.36285332573782, -32.16909111870656], [-52.36214667426213, -32.160075547960034], [-52.358686659071154, -32.156591118706565], [-52.358333333333306, -32.15416666666663], [-52.358333333333306, -32.14166666666663], [-52.355908881293374, -32.14131334092879], [-52.35035434299042, -32.13578660753035], [-52.349646674262125, -32.11840888129337], [-52.34201999240449, -32.11075778537323], [-52.34166666666664, -32.099999999999966], [-52.34131334092879, -32.08507554796004], [-52.33785332573782, -32.08159111870656], [-52.33714667426212, -32.076742214626705], [-52.333347913953965, -32.07291666666663], [-52.33748609754772, -32.06874932183156], [-52.329519992404485, -32.06075778537323], [-52.32881334092879, -32.0517422146267], [-52.32118665907115, -32.04409111870656], [-52.32048000759546, -32.035075547960034], [-52.31701999240448, -32.031591118706565], [-52.316313340928794, -31.99828711615665], [-52.32048000759546, -31.994091118706564], [-52.320833333333304, -31.987499999999965], [-52.32026604546438, -31.976956176757795], [-52.31723395453556, -31.97304382324217], [-52.316099378797716, -31.96862284342446], [-52.3087951660156, -31.960425482855882], [-52.311932712131046, -31.956377156575503], [-52.3130672878689, -31.944896104600677], [-52.304733954535564, -31.935543823242167], [-52.30359937879771, -31.92278951009113], [-52.30046081542966, -31.91874016655814], [-52.30986362033417, -31.90837368435328], [-52.31445617675779, -31.91193271213106], [-52.32157999674477, -31.913067287868905], [-52.32695617675778, -31.908900621202235], [-52.336612616644935, -31.907624986436613], [-52.338067287868896, -31.901956176757793], [-52.341099378797715, -31.89804382324217], [-52.34251742892792, -31.89251742892793], [-52.34804382324216, -31.891099378797723], [-52.35353393554685, -31.88652106391057], [-52.35473395453556, -31.86862284342446], [-52.36193271213105, -31.860543823242168], [-52.363067287868894, -31.853420003255188], [-52.35890062120223, -31.84804382324217], [-52.357695515950496, -31.830072360568558], [-52.354166666666636, -31.829166666666648], [-52.35085076226126, -31.82831590440536], [-52.34908040364581, -31.821416219075502], [-52.339710489908825, -31.813067287868904], [-52.335289510091116, -31.811932712131057], [-52.33137715657549, -31.808900621202238], [-52.32916666666664, -31.808333333333312], [-52.32278951009112, -31.80776604546439], [-52.314710489908826, -31.8005672878689], [-52.31028951009112, -31.799432712131058], [-52.30637715657549, -31.79640062120224], [-52.28424241807723, -31.79520975748696], [-52.2833333333333, -31.791666666666647], [-52.27174241807723, -31.792290242513], [-52.27083333333331, -31.795833333333313], [-52.275379435221325, -31.797000122070294], [-52.26513637966577, -31.808292982313347], [-52.25930107964407, -31.803770616319426], [-52.25776604546438, -31.797789510091125], [-52.25473395453556, -31.7938771565755], [-52.253599378797716, -31.789456176757792], [-52.2505672878689, -31.78554382324217], [-52.24999999999997, -31.783333333333314], [-52.24340888129338, -31.78368665907116], [-52.2399244520399, -31.787146674262132], [-52.2208333333333, -31.78749999999998], [-52.22019042968747, -31.789634874131924], [-52.21185709635414, -31.799366251627582], [-52.21325920952688, -31.811474270290777], [-52.220152791341114, -31.813549465603277], [-52.22152540418834, -31.849249606662305], [-52.22676866319441, -31.84967074924043], [-52.23536512586803, -31.84230957031248], [-52.239634874131916, -31.841023763020814], [-52.24449869791664, -31.83757527669269], [-52.254809570312474, -31.849330647786438], [-52.2535237630208, -31.860468207465257], [-52.250642903645804, -31.864531792534702], [-52.24879048665362, -31.8706834581163], [-52.23958333333331, -31.878568183051197], [-52.22980041503904, -31.87019042968748], [-52.21869845920136, -31.87147623697915], [-52.19380154079858, -31.89519042968748], [-52.189531792534694, -31.896476236979147], [-52.18130154079858, -31.903523763020814], [-52.17286512586803, -31.90480957031248], [-52.16880154079858, -31.90769042968748], [-52.15619845920136, -31.908976236979147], [-52.15213487413192, -31.911857096354147], [-52.14369845920136, -31.913142903645813], [-52.139634874131914, -31.916023763020814], [-52.13360799153643, -31.917838541666647], [-52.10769042968747, -31.945048014322897], [-52.10946112738712, -31.95480957031248], [-52.11568433973521, -31.953263007269946], [-52.118114556206564, -31.945190429687482], [-52.12296820746525, -31.946476236979148], [-52.127031792534694, -31.94935709635415], [-52.1381429036458, -31.951050482855884], [-52.13546820746525, -31.953523763020815], [-52.12435709635414, -31.95521714952255], [-52.12612169053816, -31.96242438422307], [-52.13301154242619, -31.96730957031248], [-52.13803846571177, -31.964678955078107], [-52.141023763020804, -31.960468207465258], [-52.142928398980004, -31.95414326985675], [-52.14791666666664, -31.950606282552066], [-52.1520833333333, -31.953560384114564], [-52.15619845920136, -31.950642903645814], [-52.16046820746525, -31.94935709635415], [-52.164588080512125, -31.946436225043385], [-52.174366251627575, -31.95480957031248], [-52.177134874131916, -31.953523763020815], [-52.18245781792532, -31.949749755859354], [-52.18424886067705, -31.96730957031248], [-52.19380154079858, -31.966023763020814], [-52.197916666666636, -31.963106282552065], [-52.20384487575952, -31.96730957031248], [-52.21046820746525, -31.966023763020814], [-52.215372721354136, -31.96254645453557], [-52.22019042968747, -31.96869845920137], [-52.222042846679656, -31.974850124782968], [-52.23119845920136, -31.98269042968748], [-52.2381429036458, -31.984781222873245], [-52.236857096354136, -31.99796820746526], [-52.23269042968747, -32.003844875759526], [-52.23404269748261, -32.02395901150172], [-52.240702311197886, -32.02596435546873], [-52.24230957031247, -32.031301540798594], [-52.246476236979134, -32.037178209092865], [-52.24379102918834, -32.04230957031248], [-52.23536512586803, -32.04102376302082], [-52.22563374837237, -32.032690429687484], [-52.20492960611976, -32.03405999077689], [-52.19647623697914, -32.04369845920137], [-52.19519042968747, -32.04796820746526], [-52.1910237630208, -32.05384487575953], [-52.192828708224795, -32.06314290364581], [-52.19796820746525, -32.061857096354146], [-52.20283203124997, -32.05840861002602], [-52.21185709635414, -32.06869845920137], [-52.21249999999997, -32.07083333333331], [-52.21033969455292, -32.07021586100259], [-52.206326972113686, -32.06728413899738], [-52.193673027886256, -32.06604919433592], [-52.18966030544702, -32.06311747233071], [-52.18533969455292, -32.061882527669255], [-52.17716030544702, -32.05478413899738], [-52.16450636121959, -32.05354919433592], [-52.16049363878035, -32.050617472330714], [-52.156173027886254, -32.04938252766925], [-52.15216030544702, -32.046450805664044], [-52.13950636121959, -32.04521586100259], [-52.13132697211368, -32.03811747233071], [-52.127006361219586, -32.03688252766925], [-52.12299363878035, -32.03395080566404], [-52.11867302788625, -32.032715861002586], [-52.11342400444875, -32.02888115776908], [-52.11188252766924, -32.02021755642359], [-52.11802775065101, -32.01253390842012], [-52.12283969455292, -32.01604919433592], [-52.12924126519094, -32.01787923177081], [-52.125133599175314, -32.02350260416665], [-52.12963595920136, -32.02561747233071], [-52.13533969455292, -32.021450805664045], [-52.142403496636256, -32.02021586100258], [-52.15200636121959, -32.028549194335916], [-52.172993638780355, -32.02978413899738], [-52.17700636121959, -32.032715861002586], [-52.17963595920136, -32.03395080566404], [-52.18533969455292, -32.02978413899738], [-52.19799363878035, -32.028549194335916], [-52.203008015950495, -32.024886067708316], [-52.20478413899737, -32.018673027886265], [-52.207715861002576, -32.01466030544703], [-52.20895080566403, -32.01203070746526], [-52.20405273437497, -32.00532531738279], [-52.19655049641924, -32.003180270724805], [-52.19521586100257, -31.9895063612196], [-52.192284138997366, -31.985493638780362], [-52.190694851345455, -31.979935031466994], [-52.18117302788625, -31.97854919433592], [-52.17716030544702, -31.97561747233071], [-52.16619737413191, -31.974382527669253], [-52.16049363878035, -31.97854919433592], [-52.153697374131916, -31.979784138997378], [-52.14791666666664, -31.97556152343748], [-52.143826972113686, -31.97854919433592], [-52.13016628689233, -31.979784138997378], [-52.12817484537757, -31.966102430555537], [-52.11636691623261, -31.96757100423175], [-52.1211008707682, -31.974051581488695], [-52.109305148654485, -31.975768364800327], [-52.10740695529511, -31.98240695529512], [-52.10200636121959, -31.983950805664044], [-52.096694946289034, -31.987830946180537], [-52.09521586100257, -31.997993638780365], [-52.09222819010414, -32.00208333333332], [-52.09527655707462, -32.006256442599806], [-52.0881174723307, -32.0145063612196], [-52.08669297960066, -32.02429436577689], [-52.06747368706594, -32.02570563422307], [-52.0660491943359, -32.035493638780366], [-52.063117472330696, -32.0395063612196], [-52.06188252766924, -32.050674099392346], [-52.065298800998235, -32.05478413899738], [-52.067284138997366, -32.047839694552934], [-52.0694654676649, -32.04521586100259], [-52.071805148654484, -32.0533983018663], [-52.082598198784694, -32.054969278971335], [-52.08395080566403, -32.0688269721137], [-52.09521586100257, -32.081173027886265], [-52.096450805664034, -32.08966030544703], [-52.09938252766924, -32.09367302788627], [-52.1006174723307, -32.14630262586804], [-52.096450805664034, -32.1520063612196], [-52.09521586100257, -32.16113213433158], [-52.102160305447015, -32.16311747233071], [-52.10617302788626, -32.16604919433592], [-52.11466030544702, -32.16728413899738], [-52.11867302788625, -32.17021586100259], [-52.12299363878035, -32.171450805664044], [-52.127006361219586, -32.17438252766925], [-52.13132697211368, -32.175617472330714], [-52.13950636121959, -32.182715861002585], [-52.143826972113686, -32.18395080566405], [-52.156173027886254, -32.19521586100259], [-52.16049363878035, -32.19645080566404], [-52.18533969455292, -32.220215861002586], [-52.18966030544702, -32.22145080566405], [-52.248941040039035, -32.27962985568575], [-52.2506174723307, -32.285493638780366], [-52.25863003200952, -32.294726901584184], [-52.262499999999974, -32.2958333333333], [-52.262499999999974, -32.29999999999997], [-52.26306728786889, -32.30221048990882], [-52.274432712131045, -32.31445617675778], [-52.275567287868896, -32.31887715657549], [-52.282766045464385, -32.32695617675778], [-52.28390062120223, -32.33137715657549], [-52.29109937879772, -32.33945617675778], [-52.29223395453556, -32.34387715657549], [-52.29943271213105, -32.35195617675778], [-52.300567287868894, -32.35637715657549], [-52.30359937879771, -32.360289510091114], [-52.304733954535564, -32.36471048990882], [-52.30776604546438, -32.36862284342445], [-52.30890062120223, -32.373043823242156], [-52.311932712131046, -32.37695617675778], [-52.3130672878689, -32.38137715657549], [-52.32026604546438, -32.38945617675778], [-52.32140062120223, -32.39387715657549], [-52.32443271213105, -32.397789510091116], [-52.32556728786889, -32.402210489908825], [-52.32859937879771, -32.40612284342445], [-52.32973395453556, -32.41054382324216], [-52.33276604546438, -32.41445617675778], [-52.333900621202226, -32.41887715657549], [-52.336932712131045, -32.422789510091114], [-52.338067287868896, -32.42721048990882], [-52.341099378797715, -32.43112284342445], [-52.34223395453556, -32.435543823242156], [-52.345266045464385, -32.43945617675778], [-52.34640062120223, -32.44387715657549], [-52.34943271213105, -32.44778951009111], [-52.3505672878689, -32.45221048990882], [-52.35359937879772, -32.456122843424446], [-52.35473395453556, -32.460543823242155], [-52.35776604546438, -32.46445617675778], [-52.35890062120223, -32.46887715657549], [-52.36193271213105, -32.47278951009112], [-52.363067287868894, -32.47721048990882], [-52.36609937879771, -32.48112284342445], [-52.367233954535564, -32.48971048990882], [-52.37026604546438, -32.49362284342445], [-52.37140062120223, -32.498043823242156], [-52.374432712131046, -32.50195617675778], [-52.3755672878689, -32.50637715657549], [-52.378599378797716, -32.51028951009111], [-52.37973395453556, -32.51887715657549], [-52.38276604546438, -32.522789510091116], [-52.38390062120223, -32.527210489908825], [-52.38693271213105, -32.53112284342445], [-52.38806728786889, -32.53971048990882], [-52.39109937879771, -32.54362284342445], [-52.39237501356334, -32.5532792833116], [-52.39583333333331, -32.55416666666664], [-52.396186659071155, -32.560757785373234], [-52.39964667426212, -32.5642422146267], [-52.40035332573782, -32.57325778537324], [-52.40381334092879, -32.576742214626705], [-52.40451999240449, -32.58575778537323], [-52.407980007595455, -32.58924221462671], [-52.40868665907115, -32.594091118706565], [-52.412146674262125, -32.59757554796004], [-52.41285332573782, -32.60659111870657], [-52.416313340928795, -32.61007554796004], [-52.417019992404484, -32.619091118706564], [-52.42048000759546, -32.62257554796004], [-52.421186659071154, -32.63575778537324], [-52.42464667426213, -32.639242214626705], [-52.42535332573782, -32.6524244520399], [-52.42881334092879, -32.65590888129337], [-52.42916666666664, -32.66249999999997], [-52.42951999240449, -32.66909111870657], [-52.43298000759546, -32.67257554796004], [-52.43368665907116, -32.685757785373234], [-52.437146674262124, -32.68924221462671], [-52.43785332573782, -32.7024244520399], [-52.441313340928794, -32.705908881293375], [-52.44201999240449, -32.719091118706565], [-52.44548000759546, -32.72257554796004], [-52.44618665907115, -32.73575778537324], [-52.44964667426213, -32.73924221462671], [-52.45035332573782, -32.752424452039904], [-52.45381334092879, -32.75590888129337], [-52.454519992404485, -32.76909111870657], [-52.45798000759546, -32.77257554796004], [-52.458686659071155, -32.78159111870657], [-52.46214667426212, -32.78507554796004], [-52.46285332573782, -32.79409111870657], [-52.46631334092879, -32.797575547960044], [-52.46701999240449, -32.80659111870657], [-52.47048000759546, -32.81007554796004], [-52.47118665907115, -32.81909111870657], [-52.474646674262125, -32.82257554796004], [-52.47535332573782, -32.8274244520399], [-52.478813340928795, -32.830908881293375], [-52.479519992404484, -32.8399244520399], [-52.48298000759546, -32.84340888129338], [-52.483686659071154, -32.848257785373235], [-52.48714667426213, -32.85174221462671], [-52.48785332573782, -32.86075778537324], [-52.49131334092879, -32.86424221462671], [-52.49201999240449, -32.86909111870657], [-52.49548000759546, -32.87257554796004], [-52.49618665907116, -32.877424452039904], [-52.499646674262124, -32.88090888129337], [-52.50035332573782, -32.88575778537324], [-52.503813340928794, -32.889242214626705], [-52.50451999240449, -32.89409111870657], [-52.50798000759546, -32.897575547960045], [-52.50868665907115, -32.9024244520399], [-52.51631334092879, -32.91007554796004], [-52.517019992404485, -32.914924452039905], [-52.52048000759546, -32.918408881293374], [-52.521186659071155, -32.92325778537324], [-52.52464667426213, -32.92674221462671], [-52.52535332573782, -32.93159111870657], [-52.53298000759546, -32.93924221462671], [-52.53368665907115, -32.94409111870657], [-52.537146674262125, -32.94757554796004], [-52.53785332573782, -32.95242445203991], [-52.54548000759546, -32.960075547960045], [-52.546186659071154, -32.9649244520399], [-52.54964667426213, -32.96840888129338], [-52.550353325737824, -32.973257785373235], [-52.55381334092879, -32.97674221462671], [-52.55451999240449, -32.98159111870657], [-52.55798000759546, -32.985075547960044], [-52.55868665907116, -32.9899244520399], [-52.562146674262124, -32.99340888129338], [-52.56285332573782, -32.998257785373234], [-52.566313340928794, -33.00174221462671], [-52.56701999240449, -33.006591118706574], [-52.57464667426213, -33.01424221462671], [-52.57535332573782, -33.01909111870657], [-52.57881334092879, -33.022575547960045], [-52.579519992404485, -33.0274244520399], [-52.58298000759546, -33.03090888129338], [-52.583686659071155, -33.035757785373235], [-52.58714667426213, -33.03924221462671], [-52.58785332573782, -33.04825778537324], [-52.59131334092879, -33.05174221462671], [-52.59201999240449, -33.05659111870657], [-52.599646674262125, -33.06424221462671], [-52.60035332573782, -33.069091118706574], [-52.603813340928795, -33.07257554796004], [-52.60451999240449, -33.07742445203991], [-52.60798000759546, -33.080908881293375], [-52.608686659071154, -33.08575778537324], [-52.61631334092879, -33.09340888129338], [-52.61701999240449, -33.098257785373235], [-52.62048000759546, -33.10174221462671], [-52.62118665907116, -33.10659111870657], [-52.628813340928794, -33.114242214626714], [-52.62951999240449, -33.11909111870657], [-52.6413133409288, -33.13090888129338], [-52.642019992404485, -33.13575778537324], [-52.65381334092879, -33.147575547960045], [-52.65451999240449, -33.1524244520399], [-52.666313340928795, -33.16424221462671], [-52.66701999240449, -33.169091118706575], [-52.691313340928794, -33.19340888129338], [-52.69201999240449, -33.19825778537324], [-52.71631334092879, -33.22257554796005], [-52.717024061414904, -33.227453274197025], [-52.78090888129338, -33.291313340928795], [-52.78575778537324, -33.29201999240449], [-52.80590888129338, -33.31214667426213], [-52.81075778537324, -33.31285332573782], [-52.82674221462671, -33.3288133409288], [-52.83159111870657, -33.32951999240449], [-52.84340888129338, -33.34131334092879], [-52.84825778537324, -33.34201999240449], [-52.864242214626714, -33.357980007595465], [-52.86909111870657, -33.358686659071154], [-52.88924221462671, -33.378813340928794], [-52.89409111870658, -33.37951999240449], [-52.91007554796005, -33.39548000759546], [-52.914924452039905, -33.396186659071155], [-52.93090888129338, -33.41214667426213], [-52.93575778537324, -33.41285332573782], [-52.94757554796005, -33.42464667426213], [-52.95242445203991, -33.425353325737824], [-52.96840888129338, -33.441313340928794], [-52.97325778537324, -33.44201999240449], [-52.989242214626714, -33.45798000759547], [-52.99409111870658, -33.458686659071155], [-53.01007554796005, -33.47464667426213], [-53.01492445203991, -33.47535332573783], [-53.03090888129338, -33.4913133409288], [-53.03575778537324, -33.492019992404494], [-53.051742214626714, -33.507980007595464], [-53.05659111870658, -33.50868665907116], [-53.06840888129338, -33.52048000759547], [-53.07083333333331, -33.520833333333314], [-53.07118665907116, -33.51840888129338], [-53.074646674262134, -33.51492445203991], [-53.074999999999974, -33.512499999999974], [-53.0716840955946, -33.511649237738695], [-53.07083333333331, -33.50833333333331], [-53.06862284342446, -33.507766045464386], [-53.05221048990883, -33.492233954535564], [-53.04778951009112, -33.49109937879772], [-53.0313771565755, -33.4755672878689], [-53.02695617675779, -33.474432712131055], [-53.010543823242166, -33.45890062120223], [-53.00612284342446, -33.45776604546439], [-52.98971048990883, -33.44223395453557], [-52.98528951009112, -33.441099378797716], [-52.968877156575495, -33.4255672878689], [-52.963350762261264, -33.42414923773869], [-52.96164923773869, -33.41751742892793], [-52.95501742892793, -33.415815904405356], [-52.95331590440536, -33.4091840955946], [-52.94668409559459, -33.40748257107202], [-52.945266045464386, -33.40195617675779], [-52.94127061631942, -33.39680107964407], [-52.935289510091124, -33.39526604546439], [-52.93013441297741, -33.39127061631942], [-52.92859937879772, -33.38528951009112], [-52.904733954535565, -33.36054382324216], [-52.90359937879772, -33.35612284342446], [-52.89073350694442, -33.34236924913192], [-52.88005405002168, -33.34095831976994], [-52.878599378797716, -33.33528951009112], [-52.87460394965275, -33.33013441297741], [-52.868622843424454, -33.32859937879772], [-52.83971048990883, -33.3005672878689], [-52.83528951009112, -33.29943271213105], [-52.79804382324216, -33.2630672878689], [-52.79362284342446, -33.26193271213105], [-52.77172410753036, -33.24097052680119], [-52.77083333333331, -33.237499999999976], [-52.768408881293375, -33.23714667426213], [-52.75869106716577, -33.22745496961803], [-52.757980007595464, -33.22257554796005], [-52.74201999240449, -33.20659111870657], [-52.74166666666664, -33.204166666666644], [-52.73835076226126, -33.20331590440536], [-52.73664923773869, -33.19668409559459], [-52.73112284342445, -33.195266045464386], [-52.721752929687476, -33.18691711425779], [-52.720266045464385, -33.181122843424454], [-52.679733954535564, -33.13971048990883], [-52.67859937879772, -33.13528951009112], [-52.67140062120223, -33.127210489908826], [-52.67026604546439, -33.118622843424454], [-52.6630672878689, -33.11054382324216], [-52.66249999999997, -33.10416666666664], [-52.66007554796004, -33.103813340928795], [-52.65452473958331, -33.09829033745657], [-52.65381334092879, -33.09340888129338], [-52.64829033745657, -33.08785807291664], [-52.643408881293375, -33.08714667426213], [-52.63369106716577, -33.07745496961803], [-52.632980007595464, -33.07257554796004], [-52.62951999240449, -33.069091118706574], [-52.628813340928794, -33.06424221462671], [-52.62118665907116, -33.05659111870657], [-52.62048000759546, -33.05174221462671], [-52.61701999240449, -33.04825778537324], [-52.61631334092879, -33.03507554796004], [-52.612853325737824, -33.03159111870657], [-52.612499999999976, -33.02916666666664], [-52.61028951009112, -33.028599378797715], [-52.6063771565755, -33.025567287868896], [-52.59778951009112, -33.02443271213105], [-52.592370944552925, -33.01991373697914], [-52.591099378797715, -33.01028951009112], [-52.588067287868896, -33.006377156575496], [-52.58693271213105, -32.99778951009112], [-52.58390062120223, -32.99387715657549], [-52.58276604546438, -32.989456176757784], [-52.57973395453556, -32.98554382324216], [-52.57859937879772, -32.98112284342445], [-52.574603949652754, -32.97596774631074], [-52.56751742892793, -32.974149237738686], [-52.566099378797716, -32.968622843424455], [-52.5630672878689, -32.964710489908825], [-52.56193271213105, -32.960289510091116], [-52.554733954535564, -32.95221048990883], [-52.55359937879771, -32.94778951009112], [-52.550567287868894, -32.943877156575496], [-52.54943271213105, -32.93454827202688], [-52.55416666666664, -32.93333333333331], [-52.55359937879771, -32.931122843424454], [-52.550567287868894, -32.92721048990883], [-52.54943271213105, -32.92278951009112], [-52.54640062120223, -32.91887715657549], [-52.54526604546438, -32.901956176757785], [-52.541270616319416, -32.89680107964407], [-52.533994547526014, -32.89493374294702], [-52.532766045464385, -32.88112284342445], [-52.529733954535565, -32.877210489908826], [-52.528599378797715, -32.868622843424454], [-52.525567287868896, -32.86471048990882], [-52.52443271213105, -32.86028951009112], [-52.52140062120223, -32.85637715657549], [-52.5201721191406, -32.84256625705292], [-52.51316121419268, -32.84076707628035], [-52.51193271213105, -32.82695617675778], [-52.50473395453557, -32.818877156575496], [-52.503599378797716, -32.81445617675779], [-52.5005672878689, -32.810543823242156], [-52.499432712131046, -32.80758666992185], [-52.503599378797716, -32.80221048990882], [-52.50473395453557, -32.797048272026885], [-52.49778951009112, -32.79526604546438], [-52.492322455512124, -32.790706888834606], [-52.49109937879771, -32.776956176757785], [-52.488067287868894, -32.77304382324216], [-52.487499999999976, -32.76666666666664], [-52.488067287868894, -32.75612284342445], [-52.492233954535564, -32.75074666341143], [-52.49109937879771, -32.74778951009112], [-52.4837951660156, -32.739592149522544], [-52.488067287868894, -32.73407999674476], [-52.48693271213105, -32.72695617675778], [-52.47973395453556, -32.718877156575495], [-52.47859937879772, -32.70612284342445], [-52.4755672878689, -32.70221048990882], [-52.474149237738686, -32.69668426513669], [-52.46732788085935, -32.69493374294702], [-52.466099378797715, -32.68112284342445], [-52.45890062120223, -32.67304382324216], [-52.45767754448782, -32.65929311116533], [-52.45221048990883, -32.65473395453556], [-52.449999999999974, -32.65416666666664], [-52.449999999999974, -32.64999999999997], [-52.449999999999974, -32.629166666666634], [-52.45035332573782, -32.62674221462671], [-52.45587632921004, -32.62119140624997], [-52.45833333333331, -32.6208333333333], [-52.45776604546438, -32.61862284342445], [-52.45056728786889, -32.61054382324216], [-52.44914923773869, -32.60501759847002], [-52.44251742892792, -32.60331573486325], [-52.441099378797716, -32.59778951009112], [-52.4380672878689, -32.59387715657549], [-52.436932712131046, -32.589456176757785], [-52.43390062120223, -32.585543823242155], [-52.43276604546438, -32.58112284342445], [-52.429733954535564, -32.57721048990882], [-52.42916666666664, -32.570833333333304], [-52.43137715657549, -32.57026604546438], [-52.43528951009112, -32.56723395453556], [-52.45637715657549, -32.566099378797716], [-52.460289510091116, -32.56306728786889], [-52.46581590440535, -32.56164906819659], [-52.46751742892793, -32.55501759847002], [-52.47429165310327, -32.5532792833116], [-52.475708346896674, -32.54255405002167], [-52.47916666666664, -32.541666666666636], [-52.478813340928795, -32.53507554796004], [-52.47535332573782, -32.531591118706565], [-52.474646674262125, -32.52674221462671], [-52.47118665907115, -32.52325778537323], [-52.47048000759546, -32.51007554796004], [-52.46701999240449, -32.50659111870657], [-52.46631334092879, -32.48924221462671], [-52.46285332573782, -32.48575778537323], [-52.46214667426212, -32.46424221462671], [-52.458686659071155, -32.46075778537323], [-52.45833333333331, -32.4583333333333], [-52.45776604546438, -32.44778951009111], [-52.45473395453556, -32.44387715657549], [-52.45359937879772, -32.43945617675778], [-52.45056728786889, -32.435543823242156], [-52.44943271213105, -32.426956176757784], [-52.44640062120223, -32.42304382324215], [-52.44526604546438, -32.418622843424444], [-52.4380672878689, -32.41054382324216], [-52.436932712131046, -32.397789510091116], [-52.43390062120223, -32.39387715657549], [-52.43276604546438, -32.37695617675778], [-52.429733954535564, -32.373043823242156], [-52.42859937879771, -32.364456176757784], [-52.425567287868894, -32.36054382324215], [-52.42443271213105, -32.34778951009111], [-52.42140062120223, -32.34387715657549], [-52.42026604546438, -32.33945617675778], [-52.41723395453556, -32.335543823242155], [-52.415958319769935, -32.325887383355], [-52.408068847656224, -32.32386288113061], [-52.412031385633654, -32.318749999999966], [-52.40890062120223, -32.31471048990882], [-52.4083333333333, -32.30416666666663], [-52.407766045464385, -32.30195617675778], [-52.400567287868896, -32.29387715657549], [-52.39943271213105, -32.288714938693545], [-52.406377156575495, -32.28693271213104], [-52.41445617675778, -32.27973395453556], [-52.42411261664494, -32.278458150227834], [-52.42499999999997, -32.27499999999997], [-52.424338785807265, -32.26756625705292], [-52.420833333333306, -32.26666666666664]], [[-52.09305555555552, -32.024999999999984], [-52.09202100965709, -32.022918701171854], [-52.09316406249997, -32.02057834201387], [-52.096299913194414, -32.02335883246526], [-52.09305555555552, -32.024999999999984]], [[-52.101388888888856, -32.01666666666665], [-52.09981994628903, -32.01258511013453], [-52.100922309027744, -32.00372246636283], [-52.10895080566403, -32.01061096191404], [-52.101388888888856, -32.01666666666665]], [[-52.14722222222219, -32.11249999999998], [-52.146604749891466, -32.111728583441824], [-52.14603034125431, -32.107111952039915], [-52.13720330132375, -32.096939765082446], [-52.131173027886256, -32.095215861002586], [-52.12716030544702, -32.09228413899738], [-52.121759711371496, -32.09074028862845], [-52.11990695529511, -32.08425971137151], [-52.11326836480032, -32.082361518012135], [-52.11188252766924, -32.07283969455293], [-52.10386996799042, -32.063606431749115], [-52.097839694552924, -32.061882527669255], [-52.092711385091114, -32.058136325412306], [-52.09104919433591, -32.05109456380207], [-52.10046929253469, -32.04938252766925], [-52.10617302788626, -32.05354919433592], [-52.11882697211369, -32.05478413899738], [-52.12283969455292, -32.057715861002585], [-52.13132697211368, -32.05895080566405], [-52.14474521213105, -32.07119377983939], [-52.14645080566403, -32.07716030544703], [-52.14938252766924, -32.081173027886265], [-52.1506174723307, -32.093826972113696], [-52.153605143229136, -32.09791666666665], [-52.1506174723307, -32.1020063612196], [-52.14938252766924, -32.104635959201374], [-52.15446506076386, -32.111593967013874], [-52.14722222222219, -32.11249999999998]], [[-52.230555555555526, -31.891666666666648], [-52.22866041395396, -31.88650580512151], [-52.23248833550344, -31.88269042968748], [-52.2381429036458, -31.88512980143227], [-52.230555555555526, -31.891666666666648]], [[-52.14722222222219, -31.94166666666665], [-52.145653279622366, -31.937585110134528], [-52.14675564236108, -31.928722466362828], [-52.154784138997364, -31.935610961914044], [-52.14722222222219, -31.94166666666665]], [[-52.229166666666636, -32.07916666666665], [-52.226742214626704, -32.0795199924045], [-52.223257785373235, -32.08298000759547], [-52.219118923611084, -32.08368665907116], [-52.21249864366317, -32.07709927029078], [-52.21631334092879, -32.073257785373244], [-52.21666666666664, -32.07083333333331], [-52.228390163845454, -32.07155320909286], [-52.229166666666636, -32.07916666666665]]]}}, {"type": "Feature", "properties": {"nome": "Drenagem direta S (UY/BR)", "hybas_id": 6060016020, "area_km2": 1951.0, "pfaf": 641502, "cor": "#FABFD2"}, "geometry": {"type": "Polygon", "coordinates": [[[-52.77083333333331, -33.237499999999976], [-52.77172410753036, -33.24097052680119], [-52.79362284342446, -33.26193271213105], [-52.79804382324216, -33.2630672878689], [-52.83528951009112, -33.29943271213105], [-52.83971048990883, -33.3005672878689], [-52.868622843424454, -33.32859937879772], [-52.87460394965275, -33.33013441297741], [-52.878599378797716, -33.33528951009112], [-52.88005405002168, -33.34095831976994], [-52.89073350694442, -33.34236924913192], [-52.90359937879772, -33.35612284342446], [-52.904733954535565, -33.36054382324216], [-52.92859937879772, -33.38528951009112], [-52.93013441297741, -33.39127061631942], [-52.935289510091124, -33.39526604546439], [-52.94127061631942, -33.39680107964407], [-52.945266045464386, -33.40195617675779], [-52.94668409559459, -33.40748257107202], [-52.95331590440536, -33.4091840955946], [-52.95501742892793, -33.415815904405356], [-52.96164923773869, -33.41751742892793], [-52.963350762261264, -33.42414923773869], [-52.968877156575495, -33.4255672878689], [-52.98528951009112, -33.441099378797716], [-52.98971048990883, -33.44223395453557], [-53.00612284342446, -33.45776604546439], [-53.010543823242166, -33.45890062120223], [-53.02695617675779, -33.474432712131055], [-53.0313771565755, -33.4755672878689], [-53.04778951009112, -33.49109937879772], [-53.05221048990883, -33.492233954535564], [-53.06862284342446, -33.507766045464386], [-53.07083333333331, -33.50833333333331], [-53.0716840955946, -33.511649237738695], [-53.074999999999974, -33.512499999999974], [-53.074646674262134, -33.51492445203991], [-53.07118665907116, -33.51840888129338], [-53.07083333333331, -33.520833333333314], [-53.073257785373244, -33.52048000759547], [-53.07674221462671, -33.51701999240449], [-53.08159111870658, -33.5163133409288], [-53.085075547960045, -33.51285332573782], [-53.08749999999998, -33.512499999999974], [-53.08971048990883, -33.5130672878689], [-53.093622843424455, -33.51609937879772], [-53.098043823242165, -33.51723395453557], [-53.10195617675779, -33.52026604546439], [-53.104913330078105, -33.52140062120223], [-53.11028951009112, -33.51723395453557], [-53.14241333007811, -33.51609937879772], [-53.14778951009112, -33.52026604546439], [-53.15221048990883, -33.52140062120223], [-53.156122843424455, -33.52443271213105], [-53.167413330078105, -33.5255672878689], [-53.17403225368921, -33.52043728298609], [-53.1755672878689, -33.51445617675779], [-53.17956254747177, -33.509301079644075], [-53.186649068196594, -33.507482571072025], [-53.18749999999998, -33.50416666666664], [-53.188067287868904, -33.497789510091124], [-53.19109937879772, -33.4938771565755], [-53.19223395453557, -33.48528951009112], [-53.196097988552495, -33.4803039550781], [-53.18835093180336, -33.478315904405356], [-53.18693271213105, -33.472789510091125], [-53.178583780924455, -33.46341959635414], [-53.171494547526024, -33.461600409613695], [-53.17026604546439, -33.44778951009112], [-53.16627078586152, -33.442634412977405], [-53.15899454752602, -33.44076707628036], [-53.15767211914061, -33.42589959038626], [-53.15195617675779, -33.42443271213105], [-53.14226989746091, -33.41564704047307], [-53.141666666666644, -33.39999999999998], [-53.14201999240449, -33.397575547960045], [-53.15171169704859, -33.38785773383244], [-53.15659111870657, -33.38714667426213], [-53.16007554796005, -33.38368665907116], [-53.16492445203991, -33.382980007595464], [-53.16874999999998, -33.379181247287306], [-53.17257554796005, -33.382980007595464], [-53.19583333333331, -33.38333333333331], [-53.198257785373244, -33.382980007595464], [-53.20174221462671, -33.37951999240449], [-53.204166666666644, -33.37916666666664], [-53.203808593749976, -33.37670966254338], [-53.198257785373244, -33.37118665907116], [-53.19583333333331, -33.37083333333331], [-53.19140201144746, -33.36969604492185], [-53.195364549424895, -33.36458333333331], [-53.191270785861526, -33.35930107964408], [-53.1841842651367, -33.357482571072026], [-53.18244594997828, -33.350708346896674], [-53.17278951009112, -33.349432712131055], [-53.16763441297741, -33.34543728298609], [-53.166099378797725, -33.339456176757785], [-53.1630672878689, -33.33554382324216], [-53.161649068196596, -33.330017428927924], [-53.156122843424455, -33.32859937879772], [-53.14257032606335, -33.316021050347196], [-53.14077928331161, -33.30904168023001], [-53.13112284342446, -33.30776604546438], [-53.12304382324216, -33.3005672878689], [-53.118622843424454, -33.29943271213105], [-53.10925292968748, -33.29108378092445], [-53.107482571072026, -33.2841840955946], [-53.10085076226126, -33.28248257107202], [-53.099432712131055, -33.276956176757785], [-53.096400621202235, -33.27304382324216], [-53.09583333333331, -33.266666666666644], [-53.09340888129338, -33.2663133409288], [-53.08575778537324, -33.25868665907116], [-53.07674221462671, -33.257980007595464], [-53.058691067165775, -33.239953952365425], [-53.05833333333331, -33.237499999999976], [-53.056122843424454, -33.23693271213105], [-53.0438771565755, -33.2255672878689], [-53.03945617675779, -33.22443271213105], [-53.035543823242165, -33.221400621202235], [-53.02982788085935, -33.21993374294702], [-53.02859937879772, -33.20612284342445], [-53.0255672878689, -33.20221048990883], [-53.02414923773869, -33.19668409559459], [-53.01862284342445, -33.195266045464386], [-53.01471048990883, -33.19223395453557], [-53.0091840955946, -33.190815904405355], [-53.00833333333331, -33.18749999999997], [-53.0076721191406, -33.18006625705293], [-53.000850762261265, -33.17831590440536], [-52.99914923773869, -33.17168409559459], [-52.992517428927925, -33.169982571072026], [-52.99109937879772, -33.16445617675779], [-52.987103949652756, -33.159301079644074], [-52.979827880859354, -33.15743374294702], [-52.97916666666664, -33.14999999999998], [-52.97674221462671, -33.14964667426213], [-52.97325778537324, -33.146186659071155], [-52.96666666666664, -33.14583333333331], [-52.96600545247394, -33.13839959038626], [-52.96028951009112, -33.13693271213105], [-52.9563771565755, -33.13390062120223], [-52.95195617675779, -33.132766045464386], [-52.948043823242166, -33.12973395453557], [-52.94362284342446, -33.128599378797716], [-52.93971048990883, -33.1255672878689], [-52.935289510091124, -33.12443271213105], [-52.92565477159286, -33.11569383409286], [-52.924999999999976, -33.108333333333306], [-52.92168409559459, -33.107482571072026], [-52.92083333333331, -33.10416666666664], [-52.91840888129338, -33.103813340928795], [-52.914924452039905, -33.10035332573782], [-52.90416666666664, -33.09999999999997], [-52.90359937879772, -33.089456176757785], [-52.89960394965276, -33.08430107964407], [-52.89362284342445, -33.08276604546438], [-52.88007032606335, -33.070187717013866], [-52.878279283311606, -33.06320834689667], [-52.86755405002168, -33.06179165310327], [-52.86609937879772, -33.056122843424454], [-52.8630672878689, -33.05221048990883], [-52.862499999999976, -33.049999999999976], [-52.85918409559459, -33.04914923773869], [-52.85776604546439, -33.04362284342445], [-52.85473395453557, -33.03971048990883], [-52.85319892035588, -33.03372938368053], [-52.848043823242165, -33.029733954535565], [-52.843622843424455, -33.028599378797715], [-52.83554382324216, -33.02140062120223], [-52.829166666666644, -33.02083333333331], [-52.8288133409288, -33.01424221462671], [-52.82535332573782, -33.01075778537324], [-52.824641927083306, -33.00587632921004], [-52.819091118706574, -33.00035332573782], [-52.81249999999998, -32.99999999999997], [-52.811876424153624, -32.9884090847439], [-52.80833333333331, -32.987499999999976], [-52.806122843424454, -32.98693271213105], [-52.79675292968748, -32.97858378092445], [-52.794982571072026, -32.97168409559459], [-52.788208346896674, -32.969945949978275], [-52.786932712131055, -32.960289510091116], [-52.78293728298608, -32.9551344129774], [-52.77585076226126, -32.95331590440536], [-52.77443271213105, -32.94778951009112], [-52.77140062120223, -32.943877156575496], [-52.77083333333331, -32.93749999999997], [-52.764506361219595, -32.93688252766924], [-52.76049363878036, -32.93395080566403], [-52.755093044704836, -32.932406955295114], [-52.75354919433591, -32.92700636121959], [-52.74645080566404, -32.918826972113685], [-52.74521586100258, -32.914506361219594], [-52.73811747233071, -32.90632697211369], [-52.73657362196178, -32.900926378038164], [-52.72993503146699, -32.89902818467879], [-52.72854919433591, -32.88950636121959], [-52.725617472330704, -32.88549363878035], [-52.724197387695284, -32.875735134548584], [-52.71666666666664, -32.87499999999997], [-52.716099378797715, -32.87278951009112], [-52.713067287868896, -32.86887715657549], [-52.71193271213105, -32.864456176757784], [-52.70890062120223, -32.86054382324216], [-52.70776604546438, -32.85612284342445], [-52.70473395453556, -32.85221048990883], [-52.70359937879772, -32.84778951009112], [-52.69640062120223, -32.839710489908825], [-52.6951249864366, -32.83005405002167], [-52.68816121419268, -32.828267076280355], [-52.68749999999997, -32.820833333333304], [-52.684184095594595, -32.81998240152992], [-52.682433742947026, -32.81316121419268], [-52.674999999999976, -32.81249999999997], [-52.67464667426213, -32.81007554796004], [-52.671186659071154, -32.80659111870657], [-52.67048000759546, -32.793408881293374], [-52.66285332573782, -32.785757785373235], [-52.662146674262125, -32.78090888129337], [-52.65868665907116, -32.7774244520399], [-52.65798000759546, -32.77257554796004], [-52.65451999240449, -32.76909111870657], [-52.65416666666664, -32.76666666666664], [-52.65381334092879, -32.764242214626705], [-52.646186659071155, -32.75659111870657], [-52.64548000759546, -32.75174221462671], [-52.63785332573782, -32.74409111870657], [-52.63714667426213, -32.73924221462671], [-52.63368665907115, -32.73575778537324], [-52.633333333333304, -32.72499999999997], [-52.63090888129338, -32.724646674262125], [-52.62535434299043, -32.71911977132159], [-52.62499999999997, -32.70833333333331], [-52.62443271213105, -32.70195617675778], [-52.6130672878689, -32.689710489908826], [-52.61179572211369, -32.68008609347871], [-52.6063771565755, -32.675567287868894], [-52.58847893608938, -32.674367268880175], [-52.58390062120223, -32.66887715657549], [-52.5826721191406, -32.65506625705292], [-52.57916666666664, -32.65416666666664], [-52.57859937879772, -32.66054382324216], [-52.57408040364581, -32.66596238878035], [-52.56445617675779, -32.66723395453556], [-52.56054382324216, -32.67026604546438], [-52.55538160536022, -32.671400621202224], [-52.55331590440535, -32.66335093180336], [-52.54778951009112, -32.66193271213105], [-52.543749999999974, -32.65880211724173], [-52.53971048990883, -32.66193271213105], [-52.51862284342445, -32.66306728786889], [-52.51471048990883, -32.66609937879771], [-52.50758666992185, -32.66723395453556], [-52.502210489908826, -32.66306728786889], [-52.49704827202688, -32.66193271213105], [-52.495022243923586, -32.66982659233938], [-52.490920003255184, -32.671400621202224], [-52.48430107964407, -32.666270785861514], [-52.48248257107202, -32.65918426513669], [-52.475708346896674, -32.65744594997827], [-52.47443271213105, -32.647789510091116], [-52.463067287868896, -32.63554382324216], [-52.46249999999997, -32.62499999999997], [-52.46164923773869, -32.621684265136686], [-52.45833333333331, -32.6208333333333], [-52.45587632921004, -32.62119140624997], [-52.45035332573782, -32.62674221462671], [-52.449999999999974, -32.629166666666634], [-52.449999999999974, -32.64999999999997], [-52.449999999999974, -32.65416666666664], [-52.45221048990883, -32.65473395453556], [-52.45767754448782, -32.65929311116533], [-52.45890062120223, -32.67304382324216], [-52.466099378797715, -32.68112284342445], [-52.46732788085935, -32.69493374294702], [-52.474149237738686, -32.69668426513669], [-52.4755672878689, -32.70221048990882], [-52.47859937879772, -32.70612284342445], [-52.47973395453556, -32.718877156575495], [-52.48693271213105, -32.72695617675778], [-52.488067287868894, -32.73407999674476], [-52.4837951660156, -32.739592149522544], [-52.49109937879771, -32.74778951009112], [-52.492233954535564, -32.75074666341143], [-52.488067287868894, -32.75612284342445], [-52.487499999999976, -32.76666666666664], [-52.488067287868894, -32.77304382324216], [-52.49109937879771, -32.776956176757785], [-52.492322455512124, -32.790706888834606], [-52.49778951009112, -32.79526604546438], [-52.50473395453557, -32.797048272026885], [-52.503599378797716, -32.80221048990882], [-52.499432712131046, -32.80758666992185], [-52.5005672878689, -32.810543823242156], [-52.503599378797716, -32.81445617675779], [-52.50473395453557, -32.818877156575496], [-52.51193271213105, -32.82695617675778], [-52.51316121419268, -32.84076707628035], [-52.5201721191406, -32.84256625705292], [-52.52140062120223, -32.85637715657549], [-52.52443271213105, -32.86028951009112], [-52.525567287868896, -32.86471048990882], [-52.528599378797715, -32.868622843424454], [-52.529733954535565, -32.877210489908826], [-52.532766045464385, -32.88112284342445], [-52.533994547526014, -32.89493374294702], [-52.541270616319416, -32.89680107964407], [-52.54526604546438, -32.901956176757785], [-52.54640062120223, -32.91887715657549], [-52.54943271213105, -32.92278951009112], [-52.550567287868894, -32.92721048990883], [-52.55359937879771, -32.931122843424454], [-52.55416666666664, -32.93333333333331], [-52.54943271213105, -32.93454827202688], [-52.550567287868894, -32.943877156575496], [-52.55359937879771, -32.94778951009112], [-52.554733954535564, -32.95221048990883], [-52.56193271213105, -32.960289510091116], [-52.5630672878689, -32.964710489908825], [-52.566099378797716, -32.968622843424455], [-52.56751742892793, -32.974149237738686], [-52.574603949652754, -32.97596774631074], [-52.57859937879772, -32.98112284342445], [-52.57973395453556, -32.98554382324216], [-52.58276604546438, -32.989456176757784], [-52.58390062120223, -32.99387715657549], [-52.58693271213105, -32.99778951009112], [-52.588067287868896, -33.006377156575496], [-52.591099378797715, -33.01028951009112], [-52.592370944552925, -33.01991373697914], [-52.59778951009112, -33.02443271213105], [-52.6063771565755, -33.025567287868896], [-52.61028951009112, -33.028599378797715], [-52.612499999999976, -33.02916666666664], [-52.612853325737824, -33.03159111870657], [-52.61631334092879, -33.03507554796004], [-52.61701999240449, -33.04825778537324], [-52.62048000759546, -33.05174221462671], [-52.62118665907116, -33.05659111870657], [-52.628813340928794, -33.06424221462671], [-52.62951999240449, -33.069091118706574], [-52.632980007595464, -33.07257554796004], [-52.63369106716577, -33.07745496961803], [-52.643408881293375, -33.08714667426213], [-52.64829033745657, -33.08785807291664], [-52.65381334092879, -33.09340888129338], [-52.65452473958331, -33.09829033745657], [-52.66007554796004, -33.103813340928795], [-52.66249999999997, -33.10416666666664], [-52.6630672878689, -33.11054382324216], [-52.67026604546439, -33.118622843424454], [-52.67140062120223, -33.127210489908826], [-52.67859937879772, -33.13528951009112], [-52.679733954535564, -33.13971048990883], [-52.720266045464385, -33.181122843424454], [-52.721752929687476, -33.18691711425779], [-52.73112284342445, -33.195266045464386], [-52.73664923773869, -33.19668409559459], [-52.73835076226126, -33.20331590440536], [-52.74166666666664, -33.204166666666644], [-52.74201999240449, -33.20659111870657], [-52.757980007595464, -33.22257554796005], [-52.75869106716577, -33.22745496961803], [-52.768408881293375, -33.23714667426213], [-52.77083333333331, -33.237499999999976]]]}}, {"type": "Feature", "properties": {"nome": "Banhado do Taim / costa UY", "hybas_id": 6060016030, "area_km2": 10900.0, "pfaf": 641503, "cor": "#A0CBE8"}, "geometry": {"type": "MultiPolygon", "coordinates": [[[[-53.47638888888887, -33.94166666666665], [-53.49079844156899, -33.94105292426213], [-53.49223395453557, -33.93464965820311], [-53.486513773600244, -33.93295186360675], [-53.481377156575505, -33.93693271213105], [-53.47507934570311, -33.938548787434875], [-53.47638888888887, -33.94166666666665]]], [[[-56.230555555555526, -34.89166666666664], [-56.2381174723307, -34.890720960828965], [-56.23424818250865, -34.88688252766924], [-56.22945658365882, -34.888807169596326], [-56.230555555555526, -34.89166666666664]]], [[[-55.93055555555554, -34.949999999999974], [-55.936671956380195, -34.949287245008655], [-55.93793775770398, -34.94288126627602], [-55.93113538953992, -34.94108683268227], [-55.92172105577255, -34.932753499348934], [-55.916086832682275, -34.9348710801866], [-55.917632887098506, -34.94130588107636], [-55.92280205620658, -34.94525349934893], [-55.92816823323566, -34.94666917588973], [-55.93055555555554, -34.949999999999974]]], [[[-55.56388888888887, -34.80833333333331], [-55.57147606743705, -34.80179663764103], [-55.56582166883679, -34.79935726589624], [-55.561993577745206, -34.80317230224607], [-55.56388888888887, -34.80833333333331]]], [[[-54.96805555555553, -34.96249999999997], [-54.97402208116317, -34.96175367567272], [-54.975617472330704, -34.95617302788626], [-54.979784138997374, -34.95046929253469], [-54.977316284179665, -34.94521586100258], [-54.966049194335916, -34.94682583279077], [-54.96728413899737, -34.960493638780356], [-54.96805555555553, -34.96249999999997]]], [[[-53.90138888888886, -34.82916666666664], [-53.90750528971351, -34.82845391167532], [-53.90880126953122, -34.82189466688365], [-53.90106133355032, -34.820365227593285], [-53.89999321831594, -34.82577056884763], [-53.90138888888886, -34.82916666666664]]], [[[-53.73888888888887, -34.354166666666636], [-53.742271762424025, -34.35155554877384], [-53.740218098958316, -34.345228237575924], [-53.73695356580944, -34.34924350314667], [-53.73888888888887, -34.354166666666636]]], [[[-53.76388888888887, -34.4083333333333], [-53.77145097520614, -34.407387457953526], [-53.76961330837672, -34.39938235812714], [-53.76307542588974, -34.406217278374534], [-53.76388888888887, -34.4083333333333]]], [[[-53.747222222222206, -34.40416666666663], [-53.75478430853948, -34.40322079128686], [-53.75091501871743, -34.39938235812714], [-53.746123080783406, -34.40130716959632], [-53.747222222222206, -34.40416666666663]]], [[[-53.770833333333314, -34.21666666666663], [-53.76339959038627, -34.21600545247392], [-53.7616490681966, -34.209184265136685], [-53.756122843424464, -34.207766045464375], [-53.746753099229586, -34.19941711425778], [-53.74526604546439, -34.19362284342444], [-53.725567287868905, -34.17304382324215], [-53.72499999999998, -34.1708333333333], [-53.722789510091125, -34.17026604546437], [-53.7188771565755, -34.167233954535554], [-53.71445617675779, -34.16609937879771], [-53.68971048990883, -34.142233954535556], [-53.68528951009113, -34.14109937879771], [-53.67304382324217, -34.12973395453556], [-53.66862284342446, -34.12859937879771], [-53.66054382324217, -34.12140062120222], [-53.65612284342446, -34.120266045464376], [-53.646753099229585, -34.11191711425778], [-53.64498240152993, -34.10501759847002], [-53.6394561767578, -34.10359937879771], [-53.62721048990883, -34.09223395453556], [-53.6216842651367, -34.09081573486325], [-53.620833333333316, -34.087499999999984], [-53.61862284342446, -34.086932712131045], [-53.58971048990884, -34.05890062120222], [-53.58528951009113, -34.057766045464376], [-53.577210489908836, -34.05056728786889], [-53.57278951009113, -34.04943271213104], [-53.5688771565755, -34.046400621202224], [-53.56335093180337, -34.044982401529914], [-53.561532253689215, -34.03789588080509], [-53.5563771565755, -34.03390062120222], [-53.554166666666646, -34.03333333333332], [-53.55469614664712, -34.03108520507811], [-53.557803853352844, -34.02724812825519], [-53.55886281331378, -34.01025187174477], [-53.56298200819226, -34.00516594780814], [-53.56157565646699, -34.00065104166665], [-53.55191836886934, -33.99947035047741], [-53.54659186469182, -33.99488728841144], [-53.54530385335285, -33.98941853841144], [-53.542196146647115, -33.985581461588524], [-53.54113718668618, -33.982392713758664], [-53.54544508192272, -33.97707383897568], [-53.53802947998045, -33.96891479492186], [-53.536970520019516, -33.960251871744774], [-53.53386281331378, -33.956414794921855], [-53.532803853352846, -33.95191853841144], [-53.52552947998045, -33.94391479492185], [-53.52447052001951, -33.931085205078105], [-53.521362813313786, -33.92724812825519], [-53.520833333333314, -33.92499999999998], [-53.52048000759547, -33.901742214626715], [-53.51701999240449, -33.89825778537325], [-53.516313340928804, -33.89340888129338], [-53.51285332573783, -33.889924452039914], [-53.512146674262134, -33.87745361328123], [-53.516313340928804, -33.87325778537324], [-53.51701999240449, -33.86078694661456], [-53.51285332573783, -33.856591118706575], [-53.51249999999998, -33.85416666666664], [-53.512146674262134, -33.85174221462672], [-53.50868665907116, -33.84825778537324], [-53.507980007595464, -33.839242214626715], [-53.5045199924045, -33.83575778537325], [-53.50416666666665, -33.77499999999998], [-53.50359937879772, -33.76445617675779], [-53.500567287868904, -33.760543823242166], [-53.49943271213106, -33.751956176757794], [-53.49640062120224, -33.74804382324216], [-53.49526604546439, -33.74362284342446], [-53.49223395453557, -33.73971048990883], [-53.49109937879773, -33.73112284342446], [-53.4880672878689, -33.727210489908835], [-53.48693271213106, -33.722789510091125], [-53.471400621202235, -33.7063771565755], [-53.469982401529926, -33.70085076226126], [-53.46666666666665, -33.69999999999998], [-53.4663133409288, -33.68507554796005], [-53.462853325737825, -33.68159111870658], [-53.46214667426214, -33.676742214626714], [-53.45868665907116, -33.673257785373245], [-53.45798000759547, -33.66840888129338], [-53.45451999240449, -33.66492445203991], [-53.454166666666644, -33.66249999999998], [-53.45174221462672, -33.66214667426213], [-53.442024400499115, -33.652454969618034], [-53.4413133409288, -33.647575547960045], [-53.43751458062064, -33.643749999999976], [-53.4413133409288, -33.63992445203991], [-53.4420199924045, -33.631620279947896], [-53.43785332573783, -33.62742445203991], [-53.43749999999998, -33.62499999999998], [-53.435289510091124, -33.62443271213105], [-53.4313771565755, -33.621400621202234], [-53.41762644449868, -33.620177544487824], [-53.413067287868905, -33.61471048990883], [-53.411932712131055, -33.61028951009112], [-53.40473395453557, -33.602210489908835], [-53.40359937879772, -33.593622843424455], [-53.4005672878689, -33.58971048990883], [-53.39929148356118, -33.58005405002168], [-53.395833333333314, -33.579166666666644], [-53.392517598470036, -33.57831590440536], [-53.391099378797726, -33.57278951009113], [-53.37973395453557, -33.56054382324216], [-53.378315734863264, -33.555017428927925], [-53.37499999999998, -33.554166666666646], [-53.37464667426213, -33.547575547960044], [-53.36912350124781, -33.54202473958331], [-53.364242214626714, -33.541313340928795], [-53.360757785373245, -33.53785332573783], [-53.35590888129338, -33.53714667426213], [-53.35035807291665, -33.531623670789905], [-53.34964667426213, -33.526742214626715], [-53.337853325737825, -33.51492445203991], [-53.33714667426213, -33.51007554796005], [-53.32951999240449, -33.50242445203991], [-53.3288133409288, -33.49757554796005], [-53.32535332573783, -33.49409111870658], [-53.324646674262134, -33.489242214626714], [-53.3170199924045, -33.481591118706575], [-53.31666666666665, -33.47916666666664], [-53.31424221462672, -33.478813340928795], [-53.31075778537324, -33.47535332573783], [-53.29999999999998, -33.47499999999998], [-53.29937642415363, -33.4634090847439], [-53.29362284342446, -33.46193271213105], [-53.289710489908835, -33.45890062120223], [-53.28333333333331, -33.45833333333331], [-53.281122843424455, -33.45776604546439], [-53.27304382324217, -33.4505672878689], [-53.26751759847003, -33.449149237738695], [-53.26609937879772, -33.44362284342446], [-53.2630672878689, -33.43971048990883], [-53.26249999999998, -33.43749999999998], [-53.25904218885631, -33.43661261664494], [-53.23390062120224, -33.410543823242165], [-53.23244594997828, -33.40487501356334], [-53.221720716688345, -33.40345831976994], [-53.22026604546439, -33.39778951009112], [-53.21723395453557, -33.3938771565755], [-53.215698920355884, -33.3878960503472], [-53.21054382324217, -33.38390062120223], [-53.208333333333314, -33.38333333333331], [-53.20501759847003, -33.382482571072025], [-53.204166666666644, -33.37916666666664], [-53.20174221462671, -33.37951999240449], [-53.198257785373244, -33.382980007595464], [-53.19583333333331, -33.38333333333331], [-53.17257554796005, -33.382980007595464], [-53.16874999999998, -33.379181247287306], [-53.16492445203991, -33.382980007595464], [-53.16007554796005, -33.38368665907116], [-53.15659111870657, -33.38714667426213], [-53.15171169704859, -33.38785773383244], [-53.14201999240449, -33.397575547960045], [-53.141666666666644, -33.39999999999998], [-53.14226989746091, -33.41564704047307], [-53.15195617675779, -33.42443271213105], [-53.15767211914061, -33.42589959038626], [-53.15899454752602, -33.44076707628036], [-53.16627078586152, -33.442634412977405], [-53.17026604546439, -33.44778951009112], [-53.171494547526024, -33.461600409613695], [-53.178583780924455, -33.46341959635414], [-53.18693271213105, -33.472789510091125], [-53.18835093180336, -33.478315904405356], [-53.196097988552495, -33.4803039550781], [-53.19223395453557, -33.48528951009112], [-53.19109937879772, -33.4938771565755], [-53.188067287868904, -33.497789510091124], [-53.18749999999998, -33.50416666666664], [-53.186649068196594, -33.507482571072025], [-53.17956254747177, -33.509301079644075], [-53.1755672878689, -33.51445617675779], [-53.17403225368921, -33.52043728298609], [-53.167413330078105, -33.5255672878689], [-53.156122843424455, -33.52443271213105], [-53.15221048990883, -33.52140062120223], [-53.14778951009112, -33.52026604546439], [-53.14241333007811, -33.51609937879772], [-53.11028951009112, -33.51723395453557], [-53.104913330078105, -33.52140062120223], [-53.10195617675779, -33.52026604546439], [-53.098043823242165, -33.51723395453557], [-53.093622843424455, -33.51609937879772], [-53.08971048990883, -33.5130672878689], [-53.08749999999998, -33.512499999999974], [-53.085075547960045, -33.51285332573782], [-53.08159111870658, -33.5163133409288], [-53.07674221462671, -33.51701999240449], [-53.073257785373244, -33.52048000759547], [-53.07083333333331, -33.520833333333314], [-53.0716840955946, -33.52414923773869], [-53.07721048990883, -33.5255672878689], [-53.093622843424455, -33.54109937879772], [-53.098043823242165, -33.54223395453557], [-53.118622843424454, -33.56193271213105], [-53.12304382324216, -33.563067287868904], [-53.14778951009112, -33.58693271213105], [-53.15221048990883, -33.5880672878689], [-53.16445617675779, -33.599432712131055], [-53.1688771565755, -33.6005672878689], [-53.185289510091124, -33.61609937879772], [-53.18971048990883, -33.61723395453557], [-53.19778951009113, -33.62443271213105], [-53.202210489908836, -33.625567287868904], [-53.21445617675779, -33.636932712131056], [-53.2188771565755, -33.6380672878689], [-53.23112284342446, -33.64943271213105], [-53.23554382324217, -33.6505672878689], [-53.247789510091124, -33.661932712131055], [-53.25221048990883, -33.6630672878689], [-53.26445617675779, -33.67443271213106], [-53.2688771565755, -33.6755672878689], [-53.27695617675779, -33.68276604546439], [-53.2813771565755, -33.683900621202234], [-53.289456176757795, -33.69109937879772], [-53.2938771565755, -33.69223395453557], [-53.29778951009113, -33.695266045464386], [-53.30221048990883, -33.69640062120224], [-53.310289510091124, -33.70359937879772], [-53.31471048990883, -33.70473395453557], [-53.32695617675779, -33.71609937879772], [-53.3313771565755, -33.71723395453557], [-53.33945617675779, -33.724432712131055], [-53.3438771565755, -33.725567287868905], [-53.36028951009113, -33.74109937879772], [-53.36471048990883, -33.74223395453557], [-53.376956176757794, -33.75359937879772], [-53.37916666666665, -33.75416666666665], [-53.38333333333331, -33.75416666666665], [-53.38390062120224, -33.7563771565755], [-53.474432712131055, -33.847789510091125], [-53.475567287868905, -33.852210489908835], [-53.48693271213106, -33.86445617675779], [-53.4880672878689, -33.8688771565755], [-53.49526604546439, -33.876956176757794], [-53.49640062120224, -33.8813771565755], [-53.49943271213106, -33.88528951009113], [-53.500567287868904, -33.889710489908836], [-53.50359937879772, -33.89362284342446], [-53.504733954535574, -33.89804382324217], [-53.50890062120224, -33.90342000325519], [-53.50776604546439, -33.92304382324217], [-53.50359937879772, -33.92842000325519], [-53.504733954535574, -33.93554382324217], [-53.507864549424895, -33.93958333333332], [-53.50359937879772, -33.94508666992186], [-53.504733954535574, -33.948043823242166], [-53.52443271213106, -33.96862284342446], [-53.5255672878689, -33.977210489908835], [-53.52859937879772, -33.98112284342446], [-53.52973395453557, -33.98971048990884], [-53.53286454942489, -33.993749999999984], [-53.52859937879772, -33.999253336588524], [-53.52973395453557, -34.0063771565755], [-53.536932712131055, -34.0144561767578], [-53.538067287868905, -34.0188771565755], [-53.54120483398436, -34.02292548285588], [-53.53276604546439, -34.03239610460068], [-53.533900621202235, -34.03554382324217], [-53.53776465521916, -34.04052937825519], [-53.52859937879772, -34.04288160536022], [-53.535289510091125, -34.04943271213106], [-53.54166666666665, -34.04999999999997], [-53.5420199924045, -34.052424452039894], [-53.54998609754772, -34.06041598849823], [-53.54583197699651, -34.06459927029076], [-53.55174221462672, -34.07048000759545], [-53.55659111870658, -34.071186659071145], [-53.56424221462672, -34.07881334092878], [-53.56909111870658, -34.07951999240448], [-53.57674221462672, -34.087146674262115], [-53.58159111870658, -34.08785332573781], [-53.593408881293385, -34.09964667426212], [-53.59825778537325, -34.100353325737814], [-53.61424221462672, -34.116313340928784], [-53.61909111870658, -34.11701999240448], [-53.63507554796005, -34.13298000759545], [-53.639924452039914, -34.133686659071145], [-53.655908881293385, -34.14964667426212], [-53.66075778537325, -34.15035332573781], [-53.69340888129339, -34.182980007595454], [-53.698286946614566, -34.18369089762366], [-53.72464667426213, -34.21007554796004], [-53.72535332573783, -34.214924452039895], [-53.741313340928805, -34.23090888129337], [-53.742019992404494, -34.23575778537323], [-53.75798000759547, -34.2517422146267], [-53.75868665907117, -34.25659111870657], [-53.77048000759547, -34.26840888129337], [-53.77118665907116, -34.27325778537323], [-53.77464667426214, -34.2767422146267], [-53.77535332573783, -34.281591118706565], [-53.78298000759547, -34.289242214626704], [-53.783686659071165, -34.29409111870657], [-53.78714667426214, -34.29757554796004], [-53.78785332573783, -34.306591118706564], [-53.7920199924045, -34.310787116156654], [-53.7913133409288, -34.32325778537323], [-53.78785332573783, -34.326742214626705], [-53.78749999999998, -34.3333333333333], [-53.78749999999998, -34.33749999999997], [-53.786594306098074, -34.34102901882592], [-53.76757236056856, -34.342304314507345], [-53.76581573486327, -34.34914906819658], [-53.75776604546439, -34.351214938693545], [-53.75903015136717, -34.36160956488712], [-53.76581573486327, -34.36335093180335], [-53.76723395453557, -34.368877156575486], [-53.77973395453557, -34.382345241970455], [-53.77859937879773, -34.398043823242155], [-53.77443271213106, -34.40342000325518], [-53.77653537326387, -34.40890062120223], [-53.78554382324217, -34.40776604546438], [-53.790920003255195, -34.40359937879771], [-53.79804382324217, -34.40473395453556], [-53.8019561767578, -34.40776604546438], [-53.81054382324217, -34.40890062120223], [-53.814456176757794, -34.41193271213105], [-53.8188771565755, -34.41306728786889], [-53.82278951009113, -34.41609937879771], [-53.831377156575506, -34.41723395453556], [-53.83528951009113, -34.42026604546438], [-53.83971048990884, -34.421400621202224], [-53.84362284342446, -34.42443271213104], [-53.84804382324217, -34.425567287868894], [-53.851956176757795, -34.42859937879771], [-53.856377156575505, -34.42973395453556], [-53.86028951009113, -34.432766045464376], [-53.86471048990884, -34.43390062120223], [-53.86862284342446, -34.436932712131046], [-53.87304382324217, -34.43806728786889], [-53.876956176757794, -34.44109937879771], [-53.8813771565755, -34.44223395453556], [-53.88528951009113, -34.44526604546438], [-53.889710489908836, -34.44640062120222], [-53.89362284342447, -34.44943271213104], [-53.89804382324217, -34.45056728786889], [-53.9019561767578, -34.45359937879771], [-53.9063771565755, -34.454733954535556], [-53.91028951009113, -34.45776604546438], [-53.91471048990884, -34.458900621202226], [-53.918622843424465, -34.461932712131045], [-53.923043823242175, -34.463067287868896], [-53.93112284342446, -34.47026604546438], [-53.93554382324217, -34.47140062120223], [-53.939456176757794, -34.47443271213105], [-53.9438771565755, -34.47556728786889], [-53.94778951009113, -34.47859937879771], [-53.952210489908836, -34.47973395453556], [-53.96028951009113, -34.48693271213104], [-53.96471048990884, -34.488067287868894], [-53.96862284342446, -34.49109937879771], [-53.97304382324217, -34.49223395453556], [-53.976956176757795, -34.495266045464376], [-53.981377156575505, -34.49640062120223], [-53.98528951009113, -34.499432712131046], [-53.98971048990884, -34.50056728786889], [-53.99362284342446, -34.50359937879771], [-53.99804382324217, -34.50473395453556], [-54.0019561767578, -34.50776604546438], [-54.0063771565755, -34.50890062120223], [-54.010289510091134, -34.51193271213104], [-54.014710489908836, -34.51306728786889], [-54.02278951009113, -34.52026604546438], [-54.03137715657551, -34.521400621202226], [-54.039456176757795, -34.528599378797715], [-54.043877156575505, -34.52973395453556], [-54.0519561767578, -34.53693271213105], [-54.05637715657551, -34.53806728786889], [-54.06028951009113, -34.54109937879771], [-54.062499999999986, -34.541666666666636], [-54.06466030544702, -34.542284308539465], [-54.07700636121959, -34.55354902479381], [-54.081326972113686, -34.55478430853947], [-54.093673027886254, -34.566049024793806], [-54.09799363878035, -34.56728430853946], [-54.10617302788626, -34.57438235812714], [-54.110493638780355, -34.575617641872796], [-54.11593119303382, -34.57996656629771], [-54.117383829752576, -34.594847106933564], [-54.12299363878035, -34.59645097520613], [-54.14475979275171, -34.61707899305553], [-54.14645080566403, -34.62299346923825], [-54.14938252766924, -34.62700653076169], [-54.1506174723307, -34.631326802571586], [-54.15354919433591, -34.63533986409502], [-54.154784138997364, -34.637969122992594], [-54.1506174723307, -34.643673197428356], [-54.14902818467879, -34.649231804741724], [-54.138424343532954, -34.65077514648434], [-54.13688252766924, -34.656965467664904], [-54.14506496853296, -34.659304979112385], [-54.146633232964376, -34.67007971869572], [-54.15880262586803, -34.671450975206135], [-54.16450636121959, -34.667284308539465], [-54.17716030544702, -34.66604902479381], [-54.18117302788625, -34.6631176418728], [-54.20463595920136, -34.661882358127144], [-54.21033969455292, -34.66604902479381], [-54.22716030544702, -34.667284308539465], [-54.23117302788626, -34.67021569146048], [-54.23966030544702, -34.671450975206135], [-54.24367302788625, -34.67438235812714], [-54.25216030544702, -34.6756176418728], [-54.256173027886256, -34.67854902479381], [-54.26049363878035, -34.67978430853947], [-54.26574130588105, -34.68361782497827], [-54.27557101779511, -34.68239508734806], [-54.27422078450518, -34.67154117160371], [-54.256173027886256, -34.67021569146048], [-54.249969143337644, -34.66525387234155], [-54.25771586100257, -34.656326802571584], [-54.258950805664035, -34.628697543674015], [-54.25472819010414, -34.62291666666664], [-54.25771586100257, -34.61882680257158], [-54.258950805664035, -34.61450653076169], [-54.26188252766924, -34.61049346923825], [-54.2631174723307, -34.60786421034068], [-54.258950805664035, -34.60216013590492], [-54.25771586100257, -34.58950653076169], [-54.254784138997366, -34.58549346923825], [-54.25354919433591, -34.581173197428356], [-54.2498860677083, -34.576158820258215], [-54.2458333333333, -34.57499999999997], [-54.24668409559459, -34.57168426513669], [-54.252210489908826, -34.57026604546438], [-54.25612284342445, -34.56723395453556], [-54.258333333333304, -34.566666666666634], [-54.26878899468313, -34.56601121690535], [-54.27419976128469, -34.56223195393877], [-54.27499999999997, -34.57499999999997], [-54.27560492621525, -34.5855060153537], [-54.27856174045136, -34.58949398464624], [-54.27994350857202, -34.599215189615855], [-54.28825819227428, -34.60044386121959], [-54.29529283311629, -34.595228237575924], [-54.302172851562474, -34.59643842909068], [-54.3061604817708, -34.599394904242594], [-54.31986897786456, -34.60070326063365], [-54.321942477756046, -34.60814988878035], [-54.32699381510414, -34.61189490424259], [-54.33242594401039, -34.613407558864985], [-54.33333333333331, -34.61666666666664], [-54.3458333333333, -34.61666666666664], [-54.347008260091116, -34.612088690863686], [-54.3505672878689, -34.61545172797306], [-54.3458333333333, -34.61666666666664], [-54.346438259548584, -34.62717268202037], [-54.350790066189205, -34.632557169596325], [-54.360506184895804, -34.63393842909068], [-54.36310492621525, -34.636171298556825], [-54.35616048177081, -34.638105095757346], [-54.34800618489581, -34.64522823757593], [-54.343660481770804, -34.64643842909068], [-54.33967285156247, -34.64939490424259], [-54.33022867838539, -34.65060509575735], [-54.32856174045136, -34.64112599690752], [-54.332728407118026, -34.635506015353705], [-54.33393825954858, -34.631160651312904], [-54.336895073784696, -34.62717268202037], [-54.33810492621525, -34.62445933024085], [-54.33393825954858, -34.61883934868703], [-54.33333333333331, -34.61666666666664], [-54.32700636121959, -34.61728430853947], [-54.31882697211368, -34.62438235812714], [-54.31279669867619, -34.6261064317491], [-54.30478413899737, -34.63533986409502], [-54.30307854546438, -34.64130638970266], [-54.28966030544702, -34.653549024793804], [-54.285339694552924, -34.65478430853947], [-54.28132697211369, -34.657715691460474], [-54.27438252766924, -34.65970119900171], [-54.2756174723307, -34.66882680257159], [-54.27854919433591, -34.672839864095025], [-54.279901801215246, -34.68669738769528], [-54.28966030544702, -34.6881176418728], [-54.29367302788626, -34.691049024793806], [-54.30216030544702, -34.69228430853947], [-54.30617302788626, -34.695215691460476], [-54.31049363878035, -34.69645097520613], [-54.31450636121959, -34.69938235812714], [-54.32299363878035, -34.7006176418728], [-54.32700636121959, -34.70354902479381], [-54.335493638780356, -34.704784308539466], [-54.33950636121959, -34.70771569146047], [-54.34382697211369, -34.708950975206136], [-54.347839694552924, -34.71188235812714], [-54.35216030544702, -34.7131176418728], [-54.35617302788626, -34.716049024793804], [-54.36466030544702, -34.71728430853947], [-54.36867302788626, -34.720215691460474], [-54.37299363878036, -34.72145097520613], [-54.37700636121959, -34.724382358127144], [-54.38549363878035, -34.7256176418728], [-54.38950636121959, -34.72854902479381], [-54.397993638780356, -34.729784308539465], [-54.40200636121959, -34.73271569146048], [-54.40632697211369, -34.733950975206135], [-54.410339694552924, -34.73688235812714], [-54.418826972113685, -34.738117641872805], [-54.42283969455293, -34.74104902479381], [-54.43132697211369, -34.74228430853947], [-54.43533969455292, -34.74521569146047], [-54.43966030544702, -34.74645097520614], [-54.443673027886256, -34.74938235812714], [-54.45216030544702, -34.7506176418728], [-54.45617302788626, -34.753549024793806], [-54.460493638780356, -34.75478430853947], [-54.46450636121959, -34.757715691460476], [-54.46882697211369, -34.75895097520613], [-54.472839694552924, -34.76188235812714], [-54.48132697211369, -34.7631176418728], [-54.48533969455293, -34.76604902479381], [-54.489660305447025, -34.767284308539466], [-54.49367302788626, -34.77021569146048], [-54.49799363878036, -34.771450975206136], [-54.50200636121959, -34.77438235812714], [-54.50632697211369, -34.7756176418728], [-54.510339694552925, -34.77854902479381], [-54.51466030544702, -34.77978430853947], [-54.51867302788626, -34.782715691460474], [-54.522993638780356, -34.78395097520613], [-54.52700636121959, -34.786882358127144], [-54.53132697211369, -34.7881176418728], [-54.535339694552924, -34.79104902479381], [-54.54382697211369, -34.792284308539465], [-54.54783969455293, -34.79521569146048], [-54.552160305447025, -34.796450975206135], [-54.55617302788626, -34.79938235812714], [-54.56049363878036, -34.800617641872805], [-54.56450636121959, -34.80354902479381], [-54.570833333333304, -34.80416666666664], [-54.57721048990883, -34.804733954535564], [-54.58112284342445, -34.80776604546438], [-54.58554382324216, -34.80890062120223], [-54.589456176757785, -34.811932712131046], [-54.593877156575495, -34.8130672878689], [-54.60195617675779, -34.82026604546438], [-54.6063771565755, -34.82140062120223], [-54.61028951009112, -34.82443271213105], [-54.61471048990883, -34.82556728786889], [-54.618622843424454, -34.82859937879771], [-54.62304382324216, -34.82973395453556], [-54.62791680230032, -34.83351067437063], [-54.62973395453557, -34.83824666341143], [-54.62479858398435, -34.84461466471351], [-54.62585788302949, -34.84934048122827], [-54.640451727973065, -34.8505672878689], [-54.642585584852405, -34.842252773708736], [-54.674999999999976, -34.84166666666664], [-54.67585076226126, -34.84498257107202], [-54.68137715657549, -34.84640062120223], [-54.685289510091124, -34.84943271213105], [-54.693877156575496, -34.8505672878689], [-54.69778951009112, -34.85359937879772], [-54.7063771565755, -34.85473395453556], [-54.71028951009112, -34.85776604546438], [-54.71471048990883, -34.85890062120223], [-54.718622843424455, -34.86193271213105], [-54.723043823242165, -34.863067287868894], [-54.72695617675779, -34.86609937879771], [-54.73554382324216, -34.867233954535564], [-54.739456176757784, -34.87026604546438], [-54.74387715657549, -34.87140062120223], [-54.747789510091124, -34.874432712131046], [-54.752210489908826, -34.8755672878689], [-54.75612284342446, -34.878599378797716], [-54.76054382324216, -34.87973395453556], [-54.76445617675779, -34.88276604546438], [-54.7688771565755, -34.88390062120223], [-54.77278951009112, -34.88693271213105], [-54.77721048990883, -34.88806728786889], [-54.78528951009112, -34.89526604546438], [-54.78971048990883, -34.89640062120223], [-54.80195617675779, -34.907766045464385], [-54.818877156575496, -34.90890062120223], [-54.82425333658852, -34.9130672878689], [-54.82721048990883, -34.91193271213105], [-54.831249999999976, -34.90880194769962], [-54.83528951009112, -34.91193271213105], [-54.83971048990883, -34.9130672878689], [-54.84778951009112, -34.92026604546438], [-54.866666666666646, -34.920833333333306], [-54.87083333333331, -34.920833333333306], [-54.87179768880206, -34.92403564453122], [-54.87713487413192, -34.92564290364581], [-54.881198459201364, -34.928523763020806], [-54.88963487413192, -34.92980957031247], [-54.89786512586803, -34.93685709635414], [-54.90213487413192, -34.938142903645804], [-54.90619845920136, -34.94102376302081], [-54.91046820746526, -34.942309570312474], [-54.918698459201366, -34.94935709635414], [-54.92296820746525, -34.95064290364581], [-54.94921468098956, -34.975642903645806], [-54.95448506673175, -34.973322550455705], [-54.95897623697914, -34.966988457573756], [-54.95634562174477, -34.961961534288164], [-54.95213487413192, -34.95897623697914], [-54.94580993652342, -34.95707160101994], [-54.94176567925345, -34.951368204752576], [-54.97286512586803, -34.92147623697914], [-54.97713487413192, -34.92019042968747], [-54.981198459201366, -34.91730957031247], [-54.98963487413192, -34.9160237630208], [-54.99551154242619, -34.91185709635414], [-55.01046820746525, -34.913142903645806], [-55.01458333333331, -34.91606038411456], [-55.02051154242619, -34.91185709635414], [-55.03963487413192, -34.913142903645806], [-55.04915669759112, -34.92129652235241], [-55.05058898925779, -34.903470187716984], [-55.04163886176213, -34.893018595377576], [-55.047865125868036, -34.88814290364581], [-55.05213487413192, -34.88685709635414], [-55.05619845920137, -34.88397623697914], [-55.064634874131926, -34.88269042968747], [-55.068698459201364, -34.879809570312474], [-55.074999999999974, -34.87916666666664], [-55.079166666666644, -34.87916666666664], [-55.13130154079859, -34.879809570312474], [-55.135365125868034, -34.88269042968747], [-55.17296837700736, -34.88397623697914], [-55.1770316229926, -34.88685709635414], [-55.18963504367402, -34.88814290364581], [-55.19369828965927, -34.891023763020804], [-55.20630171034069, -34.89230957031247], [-55.21036495632593, -34.895190429687474], [-55.21880171034069, -34.89647623697914], [-55.222864956325935, -34.89935709635414], [-55.227135043674025, -34.9006429036458], [-55.23536495632593, -34.90769042968747], [-55.2378217909071, -34.908976236979136], [-55.243698289659264, -34.90480957031247], [-55.250321790907094, -34.90352376302081], [-55.25619828965927, -34.90769042968747], [-55.26144968668618, -34.908976236979136], [-55.26314273410371, -34.89786512586803], [-55.266955905490434, -34.892487250434], [-55.282582431369335, -34.89089321560327], [-55.283976067437045, -34.874678209092856], [-55.279769388834616, -34.86874525282115], [-55.28800133599173, -34.859132215711774], [-55.30213504367403, -34.85769042968747], [-55.30634579128687, -34.85470513237844], [-55.308976067437044, -34.84967820909286], [-55.30418192545571, -34.842916531032955], [-55.31153581407333, -34.84070248073999], [-55.313142734103714, -34.835364956325925], [-55.328523932562916, -34.818801710340686], [-55.329166666666644, -34.81666666666664], [-55.33554382324217, -34.816099378797716], [-55.33945617675779, -34.8130672878689], [-55.3438771565755, -34.811932712131046], [-55.347789510091125, -34.80890062120223], [-55.36054382324217, -34.80776604546438], [-55.36445617675779, -34.804733954535564], [-55.38659074571395, -34.803543090820284], [-55.38838738335502, -34.796541849772105], [-55.39911261664494, -34.7951248168945], [-55.39999999999998, -34.791666666666636], [-55.43554382324217, -34.79223395453556], [-55.439456176757794, -34.79526604546438], [-55.473043823242165, -34.79640062120223], [-55.476956176757795, -34.79943271213105], [-55.49657999674477, -34.800567287868894], [-55.501956176757794, -34.79640062120223], [-55.51324666341144, -34.79526604546438], [-55.51862284342446, -34.79943271213105], [-55.52991333007811, -34.800567287868894], [-55.535289510091125, -34.79640062120223], [-55.539710489908835, -34.79526604546438], [-55.54362284342446, -34.79223395453556], [-55.56054382324217, -34.79109937879772], [-55.564456176757794, -34.7880672878689], [-55.573043823242166, -34.78693271213105], [-55.5769561767578, -34.78390062120223], [-55.5813771565755, -34.782766045464385], [-55.58528951009113, -34.77973395453556], [-55.58971048990884, -34.778599378797715], [-55.59362284342446, -34.775567287868896], [-55.62991333007811, -34.774432712131045], [-55.63528951009113, -34.778599378797715], [-55.65711839463974, -34.77973395453556], [-55.6591842651367, -34.77168426513669], [-55.664710489908835, -34.77026604546438], [-55.66862284342446, -34.76723395453556], [-55.67304382324217, -34.76609937879771], [-55.6769561767578, -34.76306728786889], [-55.69583333333332, -34.762499999999974], [-55.69804382324217, -34.76306728786889], [-55.7019561767578, -34.76609937879771], [-55.71054382324217, -34.76723395453556], [-55.71445617675779, -34.77026604546438], [-55.72304382324217, -34.771400621202226], [-55.726956176757795, -34.774432712131045], [-55.731377156575505, -34.775567287868896], [-55.73528951009113, -34.778599378797715], [-55.74387715657551, -34.77973395453556], [-55.74778951009113, -34.782766045464385], [-55.76545172797307, -34.78390062120223], [-55.767581007215696, -34.77560407850475], [-55.800746663411445, -34.774432712131045], [-55.80612284342446, -34.778599378797715], [-55.81471048990884, -34.77973395453556], [-55.818622843424464, -34.782766045464385], [-55.827210489908836, -34.78390062120223], [-55.83112284342446, -34.78693271213105], [-55.83554382324217, -34.7880672878689], [-55.83945617675779, -34.79109937879772], [-55.8438771565755, -34.79223395453556], [-55.84778951009113, -34.79526604546438], [-55.870833333333316, -34.795833333333306], [-55.8716842651367, -34.799149068196584], [-55.87721048990884, -34.800567287868894], [-55.881122843424464, -34.80359937879771], [-55.889710489908836, -34.804733954535564], [-55.89362284342447, -34.80776604546438], [-55.89804382324217, -34.80890062120223], [-55.9019561767578, -34.811932712131046], [-55.9063771565755, -34.8130672878689], [-55.91028951009113, -34.816099378797716], [-55.91471048990884, -34.81723395453556], [-55.918622843424465, -34.82026604546438], [-55.923043823242175, -34.82140062120223], [-55.93112284342446, -34.82859937879771], [-55.93554382324217, -34.82973395453556], [-55.939456176757794, -34.83276604546438], [-55.9438771565755, -34.833900621202226], [-55.94778951009113, -34.836932712131045], [-55.952210489908836, -34.838067287868896], [-55.96028951009113, -34.845266045464385], [-55.96471048990884, -34.84640062120223], [-55.96862284342446, -34.84943271213105], [-55.97304382324217, -34.8505672878689], [-55.976956176757795, -34.85359937879772], [-55.981377156575505, -34.85473395453556], [-55.9894561767578, -34.86193271213105], [-55.99387715657551, -34.863067287868894], [-55.99778951009113, -34.86609937879771], [-56.00221048990884, -34.867233954535564], [-56.006122843424464, -34.87026604546438], [-56.01054382324217, -34.87140062120223], [-56.01862284342447, -34.878599378797716], [-56.029166666666654, -34.87916666666664], [-56.03009304470483, -34.88240695529511], [-56.03549363878035, -34.883950805664035], [-56.03950636121959, -34.88688252766924], [-56.043826972113685, -34.8881174723307], [-56.04783969455292, -34.891049194335906], [-56.05216030544702, -34.89228413899737], [-56.06033969455292, -34.899382527669246], [-56.077160305447016, -34.9006174723307], [-56.081256442599795, -34.90360989040796], [-56.089576890733476, -34.896390109591984], [-56.093673027886254, -34.899382527669246], [-56.09799363878035, -34.9006174723307], [-56.10369737413191, -34.90478413899737], [-56.106326972113685, -34.90354919433591], [-56.112030707465244, -34.899382527669246], [-56.11987304687497, -34.90080769856768], [-56.12199198404945, -34.90821940104164], [-56.127006361219586, -34.91188252766924], [-56.14086676703556, -34.91323547363278], [-56.145215861002576, -34.91867302788626], [-56.14645080566403, -34.922993638780355], [-56.15354919433591, -34.93117302788626], [-56.15532531738278, -34.9373860677083], [-56.16155158148869, -34.941934204101535], [-56.16326836480032, -34.93013848198782], [-56.17071940104164, -34.928008015950496], [-56.17438252766924, -34.922993638780355], [-56.17599351671004, -34.917358737521674], [-56.19382697211368, -34.91604919433591], [-56.197839694552925, -34.913117472330704], [-56.21584201388886, -34.91179572211369], [-56.221450805664034, -34.90478244357636], [-56.2197099473741, -34.900870090060735], [-56.21450636121959, -34.899382527669246], [-56.21049363878035, -34.89645080566403], [-56.19938252766924, -34.89483371310761], [-56.20075174967445, -34.884309895833304], [-56.206326972113686, -34.88271586100257], [-56.21450636121959, -34.8756174723307], [-56.2208333333333, -34.87499999999997], [-56.22499999999997, -34.87499999999997], [-56.226314968532954, -34.879257880316814], [-56.2330874972873, -34.883988783094594], [-56.235455661349796, -34.88267788357202], [-56.24083218044702, -34.87892252604164], [-56.242415025499106, -34.899142795138864], [-56.2531311035156, -34.9008124457465], [-56.25565558539493, -34.90898878309459], [-56.260455661349795, -34.90767788357202], [-56.26454433865015, -34.90482211642792], [-56.27712232801647, -34.90351121690536], [-56.28121100531681, -34.90065544976126], [-56.29378899468313, -34.89934455023869], [-56.29975416395396, -34.89517788357202], [-56.30328030056421, -34.897129652235215], [-56.30548163519963, -34.90425788031681], [-56.312254163953966, -34.90898878309459], [-56.31578030056421, -34.907037014431396], [-56.317930094401014, -34.90007527669268], [-56.32704433865015, -34.89232211642793], [-56.33342454698348, -34.89035169813366], [-56.33684455023869, -34.8854556613498], [-56.338312445746496, -34.876035563151014], [-56.34378899468313, -34.87434455023869], [-56.347877671983476, -34.87148878309459], [-56.360455661349796, -34.87017788357202], [-56.36454433865015, -34.86732211642792], [-56.36878899468313, -34.866011216905356], [-56.37287767198348, -34.86315544976126], [-56.37712232801646, -34.861844550238686], [-56.39371100531681, -34.84648878309459], [-56.40628899468313, -34.84517788357202], [-56.41037767198348, -34.84232211642792], [-56.42454867892793, -34.84084523518877], [-56.43398878309459, -34.82974819607202], [-56.43213060167098, -34.82591518825952], [-56.42704433865015, -34.824344550238685], [-56.41878899468313, -34.817322116427924], [-56.4124087863498, -34.81535186767575], [-56.40898878309459, -34.8104556613498], [-56.40735032823348, -34.805149671766465], [-56.40204433865014, -34.803511216905356], [-56.3979556613498, -34.80065544976126], [-56.391622585720455, -34.79869978162974], [-56.40065544976126, -34.78808152940535], [-56.399102444118896, -34.77994147406681], [-56.39166666666664, -34.77916666666664], [-56.387499999999974, -34.77916666666664], [-56.387499999999974, -34.7833333333333], [-56.387499999999974, -34.78749999999997], [-56.38693271213105, -34.78971048990883], [-56.37973395453556, -34.797789510091114], [-56.378599378797716, -34.818877156575496], [-56.37025044759112, -34.828246900770374], [-56.363350762261256, -34.83001759847002], [-56.36193271213105, -34.83554382324216], [-56.357354397243896, -34.84103393554685], [-56.339456176757785, -34.842233954535565], [-56.33541666666664, -34.845364718966984], [-56.33137715657549, -34.842233954535565], [-56.32842000325518, -34.841099378797715], [-56.3229078504774, -34.84537150065101], [-56.31341959635414, -34.83691711425779], [-56.311932712131046, -34.83112284342445], [-56.30793728298608, -34.82596774631074], [-56.301956176757784, -34.82443271213105], [-56.281377156575495, -34.804733954535564], [-56.276956176757785, -34.80359937879771], [-56.27291666666664, -34.80046878390839], [-56.26874525282115, -34.803701612684435], [-56.26320427788625, -34.79908057318791], [-56.26193271213105, -34.78945617675778], [-56.25890062120223, -34.78554382324216], [-56.258333333333304, -34.7833333333333], [-56.25590888129337, -34.782980007595455], [-56.248257785373234, -34.77535332573782], [-56.2208333333333, -34.77499999999997], [-56.22026604546438, -34.772789510091116], [-56.213067287868896, -34.76471048990882], [-56.21164923773868, -34.75918426513669], [-56.20612284342445, -34.75776604546438], [-56.20221048990882, -34.75473395453556], [-56.19255405002167, -34.753458150227836], [-56.19069892035587, -34.746229214138424], [-56.185543823242156, -34.742233954535564], [-56.18112284342445, -34.74109937879771], [-56.17304382324216, -34.73390062120223], [-56.170833333333306, -34.733333333333306], [-56.166666666666636, -34.733333333333306], [-56.166666666666636, -34.72499999999997], [-56.16028951009112, -34.72443271213105], [-56.15637715657549, -34.72140062120223], [-56.15085076226126, -34.71998240152992], [-56.14999999999997, -34.71666666666664], [-56.14914923773868, -34.713350931803355], [-56.1458333333333, -34.71249999999997], [-56.14166666666664, -34.71249999999997], [-56.14052937825518, -34.70806867811412], [-56.135416666666636, -34.71203121609155], [-56.13137715657549, -34.708900621202226], [-56.110289510091114, -34.70776604546438], [-56.10637715657549, -34.70473395453556], [-56.104166666666636, -34.70416666666664], [-56.10416666666665, -34.699999999999974], [-56.10416666666665, -34.68749999999997], [-56.1063268025716, -34.68688235812714], [-56.11578928629556, -34.67867126464841], [-56.11728430853948, -34.66997663709849], [-56.096450975206146, -34.64799346923825], [-56.09521569146049, -34.6450269911024], [-56.10771569146049, -34.631326802571586], [-56.10895097520615, -34.62700653076169], [-56.111882358127154, -34.62299346923825], [-56.11311764187282, -34.60786421034068], [-56.10895097520615, -34.60216013590492], [-56.10771569146049, -34.58950653076169], [-56.103835550944, -34.58419477674693], [-56.0924608018663, -34.58253919813365], [-56.091049024793826, -34.57283986409502], [-56.08806152343749, -34.56874999999997], [-56.091049024793826, -34.564660135904916], [-56.09166666666664, -34.5583333333333], [-56.09081573486327, -34.55501759847002], [-56.08528951009113, -34.55359937879771], [-56.081377156575506, -34.550567287868894], [-56.072789510091134, -34.54943271213104], [-56.0688771565755, -34.546400621202224], [-56.06289588080511, -34.54486558702254], [-56.05890062120224, -34.53971048990882], [-56.0577660454644, -34.53528951009112], [-56.05473395453558, -34.53137715657549], [-56.05319892035589, -34.52539588080509], [-56.048043823242175, -34.521400621202226], [-56.01862284342447, -34.52026604546438], [-56.01054382324217, -34.51306728786889], [-56.00416666666665, -34.51249999999997], [-56.00359937879773, -34.50612284342445], [-56.00056728786891, -34.502210489908826], [-55.99929148356118, -34.49255405002167], [-55.99362284342446, -34.49109937879771], [-55.97979804144964, -34.47816721598304], [-55.978599378797725, -34.460289510091116], [-55.975567287868905, -34.45637715657549], [-55.97443271213106, -34.45195617675778], [-55.96306728786891, -34.43971048990882], [-55.962499999999984, -34.43749999999997], [-55.955066257052934, -34.43683878580726], [-55.95416666666665, -34.4333333333333], [-55.95191836886934, -34.43386281331377], [-55.94791666666665, -34.43710411919485], [-55.9426074557834, -34.43280385335283], [-55.93108503553601, -34.43386281331377], [-55.921916368272555, -34.442196146647106], [-55.91858503553601, -34.44113718668616], [-55.913440789116734, -34.4369705200195], [-55.88861270480684, -34.438065083821584], [-55.88386281331378, -34.443585035535996], [-55.882560729980455, -34.44911363389754], [-55.87816738552516, -34.450482008192246], [-55.87177412245007, -34.44530385335283], [-55.86858503553601, -34.44636281331377], [-55.86344078911674, -34.45052947998044], [-55.85191836886934, -34.4494705200195], [-55.84791666666665, -34.44622921413843], [-55.8426074557834, -34.45052947998044], [-55.835251702202676, -34.4494705200195], [-55.830107455783406, -34.44530385335283], [-55.82576649983722, -34.44674530029294], [-55.82499999999998, -34.44999999999997], [-55.82149454752602, -34.45089959038626], [-55.82083333333332, -34.4583333333333], [-55.80612284342446, -34.458900621202226], [-55.80221048990884, -34.461932712131045], [-55.79778951009113, -34.463067287868896], [-55.793741183810745, -34.46620483398434], [-55.78554382324217, -34.458900621202226], [-55.78112284342446, -34.45776604546438], [-55.77304382324217, -34.45056728786889], [-55.767517598470036, -34.44914906819658], [-55.766099378797726, -34.44362284342445], [-55.76306728786891, -34.43971048990882], [-55.76249999999998, -34.43749999999997], [-55.76007554796005, -34.437146674262124], [-55.74825778537325, -34.42535332573782], [-55.71424221462672, -34.42464667426212], [-55.71075778537325, -34.42118665907115], [-55.70590888129338, -34.42048000759546], [-55.698257785373244, -34.412853325737814], [-55.679166666666646, -34.412499999999966], [-55.6788118150499, -34.40587955050995], [-55.673257785373245, -34.40035332573782], [-55.67083333333331, -34.39999999999997], [-55.66840888129339, -34.39964667426212], [-55.66492445203991, -34.39618665907115], [-55.655908881293385, -34.39548000759545], [-55.650354173448335, -34.389953104654914], [-55.649999999999984, -34.379166666666634], [-55.6491490681966, -34.375850931803356], [-55.645833333333314, -34.37499999999997], [-55.63507554796005, -34.374646674262124], [-55.62952473958332, -34.3691235012478], [-55.62916666666665, -34.36666666666663], [-55.624999999999986, -34.36666666666663], [-55.62464226616752, -34.36912180582679], [-55.61421593560111, -34.37951999240448], [-55.61007554796005, -34.37881334092879], [-55.60659111870658, -34.37535332573781], [-55.59583333333332, -34.37499999999997], [-55.587499999999984, -34.37499999999997], [-55.58653225368922, -34.371229214138424], [-55.5813771565755, -34.36723395453556], [-55.575850931803366, -34.36581573486325], [-55.574432712131056, -34.360289510091114], [-55.57140062120224, -34.35637715657549], [-55.56986558702255, -34.35039588080509], [-55.56471048990883, -34.34640062120222], [-55.55806867811413, -34.344696214463944], [-55.56203816731769, -34.339574517144065], [-55.55473395453557, -34.33137715657549], [-55.55324690077038, -34.32558288574216], [-55.54260389539929, -34.31609937879771], [-55.53112284342446, -34.31723395453556], [-55.52304382324217, -34.32443271213104], [-55.50833333333331, -34.32499999999997], [-55.50797865125866, -34.31838192409936], [-55.49409111870658, -34.30451999240448], [-55.489242214626714, -34.303813340928784], [-55.485757785373245, -34.30035332573782], [-55.47916666666665, -34.29999999999997], [-55.478543090820295, -34.31159074571394], [-55.4716842651367, -34.313350931803356], [-55.469865587022554, -34.32043745252818], [-55.464583333333316, -34.32453121609155], [-55.46054382324217, -34.32140062120222], [-55.45612284342446, -34.32026604546438], [-55.45074666341144, -34.31609937879771], [-55.44362284342446, -34.31723395453556], [-55.43971048990883, -34.32026604546438], [-55.425899590386265, -34.32149454752601], [-55.4241490681966, -34.328315734863246], [-55.41862284342446, -34.329733954535556], [-55.414710489908835, -34.332766045464375], [-55.40089959038627, -34.33399454752601], [-55.39909651014538, -34.34102088080509], [-55.385543823242166, -34.35359937879771], [-55.372789510091124, -34.35473395453556], [-55.3688771565755, -34.35776604546438], [-55.35090569390189, -34.35897098117401], [-55.34903225368922, -34.366270785861516], [-55.3424133300781, -34.37140062120223], [-55.33528951009112, -34.370266045464376], [-55.33124999999998, -34.367135450575056], [-55.327210489908836, -34.370266045464376], [-55.32278951009113, -34.37140062120223], [-55.31471048990883, -34.37859937879771], [-55.29583333333331, -34.379166666666634], [-55.29618665907116, -34.38575778537323], [-55.30798000759547, -34.39757554796004], [-55.30868665907116, -34.4149244520399], [-55.31214667426213, -34.418408881293374], [-55.31285332573783, -34.42325778537323], [-55.3163133409288, -34.42674221462671], [-55.31666666666665, -34.42916666666663], [-55.31666666666665, -34.4583333333333], [-55.31007554796005, -34.45868665907115], [-55.30242445203991, -34.466313340928785], [-55.272547064887135, -34.467020670572886], [-55.26701999240449, -34.47257554796004], [-55.2663133409288, -34.48575778537323], [-55.25868665907116, -34.49340888129337], [-55.25797526041664, -34.49829016791447], [-55.25208367241751, -34.50415242513018], [-55.24791666666665, -34.50001458062063], [-55.24409111870658, -34.50381334092879], [-55.239242214626714, -34.50451999240448], [-55.235757785373245, -34.50798000759546], [-55.23090888129338, -34.50868665907115], [-55.22708333333331, -34.51248541937931], [-55.222915988498244, -34.50834723578556], [-55.21492445203991, -34.51631334092879], [-55.21249999999998, -34.51666666666664], [-55.20590888129338, -34.51631334092879], [-55.194091118706574, -34.50451999240448], [-55.180908881293384, -34.50381334092879], [-55.17742445203991, -34.50035332573782], [-55.17257554796005, -34.499646674262124], [-55.169091118706575, -34.49618665907115], [-55.15590888129338, -34.495480007595454], [-55.15171305338539, -34.49131334092879], [-55.14340888129338, -34.49201999240448], [-55.13992445203991, -34.495480007595454], [-55.13088039822046, -34.49618886311846], [-55.12118665907116, -34.50590888129337], [-55.12083333333331, -34.508333333333304], [-55.10590888129338, -34.50798000759546], [-55.096191067165776, -34.498288472493456], [-55.09583333333331, -34.4958333333333], [-55.08839959038626, -34.49649454752601], [-55.08749999999998, -34.49999999999997], [-55.08090888129338, -34.499646674262124], [-55.07742445203991, -34.49618665907115], [-55.06666666666664, -34.4958333333333], [-55.06593051486543, -34.48409118652341], [-55.04669053819442, -34.48258497450084], [-55.04499070909286, -34.47167595757375], [-55.03349812825519, -34.469885084364115], [-55.02982211642793, -34.46462232801646], [-55.028131103515605, -34.45914594862193], [-55.01871100531682, -34.45767788357202], [-55.01462232801647, -34.45482211642792], [-55.010377671983484, -34.45351121690535], [-55.00628899468314, -34.45065544976126], [-55.00204433865015, -34.449344550238685], [-54.997955661349806, -34.44648878309459], [-54.99583333333331, -34.445833333333304], [-54.996400621202234, -34.44362284342445], [-55.00026448567706, -34.43863711886932], [-54.99583333333331, -34.43749999999997], [-54.99498257107203, -34.434184265136686], [-54.991666666666646, -34.4333333333333], [-54.97695617675779, -34.43390062120223], [-54.973043823242165, -34.436932712131046], [-54.968622843424455, -34.43806728786889], [-54.96457451714407, -34.441204833984344], [-54.9563771565755, -34.43390062120223], [-54.95195617675779, -34.432766045464376], [-54.93019205729164, -34.41193271213105], [-54.92695617675779, -34.41306728786889], [-54.91760389539928, -34.421400621202224], [-54.89778951009112, -34.42026604546438], [-54.885543823242166, -34.40890062120223], [-54.88001742892793, -34.40748240152992], [-54.87795172797307, -34.399432712131045], [-54.86028951009112, -34.400567287868896], [-54.8563771565755, -34.40359937879771], [-54.85058288574216, -34.405086432562904], [-54.842233954535565, -34.41445617675778], [-54.84049140082463, -34.42124582926429], [-54.823043823242166, -34.40473395453556], [-54.81249999999998, -34.40416666666663], [-54.809184095594595, -34.40331573486325], [-54.80776604546438, -34.397789510091116], [-54.804733954535564, -34.39387715657549], [-54.80359937879772, -34.38945617675778], [-54.79548678927949, -34.38035142686629], [-54.79092000325518, -34.37859937879771], [-54.78541666666664, -34.38286454942488], [-54.781377156575495, -34.37973395453556], [-54.778420003255185, -34.37859937879771], [-54.771970621744764, -34.38359798855249], [-54.77083333333331, -34.379166666666634], [-54.768408881293375, -34.37951999240448], [-54.76492445203991, -34.38298000759546], [-54.75587870279946, -34.383689032660556], [-54.75035332573782, -34.389242214626705], [-54.74964192708331, -34.3941235012478], [-54.74409111870657, -34.39964667426212], [-54.735075547960044, -34.40035332573782], [-54.731591118706575, -34.403813340928785], [-54.72257554796005, -34.40451999240448], [-54.71909111870657, -34.407980007595455], [-54.710075547960045, -34.40868665907115], [-54.70659111870657, -34.41214667426212], [-54.704166666666644, -34.412499999999966], [-54.70174221462671, -34.41214667426212], [-54.69825778537324, -34.40868665907115], [-54.69340888129338, -34.407980007595455], [-54.68785807291664, -34.40245683458113], [-54.687146674262124, -34.39757554796004], [-54.67951999240449, -34.3899244520399], [-54.67916666666664, -34.383333333333304], [-54.67585076226126, -34.38248240152991], [-54.67414923773869, -34.375850931803356], [-54.66751742892792, -34.37414906819658], [-54.665815904405356, -34.36751759847002], [-54.66249999999997, -34.36666666666663], [-54.65833333333331, -34.36666666666663], [-54.657766045464385, -34.364456176757784], [-54.654733954535565, -34.36054382324215], [-54.65350545247393, -34.346732923719586], [-54.64999999999998, -34.3458333333333], [-54.647575547960045, -34.34618665907115], [-54.64409111870657, -34.34964667426212], [-54.62916666666664, -34.349999999999966], [-54.62499999999997, -34.349999999999966], [-54.62414923773869, -34.34668426513669], [-54.618622843424454, -34.34526604546438], [-54.61471048990883, -34.34223395453556], [-54.61028951009112, -34.34109937879771], [-54.6049133300781, -34.336932712131045], [-54.58112284342445, -34.33806728786889], [-54.57721048990883, -34.34109937879771], [-54.571541680230006, -34.34255405002167], [-54.57012905544702, -34.35324723985457], [-54.564710489908826, -34.35776604546438], [-54.556122843424454, -34.358900621202224], [-54.55221048990883, -34.36193271213104], [-54.53945617675779, -34.363067287868894], [-54.527210489908825, -34.374432712131046], [-54.51028951009112, -34.37556728786889], [-54.50624999999997, -34.37869788275822], [-54.5020833333333, -34.37546878390839], [-54.49804382324216, -34.37859937879771], [-54.489456176757784, -34.37973395453556], [-54.48407999674477, -34.38390062120222], [-54.48112284342445, -34.38276604546438], [-54.47721048990883, -34.37973395453556], [-54.47278951009112, -34.37859937879771], [-54.468877156575495, -34.37556728786889], [-54.46666666666664, -34.37499999999997], [-54.466099378797715, -34.37278951009112], [-54.45473395453556, -34.36054382324215], [-54.45359937879772, -34.356122843424444], [-54.45056728786889, -34.35221048990882], [-54.44943271213105, -34.34362284342445], [-54.44640062120223, -34.339710489908825], [-54.44526604546438, -34.335289510091116], [-54.441270616319414, -34.3301344129774], [-54.43399454752601, -34.32826707628035], [-54.4326721191406, -34.313399590386254], [-54.426956176757784, -34.311932712131046], [-54.42304382324216, -34.30890062120223], [-54.41751742892792, -34.30748240152992], [-54.41609937879772, -34.30195617675778], [-54.41296861436629, -34.29791666666664], [-54.41609937879772, -34.29387715657549], [-54.416666666666636, -34.291666666666636], [-54.415815904405356, -34.28835093180335], [-54.41028951009112, -34.28693271213104], [-54.400919596354136, -34.27858378092445], [-54.39999999999997, -34.27499999999997], [-54.393408881293375, -34.27535332573781], [-54.3899244520399, -34.278813340928785], [-54.37499999999997, -34.27916666666663], [-54.36840888129338, -34.27951999240448], [-54.3649244520399, -34.282980007595455], [-54.360075547960044, -34.28368665907115], [-54.34754977756074, -34.29618665907115], [-54.34340888129337, -34.29548000759545], [-54.3399244520399, -34.292019992404484], [-54.33507554796004, -34.29131334092879], [-54.326715766058996, -34.282980007595455], [-54.32257554796004, -34.28368665907115], [-54.31909111870657, -34.28714667426212], [-54.30588107638886, -34.28785485161672], [-54.296186659071154, -34.29757554796004], [-54.295833333333306, -34.30416666666663], [-54.29251742892792, -34.30331573486325], [-54.29109937879772, -34.297789510091114], [-54.2880672878689, -34.29387715657549], [-54.286649237738686, -34.28835093180335], [-54.28112284342445, -34.28693271213104], [-54.27304382324216, -34.27973395453556], [-54.262499999999974, -34.27916666666663], [-54.258333333333304, -34.27916666666663], [-54.25776604546438, -34.28137715657549], [-54.25538160536021, -34.28390062120222], [-54.254166666666634, -34.27916666666663], [-54.2458333333333, -34.27916666666663], [-54.24526604546438, -34.26445617675778], [-54.238067287868894, -34.25637715657549], [-54.23664923773869, -34.250850931803356], [-54.22956271701386, -34.2490322536892], [-54.22556728786889, -34.243877156575486], [-54.224149237738686, -34.23835093180335], [-54.21862284342445, -34.23693271213104], [-54.214710489908825, -34.233900621202224], [-54.209029473198754, -34.23244272867835], [-54.1880672878689, -34.210543823242155], [-54.186932712131046, -34.206122843424446], [-54.175567287868894, -34.19387715657549], [-54.17414923773869, -34.18835093180335], [-54.170833333333306, -34.187499999999964], [-54.164242214626704, -34.18785332573781], [-54.160757785373235, -34.19131334092879], [-54.15174221462671, -34.19201999240448], [-54.14825778537323, -34.19548000759545], [-54.139242214626705, -34.196186659071145], [-54.13504638671872, -34.200353325737815], [-54.12674221462671, -34.19964667426212], [-54.12254638671872, -34.19548000759545], [-54.11424221462671, -34.196186659071145], [-54.11075778537323, -34.19964667426212], [-54.09999999999999, -34.19999999999997], [-54.097575547960055, -34.19964667426212], [-54.08992445203992, -34.19201999240448], [-54.08507554796005, -34.19131334092879], [-54.081591118706584, -34.18785332573781], [-54.07083333333332, -34.187499999999964], [-54.06840888129339, -34.18714667426212], [-54.06075778537325, -34.17951999240448], [-54.04583333333332, -34.17916666666663], [-54.04521569146049, -34.17700653076169], [-54.041335550944, -34.17169477674693], [-54.02983466254339, -34.17002088758677], [-54.029166666666654, -34.15416666666663], [-54.02278951009113, -34.15359937879771], [-54.018877156575506, -34.15056728786889], [-54.0019561767578, -34.149432712131045], [-53.99804382324217, -34.146400621202226], [-53.992405361599374, -34.144953579372796], [-53.99109937879773, -34.136753336588505], [-53.9953645494249, -34.131249999999966], [-53.99223395453558, -34.12721048990882], [-53.99100545247394, -34.11339959038625], [-53.98528951009113, -34.11193271213104], [-53.97591976589625, -34.103583780924446], [-53.9741490681966, -34.09668426513669], [-53.96751759847004, -34.09498240152991], [-53.96609937879773, -34.08945617675778], [-53.95473395453558, -34.07721048990882], [-53.95326707628037, -34.07149454752601], [-53.939456176757794, -34.07026604546438], [-53.93430107964408, -34.06627078586151], [-53.933333333333316, -34.06249999999998], [-53.92499999999998, -34.062499999999964], [-53.921684265136705, -34.06335093180335], [-53.92083333333332, -34.066666666666634], [-53.920214165581584, -34.07817620171438], [-53.91471048990884, -34.082766045464375], [-53.9091842651367, -34.084184265136685], [-53.907365587022554, -34.09127078586151], [-53.90221048990884, -34.09526604546438], [-53.89778951009113, -34.09640062120222], [-53.893877156575506, -34.09943271213104], [-53.88333333333332, -34.099999999999966], [-53.88368665907117, -34.1024244520399], [-53.8920199924045, -34.11078440348304], [-53.891313340928804, -34.114924452039894], [-53.887514580620646, -34.11874999999996], [-53.8920199924045, -34.12328711615665], [-53.891313340928804, -34.1274244520399], [-53.88368665907117, -34.135075547960035], [-53.88297526041665, -34.13995683458113], [-53.87742445203992, -34.14548000759545], [-53.87254316541882, -34.14619140624997], [-53.8670199924045, -34.1517422146267], [-53.866313340928805, -34.156591118706565], [-53.85798000759547, -34.164951070149705], [-53.85868665907117, -34.16909111870656], [-53.862146674262135, -34.17257554796004], [-53.86249999999998, -34.17499999999997], [-53.86033986409504, -34.1756176418728], [-53.8563268025716, -34.1785490247938], [-53.846164449055976, -34.180028110080265], [-53.84228430853948, -34.18533986409502], [-53.840852016872816, -34.19518042670352], [-53.79783986409504, -34.19645097520613], [-53.7938268025716, -34.19938235812714], [-53.7895065307617, -34.200617641872796], [-53.78549346923826, -34.2035490247938], [-53.775971645779066, -34.20493486192488], [-53.774382358127156, -34.21049346923825], [-53.77145097520614, -34.21450653076169], [-53.770833333333314, -34.21666666666663]], [[-54.6847222222222, -34.84166666666664], [-54.68368767632376, -34.83958536783852], [-54.68483072916664, -34.837245008680526], [-54.68796657986108, -34.840025329589814], [-54.6847222222222, -34.84166666666664]], [[-54.5847222222222, -34.7833333333333], [-54.58278672960067, -34.77841016981334], [-54.58605143229164, -34.77439490424259], [-54.58810492621525, -34.78072221544051], [-54.5847222222222, -34.7833333333333]], [[-54.53749999999997, -34.754166666666634], [-54.5384830050998, -34.7509830050998], [-54.54378899468313, -34.74934455023869], [-54.54787767198348, -34.74648878309459], [-54.557466634114554, -34.74517788357202], [-54.559167819552925, -34.76691080729164], [-54.565672132703966, -34.76236758761933], [-54.567322116427924, -34.7729556613498], [-54.57434455023869, -34.78121100531681], [-54.57565544976126, -34.78357916937931], [-54.571488783094594, -34.789544338650146], [-54.570833333333304, -34.791666666666636], [-54.56028951009112, -34.79109937879772], [-54.55637715657549, -34.7880672878689], [-54.54943271213105, -34.786285061306394], [-54.550567287868894, -34.776956176757785], [-54.554733954535564, -34.77157999674476], [-54.553498331705704, -34.75928259955509], [-54.54804382324216, -34.75473395453556], [-54.53749999999997, -34.754166666666634]], [[-54.699999999999974, -34.80833333333331], [-54.70221048990883, -34.80890062120223], [-54.70612284342445, -34.811932712131046], [-54.71164923773869, -34.813350931803356], [-54.71346774631074, -34.82043745252818], [-54.71874999999997, -34.82453121609155], [-54.72278951009112, -34.82140062120223], [-54.72721048990883, -34.82026604546438], [-54.73258666992185, -34.816099378797716], [-54.7380672878689, -34.818202039930526], [-54.736675347222196, -34.82414228651256], [-54.73112284342445, -34.82556728786889], [-54.723043823242165, -34.83276604546438], [-54.714456176757785, -34.833900621202226], [-54.70907999674477, -34.838067287868896], [-54.70195617675779, -34.836932712131045], [-54.69260389539928, -34.82859937879771], [-54.685289510091124, -34.82973395453556], [-54.67721048990883, -34.836932712131045], [-54.674999999999976, -34.83749999999997], [-54.67278951009112, -34.836932712131045], [-54.67026604546439, -34.83454827202688], [-54.67721048990883, -34.83276604546438], [-54.69910922580293, -34.81180386013452], [-54.699999999999974, -34.80833333333331]]]]}}, {"type": "Feature", "properties": {"nome": "Bacia do Tacuar\u00ed (UY)", "hybas_id": 6060886020, "area_km2": 13755.0, "pfaf": 641606, "cor": "#499894"}, "geometry": {"type": "Polygon", "coordinates": [[[-56.45833333333331, -33.09999999999997], [-56.44340888129337, -33.099646674262125], [-56.439924452039904, -33.09618665907115], [-56.43333333333331, -33.09583333333331], [-56.42674221462671, -33.09618665907115], [-56.42325778537324, -33.099646674262125], [-56.41007554796004, -33.10035332573782], [-56.40659111870657, -33.103813340928795], [-56.387499999999974, -33.10416666666664], [-56.37599046495223, -33.10478583441838], [-56.37140062120223, -33.11028951009112], [-56.36998257107202, -33.11581590440536], [-56.363350762261256, -33.117517428927925], [-56.36164923773869, -33.12414923773869], [-56.358333333333306, -33.12499999999997], [-56.35174221462671, -33.124646674262124], [-56.348257785373235, -33.12118665907116], [-56.326742214626705, -33.12048000759546], [-56.32325778537324, -33.11701999240449], [-56.31840888129337, -33.11631334092879], [-56.31004909939233, -33.10798000759546], [-56.293408881293374, -33.108686659071154], [-56.285757785373235, -33.11631334092879], [-56.2833333333333, -33.11666666666664], [-56.26666666666664, -33.11666666666664], [-56.264242214626705, -33.11631334092879], [-56.2545244004991, -33.10662163628469], [-56.253813340928794, -33.10174221462671], [-56.24618665907115, -33.09409111870657], [-56.2458333333333, -33.08749999999998], [-56.23008015950518, -33.088107638888864], [-56.22825758192271, -33.095209757486955], [-56.20612284342445, -33.09640062120223], [-56.19677056206594, -33.10473395453556], [-56.18945617675778, -33.10359937879772], [-56.18137715657549, -33.09640062120223], [-56.172789510091114, -33.095266045464385], [-56.16054382324216, -33.08390062120223], [-56.14999999999997, -33.08333333333331], [-56.14914923773868, -33.08664923773869], [-56.1458333333333, -33.08749999999998], [-56.14498257107202, -33.084184095594594], [-56.14166666666664, -33.08333333333331], [-56.13112284342445, -33.08276604546438], [-56.1270833333333, -33.079635281032964], [-56.122907850477404, -33.08287150065102], [-56.11471048990882, -33.0755672878689], [-56.110289510091114, -33.07443271213105], [-56.10637715657549, -33.07140062120223], [-56.088405693901876, -33.070195515950495], [-56.08664923773868, -33.06335076226126], [-56.080017428927924, -33.06164923773869], [-56.078260972764724, -33.054804484049455], [-56.06028951009112, -33.05359937879771], [-56.05093722873261, -33.04526604546438], [-56.042547607421845, -33.04656745062931], [-56.041666666666636, -33.049999999999976], [-56.0333333333333, -33.049999999999976], [-56.0208333333333, -33.049999999999976], [-56.01751742892792, -33.04914923773869], [-56.01666666666664, -33.045833333333306], [-56.01666666666664, -33.04166666666664], [-56.014242214626705, -33.041313340928795], [-56.010416666666636, -33.03751458062063], [-56.00587972005205, -33.04201999240449], [-55.98507554796004, -33.041313340928795], [-55.9770840115017, -33.03334723578556], [-55.973257785373235, -33.037146674262125], [-55.96007554796004, -33.03785332573782], [-55.95624999999997, -33.04165208604598], [-55.9524244520399, -33.03785332573782], [-55.94999999999997, -33.03749999999997], [-55.943622843424464, -33.03693271213105], [-55.93824666341144, -33.032766045464385], [-55.921806844075505, -33.033972846137125], [-55.917233954535575, -33.03945617675779], [-55.91576707628037, -33.0451721191406], [-55.90089959038627, -33.04649454752602], [-55.89903225368922, -33.05377061631942], [-55.893877156575506, -33.05776604546438], [-55.8894561767578, -33.05890062120223], [-55.884079996744774, -33.0630672878689], [-55.876956176757794, -33.06193271213105], [-55.87157999674478, -33.05776604546438], [-55.86862284342446, -33.05890062120223], [-55.86471048990884, -33.06193271213105], [-55.86249999999998, -33.06249999999997], [-55.85833333333332, -33.06249999999997], [-55.85798000759547, -33.064924452039904], [-55.85035332573783, -33.07257554796004], [-55.84964667426214, -33.09409111870657], [-55.84548000759547, -33.09828694661456], [-55.846186659071165, -33.102424452039905], [-55.84964667426214, -33.105908881293374], [-55.84999999999999, -33.112499999999976], [-55.84999999999999, -33.11666666666664], [-55.843408881293385, -33.11701999240449], [-55.83575778537325, -33.124646674262124], [-55.833333333333314, -33.12499999999997], [-55.83248240152993, -33.128315904405355], [-55.82916666666665, -33.12916666666664], [-55.82824690077038, -33.12558288574216], [-55.8188771565755, -33.117233954535564], [-55.8019561767578, -33.11609937879772], [-55.793877156575505, -33.10890062120223], [-55.78835093180337, -33.107482571072026], [-55.78628506130641, -33.09943271213105], [-55.77278951009113, -33.1005672878689], [-55.768877156575506, -33.10359937879772], [-55.76666666666665, -33.10416666666664], [-55.76581573486327, -33.107482571072026], [-55.76028951009113, -33.10890062120223], [-55.750937228732624, -33.117233954535564], [-55.74778951009113, -33.11609937879772], [-55.74387715657551, -33.1130672878689], [-55.7394561767578, -33.11193271213105], [-55.73541666666665, -33.108801947699625], [-55.729913330078105, -33.1130672878689], [-55.71862284342446, -33.11193271213105], [-55.71324666341144, -33.10776604546438], [-55.71028951009113, -33.10890062120223], [-55.706377156575506, -33.11193271213105], [-55.7019561767578, -33.1130672878689], [-55.69804382324217, -33.11609937879772], [-55.693622843424464, -33.117233954535564], [-55.685425482855884, -33.12453816731768], [-55.67991333007811, -33.12026604546438], [-55.660289510091125, -33.121400621202234], [-55.6563771565755, -33.12443271213105], [-55.65195617675779, -33.1255672878689], [-55.64804382324217, -33.128599378797716], [-55.64166666666665, -33.12916666666664], [-55.641313340928804, -33.131591118706574], [-55.63785332573783, -33.13507554796004], [-55.63749999999998, -33.137499999999974], [-55.63333333333332, -33.137499999999974], [-55.63090888129339, -33.13714667426213], [-55.62325778537325, -33.12951999240449], [-55.61912044949, -33.128813340928794], [-55.61458299424911, -33.13331909179685], [-55.60869140624998, -33.12745700412324], [-55.60833333333331, -33.12499999999997], [-55.60612284342446, -33.12443271213105], [-55.602210489908835, -33.121400621202234], [-55.597789510091125, -33.12026604546438], [-55.59241333007811, -33.11609937879772], [-55.58421308729382, -33.117405531141465], [-55.583333333333314, -33.12083333333331], [-55.582436964246945, -33.12432623969181], [-55.57008666992186, -33.1255672878689], [-55.56471048990883, -33.121400621202234], [-55.55899454752603, -33.119933742947026], [-55.55776604546439, -33.10612284342445], [-55.55473395453557, -33.10221048990883], [-55.55359937879773, -33.09778951009112], [-55.5504687839084, -33.09374999999997], [-55.55369788275823, -33.08958333333331], [-55.55056728786891, -33.08554382324216], [-55.5491004096137, -33.07982788085935], [-55.535289510091125, -33.07859937879772], [-55.53013441297741, -33.074603949652754], [-55.52859937879772, -33.06862284342445], [-55.5255672878689, -33.064710489908826], [-55.524999999999984, -33.06249999999997], [-55.51007554796005, -33.062146674262124], [-55.49825778537325, -33.050353325737824], [-55.495833333333316, -33.049999999999976], [-55.49206254747177, -33.05096774631074], [-55.4880672878689, -33.056122843424454], [-55.48660040961369, -33.06183878580727], [-55.4717329237196, -33.06316121419268], [-55.469982401529926, -33.069982571072025], [-55.46445617675779, -33.07140062120223], [-55.46054382324217, -33.07443271213105], [-55.458333333333314, -33.074999999999974], [-55.45174221462672, -33.07464667426213], [-55.448257785373244, -33.07118665907115], [-55.44583333333331, -33.070833333333304], [-55.44519059922958, -33.07296820746525], [-55.44230940077038, -33.0770317925347], [-55.44040510389538, -33.0833567301432], [-55.43546837700736, -33.08685709635414], [-55.4270316229926, -33.08814290364581], [-55.42296837700736, -33.09102376302081], [-55.40905320909286, -33.09244316948782], [-55.40833333333332, -33.10416666666664], [-55.40612284342446, -33.10473395453556], [-55.40221048990883, -33.10776604546438], [-55.39778951009113, -33.10890062120223], [-55.39241333007811, -33.1130672878689], [-55.3883109198676, -33.11149325900605], [-55.386612616644946, -33.104875013563344], [-55.376956176757794, -33.10359937879772], [-55.37157999674477, -33.09943271213105], [-55.36028951009113, -33.1005672878689], [-55.3563771565755, -33.10359937879772], [-55.35066121419269, -33.105066257052925], [-55.34999999999998, -33.112499999999976], [-55.34166666666665, -33.112499999999976], [-55.34109937879772, -33.11028951009112], [-55.3380672878689, -33.1063771565755], [-55.336600409613695, -33.100661214192684], [-55.32278951009113, -33.09943271213105], [-55.3188771565755, -33.09640062120223], [-55.314456176757794, -33.095266045464385], [-55.31041666666665, -33.09213528103296], [-55.3063771565755, -33.095266045464385], [-55.29362284342446, -33.09640062120223], [-55.27721048990883, -33.11193271213105], [-55.2716842651367, -33.113350762261256], [-55.270833333333314, -33.11666666666664], [-55.26862284342446, -33.11609937879772], [-55.264710489908836, -33.1130672878689], [-55.251956176757794, -33.11193271213105], [-55.2438771565755, -33.10473395453556], [-55.23835093180337, -33.103315904405356], [-55.237499999999976, -33.09999999999997], [-55.2341842651367, -33.099149237738686], [-55.23333333333331, -33.09583333333331], [-55.22257554796005, -33.09618665907115], [-55.21909111870658, -33.099646674262125], [-55.210075547960045, -33.10035332573782], [-55.20659111870658, -33.103813340928795], [-55.202453782823326, -33.10451999240449], [-55.198257785373244, -33.10035332573782], [-55.19340888129338, -33.099646674262125], [-55.18785807291665, -33.094123670789905], [-55.18749999999998, -33.09166666666664], [-55.17257554796005, -33.09131334092879], [-55.16837955050996, -33.08714667426213], [-55.16424221462671, -33.08785332573782], [-55.15659111870657, -33.09548000759546], [-55.151742214626715, -33.09618665907115], [-55.14825778537324, -33.099646674262125], [-55.13924221462671, -33.10035332573782], [-55.135757785373244, -33.103813340928795], [-55.13333333333331, -33.10416666666664], [-55.1339409722222, -33.11991984049477], [-55.137499999999974, -33.12083333333331], [-55.13684421115449, -33.12820671929251], [-55.131377156575496, -33.132766045464386], [-55.1253960503472, -33.134301079644075], [-55.12130194769963, -33.139583333333306], [-55.12443271213105, -33.14362284342445], [-55.125567287868904, -33.14804382324216], [-55.12973395453557, -33.153420003255185], [-55.12859937879772, -33.160543823242165], [-55.12443271213105, -33.16592000325518], [-55.125567287868904, -33.17304382324216], [-55.12973395453557, -33.178420003255184], [-55.12859937879772, -33.18137715657549], [-55.11609937879772, -33.19484524197046], [-55.11723395453557, -33.19804382324216], [-55.12026604546439, -33.20195617675779], [-55.121684095594595, -33.20748257107202], [-55.12858378092446, -33.20925292968747], [-55.136932712131056, -33.218622843424455], [-55.1380672878689, -33.223043823242165], [-55.14109937879772, -33.22695617675779], [-55.141666666666644, -33.233333333333306], [-55.1301571316189, -33.23395250108504], [-55.125567287868904, -33.239456176757784], [-55.124100409613696, -33.2451721191406], [-55.116666666666646, -33.24583333333331], [-55.112499999999976, -33.24583333333331], [-55.11214226616751, -33.24828762478296], [-55.09825778537324, -33.26214667426213], [-55.09583333333331, -33.262499999999974], [-55.09498257107202, -33.26581590440536], [-55.09166666666665, -33.266666666666644], [-55.08749999999998, -33.266666666666644], [-55.08749999999998, -33.27083333333331], [-55.087853325737825, -33.27325778537324], [-55.0913133409288, -33.27674221462671], [-55.09201999240449, -33.28575778537324], [-55.09548000759546, -33.28924221462671], [-55.09583333333331, -33.29166666666664], [-55.09914923773869, -33.290815904405356], [-55.09999999999998, -33.28749999999997], [-55.11991780598956, -33.28809848361543], [-55.121400621202234, -33.2938771565755], [-55.12859937879772, -33.30195617675779], [-55.12973395453557, -33.30637715657549], [-55.138082885742165, -33.315747070312476], [-55.141666666666644, -33.31666666666664], [-55.141666666666644, -33.32083333333331], [-55.13920966254338, -33.32119140624997], [-55.13334757486977, -33.32708299424911], [-55.137146674262134, -33.33090888129338], [-55.13785332573782, -33.33575778537324], [-55.14548000759547, -33.34340888129338], [-55.14618665907116, -33.352424452039905], [-55.14964667426213, -33.35590888129338], [-55.150353325737825, -33.36075778537324], [-55.162486267089825, -33.37291598849824], [-55.15868665907116, -33.37674221462671], [-55.15798000759546, -33.40242445203991], [-55.150353325737825, -33.41007554796005], [-55.14999999999998, -33.42083333333331], [-55.14964192708331, -33.42329033745657], [-55.14409111870658, -33.4288133409288], [-55.13921169704859, -33.429524400499105], [-55.12951999240449, -33.43924221462672], [-55.12916666666664, -33.44166666666664], [-55.12951999240449, -33.444091118706574], [-55.132980007595464, -33.44757554796005], [-55.13333333333331, -33.45833333333331], [-55.13992445203991, -33.458686659071155], [-55.149644978841124, -33.468381076388866], [-55.150353325737825, -33.48087972005206], [-55.14618665907116, -33.485075547960044], [-55.14548000759547, -33.49409111870658], [-55.1416812472873, -33.49791666666664], [-55.14548000759547, -33.50174221462672], [-55.145833333333314, -33.50833333333331], [-55.14999999999998, -33.50833333333331], [-55.150772433810744, -33.51161363389755], [-55.155267333984355, -33.51301371256508], [-55.164418368869335, -33.50469631618921], [-55.16666666666664, -33.50416666666664], [-55.16754642062715, -33.500738864474805], [-55.17574666341144, -33.49943271213105], [-55.18112284342446, -33.50359937879772], [-55.21054382324217, -33.50473395453557], [-55.21991356743705, -33.513082885742165], [-55.22083333333331, -33.516666666666644], [-55.22118665907116, -33.51909111870658], [-55.22464667426213, -33.522575547960045], [-55.22499999999998, -33.52499999999998], [-55.22535332573783, -33.54825778537324], [-55.232980007595465, -33.555908881293384], [-55.23368665907116, -33.56492445203991], [-55.237853325737824, -33.569120279947896], [-55.237146674262135, -33.573257785373244], [-55.23368665907116, -33.57674221462671], [-55.23333333333331, -33.579166666666644], [-55.23554382324217, -33.57973395453557], [-55.24362284342446, -33.58693271213105], [-55.269921705457875, -33.58811408148869], [-55.27197045220267, -33.596097819010396], [-55.27695617675779, -33.592233954535565], [-55.288246663411435, -33.59109937879772], [-55.29362284342446, -33.595266045464385], [-55.3063771565755, -33.596400621202235], [-55.310289510091124, -33.599432712131055], [-55.31471048990883, -33.6005672878689], [-55.31862284342446, -33.603599378797725], [-55.327210489908836, -33.60473395453557], [-55.33112284342446, -33.60776604546439], [-55.33749999999998, -33.60833333333331], [-55.33815680609807, -33.62835252549911], [-55.34799346923826, -33.62978413899737], [-55.3520065307617, -33.63271586100258], [-55.35895097520614, -33.63470119900171], [-55.357715691460484, -33.64799363878036], [-55.35478430853948, -33.6520063612196], [-55.353549024793814, -33.66466030544703], [-55.35061764187281, -33.668673027886264], [-55.34938235812715, -33.67299363878036], [-55.346450975206146, -33.6770063612196], [-55.34583333333331, -33.679166666666646], [-55.345237562391475, -33.69898986816404], [-55.33971048990883, -33.70359937879772], [-55.32278951009113, -33.70473395453557], [-55.3188771565755, -33.70776604546439], [-55.309220716688344, -33.709041680230015], [-55.308333333333316, -33.71249999999998], [-55.30930107964408, -33.71627061631942], [-55.314456176757794, -33.72026604546439], [-55.32140062120224, -33.72204827202689], [-55.320266045464386, -33.73554382324217], [-55.31723395453557, -33.73945617675779], [-55.31609937879772, -33.7438771565755], [-55.313067287868904, -33.747789510091124], [-55.31193271213105, -33.7563771565755], [-55.30462849934894, -33.76457451714408], [-55.30776604546439, -33.76862284342446], [-55.308900621202234, -33.77304382324217], [-55.31193271213105, -33.77695617675779], [-55.313067287868904, -33.789710489908835], [-55.31609937879772, -33.79362284342446], [-55.31723395453557, -33.80221048990883], [-55.324432712131056, -33.810289510091124], [-55.325967746310745, -33.81627061631942], [-55.33112284342446, -33.820266045464386], [-55.337104119194855, -33.821801079644075], [-55.34109937879772, -33.82695617675779], [-55.34223395453557, -33.8313771565755], [-55.34526604546439, -33.83528951009112], [-55.346400621202235, -33.83971048990883], [-55.349432712131055, -33.843622843424455], [-55.350567287868905, -33.848043823242165], [-55.35776604546439, -33.85612284342446], [-55.35833333333331, -33.86249999999998], [-55.35833333333331, -33.87499999999998], [-55.366666666666646, -33.87499999999998], [-55.36763441297741, -33.87877078586151], [-55.374253336588524, -33.88390062120222], [-55.385543823242166, -33.88276604546437], [-55.38958333333331, -33.87963545057505], [-55.39508666992185, -33.88390062120222], [-55.39804382324217, -33.88276604546437], [-55.40342000325519, -33.87859937879771], [-55.414710489908835, -33.87973395453555], [-55.41862284342446, -33.88276604546437], [-55.4241490681966, -33.88418426513668], [-55.42499999999998, -33.88749999999997], [-55.42742445203991, -33.88714667426212], [-55.430908881293384, -33.883686659071145], [-55.43575778537324, -33.88298000759545], [-55.44340888129339, -33.87535332573781], [-55.46492445203991, -33.87464667426212], [-55.47047526041665, -33.86912350124779], [-55.471186659071165, -33.8642422146267], [-55.47671220567489, -33.85868903266056], [-55.485757785373245, -33.85798000759545], [-55.493408881293384, -33.850353325737814], [-55.50587955050997, -33.84964667426212], [-55.51007554796005, -33.85381334092878], [-55.5142128838433, -33.85451999240448], [-55.51840888129338, -33.850353325737814], [-55.520833333333314, -33.84999999999998], [-55.5216842651367, -33.853315734863244], [-55.524999999999984, -33.85416666666663], [-55.52916666666665, -33.85416666666664], [-55.53001759847003, -33.857482401529914], [-55.53554382324217, -33.858900621202224], [-55.539456176757795, -33.86193271213104], [-55.54804382324217, -33.86306728786889], [-55.55612284342446, -33.870266045464376], [-55.573043823242166, -33.87140062120222], [-55.5769561767578, -33.87443271213104], [-55.583333333333314, -33.87499999999998], [-55.58992445203991, -33.87535332573783], [-55.593408881293385, -33.8788133409288], [-55.59825778537325, -33.8795199924045], [-55.60174221462672, -33.882980007595464], [-55.610757785373245, -33.88368665907116], [-55.61424221462672, -33.887146674262134], [-55.622546217176634, -33.88785332573783], [-55.62674221462672, -33.88368665907116], [-55.62916666666665, -33.88333333333331], [-55.63006625705293, -33.87982788085935], [-55.643877156575506, -33.87859937879772], [-55.649344041612395, -33.87404005262585], [-55.6505672878689, -33.86028951009113], [-55.65359937879772, -33.8563771565755], [-55.65501759847003, -33.85085076226127], [-55.661649068196596, -33.84914923773869], [-55.663350931803365, -33.842517428927934], [-55.670124816894514, -33.84077928331161], [-55.67140062120224, -33.83112284342446], [-55.67859937879773, -33.823043823242166], [-55.68005405002168, -33.81737501356335], [-55.68971048990883, -33.81609937879772], [-55.693622843424464, -33.813067287868904], [-55.69804382324217, -33.81193271213105], [-55.70351070827906, -33.80737338595918], [-55.70416666666665, -33.79999999999998], [-55.71075778537325, -33.799646674262135], [-55.71424221462672, -33.79618665907116], [-55.718379550509965, -33.795480007595465], [-55.722575547960055, -33.799646674262135], [-55.73087955050997, -33.800353325737824], [-55.73507554796005, -33.79618665907116], [-55.739215596516914, -33.795480007595465], [-55.747575547960054, -33.8038133409288], [-55.7517128838433, -33.804519992404494], [-55.75590888129339, -33.800353325737824], [-55.770833333333314, -33.79999999999998], [-55.771494547526025, -33.79256625705293], [-55.774999999999984, -33.79166666666664], [-55.77588738335502, -33.78820834689668], [-55.78554382324217, -33.786932712131055], [-55.789456176757795, -33.783900621202235], [-55.80221048990884, -33.78276604546439], [-55.80736558702255, -33.77877061631942], [-55.80890062120224, -33.77278951009112], [-55.81193271213106, -33.7688771565755], [-55.812499999999986, -33.76249999999998], [-55.82409074571396, -33.76187642415363], [-55.82499999999998, -33.75833333333331], [-55.827424452039914, -33.75868665907116], [-55.83090888129339, -33.762146674262134], [-55.83504621717663, -33.76285332573783], [-55.83924221462672, -33.75868665907116], [-55.85416666666665, -33.75833333333331], [-55.8545199924045, -33.75590888129338], [-55.85798000759547, -33.75242445203991], [-55.85868665907117, -33.74757554796005], [-55.862146674262135, -33.74409111870658], [-55.86249999999998, -33.741666666666646], [-55.863405693901896, -33.73813781738279], [-55.8813771565755, -33.73693271213106], [-55.8894561767578, -33.72973395453557], [-55.89166666666665, -33.72916666666664], [-55.8958333333333, -33.72916666666664], [-55.899999999999984, -33.72916666666664], [-55.900655958387574, -33.73654005262585], [-55.90612284342446, -33.74109937879772], [-55.93137715657551, -33.74223395453557], [-55.93528951009113, -33.74526604546439], [-55.9438771565755, -33.746400621202234], [-55.94778951009113, -33.74943271213105], [-55.957445949978286, -33.75070834689668], [-55.95890062120224, -33.7563771565755], [-55.96193271213106, -33.76028951009113], [-55.96306728786891, -33.764710489908836], [-55.96609937879773, -33.76862284342446], [-55.966666666666654, -33.770833333333314], [-55.973257785373235, -33.77048000759547], [-55.980908881293374, -33.76285332573783], [-55.9899244520399, -33.762146674262134], [-55.99340888129337, -33.75868665907116], [-55.998257785373234, -33.757980007595464], [-56.0020833333333, -33.754181247287306], [-56.00590888129337, -33.757980007595464], [-56.01909111870657, -33.75868665907116], [-56.02257554796004, -33.762146674262134], [-56.026713053385386, -33.76285332573783], [-56.03090888129337, -33.75868665907116], [-56.045833333333306, -33.75833333333331], [-56.056591118706564, -33.757980007595464], [-56.06007554796004, -33.7545199924045], [-56.08504638671872, -33.7538133409288], [-56.08924221462671, -33.757980007595464], [-56.09166666666664, -33.75833333333331], [-56.09201999240448, -33.75590888129338], [-56.10171169704858, -33.746191067165775], [-56.104166666666636, -33.74583333333331], [-56.123043823242156, -33.746400621202234], [-56.12695617675778, -33.74943271213105], [-56.13137715657549, -33.750567287868904], [-56.13945617675778, -33.757766045464386], [-56.14241333007809, -33.75890062120224], [-56.147789510091116, -33.75473395453557], [-56.15637715657549, -33.75359937879772], [-56.16153225368921, -33.74960394965276], [-56.16335076226125, -33.74251742892793], [-56.16887715657549, -33.74109937879772], [-56.172789510091114, -33.7380672878689], [-56.1833333333333, -33.737499999999976], [-56.186649237738685, -33.73835076226126], [-56.1880672878689, -33.7438771565755], [-56.19526604546438, -33.751956176757794], [-56.19640062120223, -33.7563771565755], [-56.20097893608938, -33.76186726888019], [-56.2199276394314, -33.76313781738279], [-56.22168409559459, -33.76998257107203], [-56.22721048990883, -33.77140062120223], [-56.23112284342445, -33.77443271213106], [-56.233333333333306, -33.77499999999998], [-56.248257785373234, -33.775353325737825], [-56.25174221462671, -33.7788133409288], [-56.25659111870657, -33.779519992404495], [-56.26007554796004, -33.78298000759546], [-56.2649244520399, -33.78368665907116], [-56.272915988498234, -33.79165276421439], [-56.27674221462671, -33.78785332573783], [-56.28159111870657, -33.78714667426213], [-56.28507554796004, -33.78368665907116], [-56.29754638671872, -33.78298000759546], [-56.30174221462671, -33.78714667426213], [-56.3083333333333, -33.78749999999998], [-56.30918409559459, -33.79081590440536], [-56.31605902777775, -33.792580159505185], [-56.31666666666664, -33.808333333333316], [-56.31998257107202, -33.809184095594595], [-56.32140062120223, -33.81471048990883], [-56.32443271213105, -33.81862284342446], [-56.324999999999974, -33.82083333333331], [-56.32916666666664, -33.82083333333331], [-56.33269551595049, -33.821739027235225], [-56.333900621202226, -33.83971048990883], [-56.3378960503472, -33.84486558702255], [-56.343877156575495, -33.846400621202235], [-56.34778951009112, -33.849432712131055], [-56.35711839463973, -33.850567287868905], [-56.358333333333306, -33.84583333333331], [-56.36075778537324, -33.84618665907116], [-56.36424221462671, -33.84964667426213], [-56.36666666666664, -33.84999999999998], [-56.373043823242156, -33.850567287868905], [-56.37819892035588, -33.85456271701387], [-56.37973395453556, -33.86054382324217], [-56.38276604546438, -33.86445617675779], [-56.38390062120223, -33.8688771565755], [-56.387896050347194, -33.874032253689215], [-56.39498257107202, -33.875850762261265], [-56.39640062120223, -33.8813771565755], [-56.4014957004123, -33.88748677571613], [-56.40612284342445, -33.88390062120224], [-56.41887715657549, -33.88276604546439], [-56.42278951009112, -33.87973395453557], [-56.42499999999997, -33.87916666666665], [-56.42845831976994, -33.880054050021684], [-56.42987501356334, -33.89077928331161], [-56.43554382324216, -33.89223395453557], [-56.43945617675779, -33.89526604546439], [-56.44911261664494, -33.896541680230015], [-56.449999999999974, -33.89999999999998], [-56.45242445203991, -33.900353325737825], [-56.456250678168374, -33.90415310329859], [-56.46840888129338, -33.89201999240449], [-56.473257785373235, -33.8913133409288], [-56.485075547960044, -33.8795199924045], [-56.487499999999976, -33.87916666666665], [-56.488387383355004, -33.87570834689668], [-56.499112616644936, -33.87429165310328], [-56.49999999999997, -33.870833333333316], [-56.506591118706574, -33.87048000759547], [-56.51424221462671, -33.86285332573783], [-56.51837972005205, -33.862146674262135], [-56.522575547960045, -33.8663133409288], [-56.53504909939233, -33.867019992404494], [-56.543408881293374, -33.85868665907116], [-56.55171305338539, -33.857980007595465], [-56.556250678168375, -33.86248609754772], [-56.56424221462671, -33.85451999240449], [-56.569091118706574, -33.8538133409288], [-56.57257554796004, -33.85035332573783], [-56.57742445203991, -33.84964667426213], [-56.580908881293375, -33.84618665907116], [-56.58749999999998, -33.84583333333331], [-56.58785332573782, -33.843408881293385], [-56.59131334092879, -33.83992445203991], [-56.59166666666664, -33.833333333333314], [-56.593877156575495, -33.83276604546439], [-56.59903225368921, -33.828770616319424], [-56.6009090847439, -33.821456909179666], [-56.612499999999976, -33.82083333333331], [-56.61471048990883, -33.820266045464386], [-56.618622843424454, -33.81723395453557], [-56.62414923773869, -33.81581590440536], [-56.6255672878689, -33.810289510091124], [-56.63693271213105, -33.79804382324217], [-56.6380672878689, -33.79362284342446], [-56.64109937879772, -33.789710489908835], [-56.64166666666664, -33.78749999999998], [-56.64166666666664, -33.78333333333331], [-56.65416666666664, -33.78333333333331], [-56.65493910047741, -33.78661363389755], [-56.65943400065102, -33.78801371256508], [-56.6685852050781, -33.77969631618922], [-56.67724812825519, -33.77863701714408], [-56.6810852050781, -33.77552964952255], [-56.699999999999974, -33.77499999999998], [-56.70331590440536, -33.7741492377387], [-56.70473395453556, -33.76862284342446], [-56.70872938368053, -33.763467746310745], [-56.71471048990883, -33.761932712131056], [-56.72020060221352, -33.7573543972439], [-56.721400621202235, -33.73945617675779], [-56.724531385633654, -33.735416666666644], [-56.72130194769963, -33.73124999999998], [-56.72443271213105, -33.727210489908835], [-56.72499999999997, -33.72499999999998], [-56.72535332573782, -33.718408881293385], [-56.73087632921005, -33.712858072916646], [-56.733333333333306, -33.71249999999998], [-56.73554382324216, -33.7130672878689], [-56.739456176757784, -33.71609937879772], [-56.74387715657549, -33.71723395453557], [-56.747789510091124, -33.72026604546439], [-56.75907999674477, -33.721400621202235], [-56.76445617675779, -33.71723395453557], [-56.77157999674477, -33.71609937879772], [-56.776956176757785, -33.72026604546439], [-56.785543823242165, -33.721400621202235], [-56.78945617675779, -33.724432712131055], [-56.79911261664494, -33.72570834689668], [-56.80089959038626, -33.7326721191406], [-56.81471048990883, -33.73390062120224], [-56.81862284342446, -33.73693271213106], [-56.82083333333331, -33.737499999999976], [-56.82083333333331, -33.72916666666664], [-56.82414923773869, -33.72831590440536], [-56.82585076226126, -33.7216840955946], [-56.83248257107203, -33.71998257107203], [-56.83333333333331, -33.71666666666665], [-56.84825778537324, -33.7163133409288], [-56.85174221462671, -33.712853325737825], [-56.858333333333306, -33.71249999999998], [-56.858686659071154, -33.710075547960045], [-56.86837836371525, -33.70035773383245], [-56.87325778537324, -33.699646674262134], [-56.87674221462671, -33.69618665907116], [-56.88921305338539, -33.695480007595464], [-56.89340888129338, -33.699646674262134], [-56.90833333333331, -33.69999999999998], [-56.90833333333331, -33.69166666666665], [-56.90868665907116, -33.68924221462672], [-56.91214667426213, -33.68575778537324], [-56.91285332573782, -33.6691202799479], [-56.90834791395397, -33.66458333333331], [-56.91214667426213, -33.66075778537324], [-56.91285332573782, -33.65590888129338], [-56.91837632921005, -33.650358072916646], [-56.92325778537324, -33.64964667426213], [-56.932978312174455, -33.639952256944426], [-56.93368665907116, -33.627453613281226], [-56.929519992404494, -33.62325778537324], [-56.929166666666646, -33.62083333333331], [-56.93333333333331, -33.62083333333331], [-56.93554382324216, -33.62026604546439], [-56.943741183810744, -33.61296183268227], [-56.94778951009112, -33.61609937879772], [-56.95074666341144, -33.61723395453557], [-56.95612284342445, -33.6130672878689], [-56.96054382324216, -33.61193271213106], [-56.96445617675779, -33.60890062120224], [-56.968877156575495, -33.60776604546439], [-56.972789510091125, -33.60473395453557], [-56.97721048990883, -33.603599378797725], [-56.98270060221352, -33.59902106391057], [-56.98397115071612, -33.58007236056855], [-56.990958319769945, -33.57827928331161], [-56.992233954535564, -33.56862284342446], [-56.99526604546439, -33.56471048990883], [-56.996684095594595, -33.559184095594595], [-57.00221048990883, -33.55776604546439], [-57.00612284342446, -33.55473395453557], [-57.00833333333331, -33.554166666666646], [-57.00868665907116, -33.547575547960044], [-57.01421203613279, -33.5420223659939], [-57.02325778537324, -33.541313340928795], [-57.03507554796005, -33.52951999240449], [-57.04166666666664, -33.52916666666665], [-57.04583333333331, -33.52916666666665], [-57.04674241807724, -33.52562357584633], [-57.05833333333331, -33.52499999999998], [-57.05895080566404, -33.514506361219595], [-57.06188252766925, -33.51049363878036], [-57.063294135199634, -33.50079413519963], [-57.07299363878036, -33.49938252766925], [-57.081173027886265, -33.49228413899737], [-57.08549363878036, -33.491049194335915], [-57.0905080159505, -33.48738606770831], [-57.09228413899737, -33.481173027886264], [-57.10053507486977, -33.471665106879314], [-57.11049363878036, -33.47021586100258], [-57.1145063612196, -33.46728413899737], [-57.116666666666646, -33.46666666666664], [-57.11751742892793, -33.463350762261264], [-57.12304382324216, -33.46193271213105], [-57.136596340603276, -33.44935438368053], [-57.1380672878689, -33.44362284342446], [-57.14943271213105, -33.4313771565755], [-57.150850762261264, -33.42585076226126], [-57.1563771565755, -33.42443271213105], [-57.160289510091125, -33.42140062120223], [-57.164710489908835, -33.42026604546439], [-57.16862284342446, -33.41723395453557], [-57.17083333333331, -33.41666666666664], [-57.17118665907116, -33.41424221462671], [-57.17464667426213, -33.41075778537324], [-57.175353325737824, -33.40590888129338], [-57.1788133409288, -33.40242445203991], [-57.179166666666646, -33.39999999999998], [-57.176742214626714, -33.39964667426213], [-57.16285383436413, -33.38578389485674], [-57.16249999999998, -33.37083333333331], [-57.16214667426213, -33.35590888129338], [-57.158347913953975, -33.35208333333331], [-57.16214667426213, -33.34825778537324], [-57.16285332573783, -33.344120279947894], [-57.15868665907116, -33.33992445203991], [-57.15833333333331, -33.32083333333331], [-57.15075107150606, -33.320059882269945], [-57.149357096354144, -33.30384487575952], [-57.153523763020814, -33.29796820746525], [-57.15480957031248, -33.293698459201366], [-57.15773061116534, -33.28957858615449], [-57.15064290364581, -33.28130154079859], [-57.149357096354144, -33.2770317925347], [-57.1464396158854, -33.27291666666664], [-57.149357096354144, -33.268801540798584], [-57.14999999999998, -33.262499999999974], [-57.13825785319008, -33.26176384819876], [-57.136767578124974, -33.242726982964385], [-57.13333333333331, -33.24166666666664], [-57.13368665907116, -33.235075547960044], [-57.13748541937932, -33.231249999999974], [-57.13368665907116, -33.227424452039905], [-57.132980007595464, -33.22257554796005], [-57.12535332573783, -33.2149244520399], [-57.12464667426213, -33.210075547960045], [-57.117019992404494, -33.20242445203991], [-57.116666666666646, -33.199999999999974], [-57.11723395453557, -33.18945617675779], [-57.12036471896699, -33.18541666666664], [-57.11723395453557, -33.18137715657549], [-57.11609937879772, -33.178420003255184], [-57.12026604546439, -33.17304382324216], [-57.121684095594595, -33.16751742892792], [-57.12721048990883, -33.16609937879772], [-57.13528951009113, -33.15890062120223], [-57.137499999999974, -33.15833333333331], [-57.137146674262134, -33.15590888129338], [-57.13368665907116, -33.1524244520399], [-57.13333333333331, -33.12499999999997], [-57.13333333333331, -33.12083333333331], [-57.12916666666664, -33.12083333333331], [-57.12566121419269, -33.119933742947026], [-57.12443271213105, -33.10612284342445], [-57.1130672878689, -33.093877156575495], [-57.11193271213106, -33.089456176757785], [-57.10473395453557, -33.08137715657549], [-57.103599378797725, -33.07695617675779], [-57.1005672878689, -33.07304382324216], [-57.099432712131055, -33.056122843424454], [-57.092233954535565, -33.04804382324216], [-57.09166666666665, -33.045833333333306], [-57.09100545247394, -33.038399590386256], [-57.08528951009112, -33.03693271213105], [-57.0813771565755, -33.03390062120223], [-57.079166666666644, -33.0333333333333], [-57.077006361219595, -33.033950805664034], [-57.06466030544703, -33.045215861002575], [-57.0520063612196, -33.04645080566404], [-57.04382697211369, -33.053549194335915], [-57.03779669867619, -33.055273098415775], [-57.02978413899737, -33.06450636121959], [-57.02836405436196, -33.07426486545136], [-57.014506361219595, -33.075617472330705], [-57.01049363878036, -33.07854919433591], [-57.00200636121959, -33.07978413899737], [-56.9937564425998, -33.086943223741294], [-56.9879692925347, -33.082715861002576], [-56.98419426812064, -33.084489271375844], [-56.98271586100258, -33.089660305447026], [-56.975617472330704, -33.097839694552924], [-56.97499999999998, -33.09999999999997], [-56.96840888129338, -33.099646674262125], [-56.96492445203991, -33.09618665907115], [-56.95590888129338, -33.09548000759546], [-56.95242445203991, -33.09201999240449], [-56.94340888129338, -33.09131334092879], [-56.939924452039904, -33.08785332573782], [-56.93749999999998, -33.08749999999998], [-56.93660040961369, -33.09100545247393], [-56.92278951009112, -33.092233954535565], [-56.9188771565755, -33.095266045464385], [-56.91249999999998, -33.09583333333331], [-56.906122843424455, -33.09640062120223], [-56.90221048990883, -33.09943271213105], [-56.899253336588515, -33.1005672878689], [-56.8938771565755, -33.09640062120223], [-56.88945617675779, -33.095266045464385], [-56.88541666666664, -33.09213528103296], [-56.88124999999997, -33.09536471896699], [-56.87721048990883, -33.092233954535565], [-56.868622843424454, -33.091099378797715], [-56.86471048990883, -33.088067287868896], [-56.86028951009112, -33.08693271213105], [-56.8563771565755, -33.08390062120223], [-56.85195617675779, -33.08276604546438], [-56.84791666666664, -33.079635281032964], [-56.843877156575495, -33.08276604546438], [-56.83258666992185, -33.08390062120223], [-56.82721048990883, -33.07973395453556], [-56.81755405002168, -33.078458319769936], [-56.81666666666664, -33.074999999999974], [-56.81424221462671, -33.07464667426213], [-56.81075778537324, -33.07118665907115], [-56.80833333333331, -33.070833333333304], [-56.79778951009112, -33.07140062120223], [-56.7938771565755, -33.07443271213105], [-56.78528951009112, -33.0755672878689], [-56.7799133300781, -33.07973395453556], [-56.77278951009112, -33.07859937879772], [-56.768749999999976, -33.075468614366294], [-56.76471048990883, -33.07859937879772], [-56.76028951009112, -33.07973395453556], [-56.756377156575496, -33.08276604546438], [-56.75195617675779, -33.08390062120223], [-56.74804382324216, -33.08693271213105], [-56.73112284342445, -33.088067287868896], [-56.72708333333331, -33.09119805230032], [-56.721579996744765, -33.08693271213105], [-56.71337958441838, -33.0882388644748], [-56.71249999999998, -33.09166666666664], [-56.70833333333331, -33.09166666666664], [-56.70742424858938, -33.088123575846325], [-56.69583333333331, -33.08749999999998], [-56.69166666666664, -33.08749999999998], [-56.691313340928794, -33.085075547960045], [-56.68785332573782, -33.08159111870657], [-56.68749999999997, -33.074999999999974], [-56.685289510091124, -33.07443271213105], [-56.68137715657549, -33.07140062120223], [-56.66862284342445, -33.070266045464386], [-56.66471048990883, -33.06723395453557], [-56.65918409559459, -33.065815904405355], [-56.657766045464385, -33.06028951009112], [-56.64212544759112, -33.043762546115424], [-56.64526604546438, -33.03971048990883], [-56.64583333333331, -33.03749999999997], [-56.643408881293375, -33.037146674262125], [-56.63992445203991, -33.03368665907115], [-56.62499999999997, -33.0333333333333], [-56.62257554796005, -33.03368665907115], [-56.61909111870657, -33.037146674262125], [-56.614242214626714, -33.03785332573782], [-56.606249999999974, -33.04582010904945], [-56.59791734483505, -33.03751390245223], [-56.593379720052056, -33.04201999240449], [-56.57674221462671, -33.041313340928795], [-56.57325778537324, -33.03785332573782], [-56.56424221462671, -33.037146674262125], [-56.56041666666664, -33.03334791395397], [-56.555879720052054, -33.03785332573782], [-56.55174221462671, -33.037146674262125], [-56.54791666666664, -33.03334791395397], [-56.54409111870657, -33.037146674262125], [-56.50416666666664, -33.03749999999997], [-56.50174221462671, -33.03785332573782], [-56.48575778537324, -33.05381334092879], [-56.480908881293374, -33.05451999240449], [-56.477424452039905, -33.05798000759546], [-56.4708333333333, -33.05833333333331], [-56.4708333333333, -33.06666666666664], [-56.47048000759546, -33.069091118706574], [-56.46701999240449, -33.07257554796004], [-56.46631334092879, -33.07742445203991], [-56.46285332573782, -33.080908881293375], [-56.46214667426212, -33.08575778537324], [-56.458686659071155, -33.08924221462671], [-56.45833333333331, -33.09583333333331], [-56.45833333333331, -33.09999999999997]]]}}, {"type": "Feature", "properties": {"nome": "Bacia do Olimar (UY)", "hybas_id": 6060885980, "area_km2": 14343.0, "pfaf": 641607, "cor": "#D4A6C8"}, "geometry": {"type": "Polygon", "coordinates": [[[-56.954166666666644, -32.733333333333306], [-56.9538133409288, -32.730908881293374], [-56.95035332573782, -32.7274244520399], [-56.94964667426213, -32.71007554796004], [-56.94618665907116, -32.70659111870657], [-56.945480007595464, -32.701742214626705], [-56.94201999240449, -32.69825778537324], [-56.94166666666664, -32.691666666666634], [-56.93945617675779, -32.691099378797716], [-56.9313771565755, -32.68390062120223], [-56.92570834689668, -32.682445949978266], [-56.92443271213105, -32.672789510091114], [-56.91723395453557, -32.66471048990883], [-56.91609937879772, -32.647789510091116], [-56.9130672878689, -32.64387715657549], [-56.911612616644945, -32.63820851643877], [-56.901956176757785, -32.63693271213105], [-56.89804382324216, -32.63390062120223], [-56.88945617675779, -32.63276604546438], [-56.87721048990883, -32.62140062120223], [-56.87499999999998, -32.6208333333333], [-56.87083333333331, -32.6208333333333], [-56.87048000759546, -32.61007554796004], [-56.867019992404494, -32.60659111870657], [-56.8663133409288, -32.601742214626704], [-56.862853325737824, -32.598257785373235], [-56.86214667426213, -32.58924221462671], [-56.858686659071154, -32.58575778537323], [-56.858333333333306, -32.566666666666634], [-56.85590888129338, -32.56631334092879], [-56.842024400499106, -32.552454460991726], [-56.84166666666664, -32.54999999999997], [-56.84130859374998, -32.54754316541881], [-56.83575778537324, -32.542019992404484], [-56.824999999999974, -32.541666666666636], [-56.82443271213105, -32.53945617675778], [-56.82140062120223, -32.53554382324216], [-56.82012498643661, -32.525887383355006], [-56.81666666666664, -32.52499999999997], [-56.81701999240449, -32.518408881293375], [-56.820480007595464, -32.5149244520399], [-56.82118665907116, -32.506617736816374], [-56.81285332573782, -32.498257785373234], [-56.81214667426213, -32.476742214626704], [-56.80868665907116, -32.473257785373235], [-56.80798000759546, -32.46840888129337], [-56.79201999240449, -32.4524244520399], [-56.791313340928795, -32.431620449489984], [-56.79548000759546, -32.4274244520399], [-56.796186659071154, -32.42257554796004], [-56.79964667426213, -32.41909111870657], [-56.800353325737824, -32.41495378282332], [-56.79584791395397, -32.410416666666634], [-56.79964667426213, -32.406591118706565], [-56.799999999999976, -32.40416666666663], [-56.795833333333306, -32.40416666666663], [-56.79547559950085, -32.40171152750648], [-56.78504943847654, -32.39131334092879], [-56.77674221462671, -32.392019992404485], [-56.77254638671872, -32.39618665907115], [-56.768408881293375, -32.39548000759545], [-56.76421305338539, -32.39131334092879], [-56.739242214626714, -32.392019992404485], [-56.73575778537324, -32.39548000759545], [-56.71249999999998, -32.3958333333333], [-56.711882527669246, -32.38533986409502], [-56.70363159179685, -32.375831773545976], [-56.692401801215254, -32.37419738769528], [-56.69166666666664, -32.36666666666663], [-56.66249999999997, -32.36666666666663], [-56.64683634440102, -32.36606258816186], [-56.64109937879772, -32.35918341742618], [-56.64223395453556, -32.35195617675778], [-56.64640062120223, -32.34657999674476], [-56.64526604546438, -32.33945617675778], [-56.64223395453556, -32.335543823242155], [-56.64081590440536, -32.33001759847002], [-56.63528951009112, -32.32859937879771], [-56.631377156575496, -32.32556728786889], [-56.62916666666664, -32.32499999999997], [-56.62916666666664, -32.2958333333333], [-56.62674221462671, -32.29548000759545], [-56.62119140624998, -32.28995683458113], [-56.62048000759546, -32.285075547960034], [-56.614599270290775, -32.27916531032983], [-56.61075778537324, -32.282980007595455], [-56.606617228190075, -32.28368665907115], [-56.596191067165776, -32.273288472493455], [-56.59548000759546, -32.26840888129337], [-56.5916812472873, -32.2645833333333], [-56.59548000759546, -32.26075778537323], [-56.59583333333331, -32.2583333333333], [-56.593622843424455, -32.25776604546438], [-56.589710489908825, -32.25473395453556], [-56.58528951009112, -32.25359937879771], [-56.5799133300781, -32.249432712131046], [-56.57695617675779, -32.25056728786889], [-56.57157999674477, -32.25473395453556], [-56.54778951009112, -32.25359937879771], [-56.53971048990883, -32.24640062120223], [-56.53418409559459, -32.24498240152992], [-56.53248257107202, -32.23835093180335], [-56.52916666666664, -32.23749999999997], [-56.52499999999997, -32.23749999999997], [-56.52122938368053, -32.236532253689205], [-56.51723395453556, -32.23137715657549], [-56.51581590440536, -32.22585093180335], [-56.50918409559459, -32.22414906819658], [-56.50736558702254, -32.217062547471755], [-56.502210489908826, -32.21306728786889], [-56.49999999999997, -32.21249999999997], [-56.47674221462671, -32.21285332573781], [-56.472546386718726, -32.21701999240448], [-56.46840888129338, -32.216313340928785], [-56.4649244520399, -32.21285332573781], [-56.455908881293375, -32.21214667426212], [-56.45242445203991, -32.20868665907115], [-56.44166666666664, -32.2083333333333], [-56.440894232855875, -32.205053032769065], [-56.43650071885848, -32.20368465847436], [-56.430107286241295, -32.20886281331377], [-56.42691853841143, -32.20780385335283], [-56.42308146158852, -32.2046961466471], [-56.418585205078095, -32.203637186686166], [-56.414583333333304, -32.20039588080509], [-56.40993041992185, -32.20416463216142], [-56.40469631618921, -32.198081631130606], [-56.40363701714407, -32.17691836886932], [-56.40052964952254, -32.17308163113061], [-56.39936659071178, -32.16356777615014], [-56.38974812825518, -32.154696146647105], [-56.383333333333304, -32.15416666666663], [-56.382429673936606, -32.150645785861514], [-56.36887715657549, -32.13806728786889], [-56.363137817382785, -32.136594306098054], [-56.36193271213105, -32.11862284342445], [-56.35890062120223, -32.11471048990882], [-56.35743374294702, -32.10899454752601], [-56.34256625705292, -32.10767211914059], [-56.340747070312474, -32.100582885742156], [-56.33137715657549, -32.09223395453556], [-56.32278951009112, -32.09109937879771], [-56.318877156575496, -32.08806728786889], [-56.31666666666664, -32.08749999999996], [-56.30923292371959, -32.08683878580726], [-56.3083333333333, -32.0833333333333], [-56.30868665907115, -32.076742214626705], [-56.312146674262124, -32.07325778537323], [-56.31249999999997, -32.0583333333333], [-56.30512661404077, -32.05767737494571], [-56.300567287868894, -32.052210489908816], [-56.29943271213105, -32.03528951009111], [-56.29223395453556, -32.02721048990882], [-56.290958319769935, -32.017554050021666], [-56.28749999999997, -32.01666666666663], [-56.28785332573782, -32.014242214626705], [-56.29131334092879, -32.01075778537323], [-56.292019992404484, -32.005908881293365], [-56.29548000759546, -32.0024244520399], [-56.295833333333306, -31.979166666666632], [-56.29526604546438, -31.976956176757778], [-56.29223395453556, -31.973043823242154], [-56.29109937879772, -31.968622843424445], [-56.28390062120223, -31.96054382324215], [-56.282766045464385, -31.956122843424446], [-56.27973395453556, -31.95221048990882], [-56.278599378797715, -31.94508666992184], [-56.282766045464385, -31.93971048990882], [-56.28390062120223, -31.934548272026873], [-56.276956176757785, -31.932766045464373], [-56.27180107964407, -31.92877078586151], [-56.26998257107202, -31.921684265136683], [-56.263350762261254, -31.919982401529914], [-56.26193271213105, -31.914456176757778], [-56.253237575954834, -31.90486958821611], [-56.24272121853296, -31.90348019070092], [-56.24109937879771, -31.899253336588504], [-56.24536471896698, -31.893749999999965], [-56.242233954535564, -31.88971048990882], [-56.24166666666664, -31.87916666666665], [-56.235251871744765, -31.878637186686163], [-56.231249999999974, -31.875395880805087], [-56.22594061957462, -31.8796961466471], [-56.22275187174476, -31.878637186686163], [-56.21760728624129, -31.874470520019496], [-56.2060852050781, -31.875529479980433], [-56.200940619574624, -31.8796961466471], [-56.193585205078094, -31.878637186686163], [-56.18441636827254, -31.87030385335283], [-56.17993740505639, -31.87172766791446], [-56.17916666666664, -31.874999999999964], [-56.176709662543374, -31.87535807291663], [-56.171186659071154, -31.880908881293365], [-56.170833333333306, -31.883333333333297], [-56.17414923773869, -31.884184265136682], [-56.175567287868894, -31.88971048990882], [-56.17859937879771, -31.893622843424442], [-56.179733954535564, -31.89804382324215], [-56.18286471896698, -31.902083333333298], [-56.179733954535564, -31.906122843424445], [-56.17859937879771, -31.909079996744754], [-56.18276604546438, -31.914456176757778], [-56.18390062120223, -31.927951727973056], [-56.17570834689667, -31.930054050021667], [-56.17443271213105, -31.93971048990882], [-56.171400621202224, -31.943622843424443], [-56.17026604546438, -31.948043823242152], [-56.16723395453556, -31.951956176757776], [-56.16609937879771, -31.96054382324215], [-56.15890062120223, -31.968622843424445], [-56.15776604546438, -31.973043823242154], [-56.15473395453556, -31.976956176757778], [-56.15416666666664, -31.979166666666632], [-56.1458333333333, -31.979166666666632], [-56.134323798285564, -31.97978583441837], [-56.12973395453556, -31.98528951009111], [-56.128599378797716, -31.98971048990882], [-56.1255672878689, -31.993622843424443], [-56.124149237738685, -31.99914906819658], [-56.11862284342445, -32.00056728786889], [-56.11054382324216, -32.00776604546437], [-56.096732923719586, -32.00899454752601], [-56.094618394639724, -32.017233954535556], [-56.07695617675778, -32.016099378797705], [-56.072916666666636, -32.012968783908384], [-56.06887715657549, -32.016099378797705], [-56.05416666666665, -32.01666666666665], [-56.053811984592, -32.02328457302515], [-56.03575778537325, -32.0413133409288], [-56.02674221462672, -32.0420199924045], [-56.02325778537325, -32.045480007595465], [-56.01837921142577, -32.04619106716578], [-56.000353325737834, -32.06424221462672], [-55.999999999999986, -32.07916666666665], [-55.98749999999998, -32.07916666666663], [-55.97174665662976, -32.07855919731985], [-55.96998240152993, -32.07168426513668], [-55.966666666666654, -32.07083333333331], [-55.96007554796005, -32.071186659071145], [-55.956591118706584, -32.07464667426212], [-55.94999999999998, -32.07499999999997], [-55.94964531792533, -32.068381924099356], [-55.93504994710285, -32.053813340928784], [-55.91840888129339, -32.05451999240448], [-55.91492445203991, -32.057980007595454], [-55.88924221462672, -32.05868665907115], [-55.88504621717664, -32.06285332573781], [-55.87674221462672, -32.06214667426212], [-55.864924452039915, -32.05035332573781], [-55.86249999999998, -32.04999999999997], [-55.8616490681966, -32.05331573486325], [-55.853599378797725, -32.05538160536021], [-55.854733954535575, -32.06471048990882], [-55.857766045464395, -32.06862284342444], [-55.85833333333332, -32.07499999999997], [-55.857766045464395, -32.08971048990882], [-55.854733954535575, -32.09362284342445], [-55.853315734863266, -32.09914906819658], [-55.84778951009113, -32.10056728786889], [-55.83971048990884, -32.10776604546437], [-55.83005405002169, -32.109041849772105], [-55.82916666666665, -32.11249999999997], [-55.82880910237628, -32.114953782823314], [-55.80659111870658, -32.13714667426212], [-55.80171152750649, -32.13785773383243], [-55.7920199924045, -32.14757554796004], [-55.79166666666665, -32.15416666666663], [-55.78835093180337, -32.15331573486325], [-55.78628506130641, -32.145266045464375], [-55.77173428005641, -32.14648929172088], [-55.76986558702255, -32.15377078586151], [-55.764710489908836, -32.15776604546438], [-55.7591842651367, -32.15918426513669], [-55.757482401529934, -32.165815734863244], [-55.75416666666665, -32.166666666666636], [-55.75359937879772, -32.16887715657549], [-55.750567287868904, -32.172789510091114], [-55.7491490681966, -32.17831573486325], [-55.745833333333316, -32.17916666666663], [-55.743408881293384, -32.17951999240448], [-55.739924452039915, -32.182980007595454], [-55.72674221462672, -32.18368665907115], [-55.72325778537325, -32.18714667426212], [-55.71424221462672, -32.18785332573781], [-55.71075778537325, -32.19131334092879], [-55.69340888129339, -32.19201999240448], [-55.68992445203991, -32.19548000759545], [-55.680878872341566, -32.196189032660556], [-55.67501424153644, -32.202082994249096], [-55.679519992404494, -32.20662044948998], [-55.678813340928805, -32.214924452039895], [-55.67535332573783, -32.21840888129337], [-55.67499999999998, -32.23749999999997], [-55.66840888129339, -32.23785332573782], [-55.6642128838433, -32.24201999240448], [-55.655908881293385, -32.241313340928784], [-55.651712883843295, -32.23714667426212], [-55.64757554796005, -32.23785332573782], [-55.64409111870658, -32.241313340928784], [-55.63504553900823, -32.24202236599389], [-55.6295199924045, -32.24757554796004], [-55.62881181504989, -32.26078711615665], [-55.622547743055534, -32.26701999240448], [-55.61424221462672, -32.26631334092879], [-55.610757785373245, -32.262853325737815], [-55.59999999999998, -32.26249999999997], [-55.59964582655163, -32.27328491210934], [-55.58992445203991, -32.282980007595455], [-55.583333333333314, -32.2833333333333], [-55.58390062120224, -32.28971048990882], [-55.5880672878689, -32.295086669921844], [-55.586445617675764, -32.299313524034254], [-55.57588738335502, -32.30070851643877], [-55.5741490681966, -32.30748240152992], [-55.56609937879772, -32.30954827202688], [-55.567233954535574, -32.32304382324215], [-55.57026604546439, -32.32695617675778], [-55.57140062120224, -32.33137715657549], [-55.574432712131056, -32.335289510091116], [-55.57499999999998, -32.3458333333333], [-55.57257554796005, -32.34618665907115], [-55.544091118706575, -32.374646674262124], [-55.54166666666665, -32.37499999999997], [-55.54228430853948, -32.377160135904916], [-55.54590793185762, -32.382120768229136], [-55.5395065307617, -32.38395097520613], [-55.53549346923826, -32.38688235812714], [-55.52579413519963, -32.38829413519962], [-55.52438235812715, -32.39799346923825], [-55.52145097520614, -32.40200653076169], [-55.520833333333314, -32.40416666666663], [-55.51862284342446, -32.40359937879771], [-55.51458333333331, -32.40046878390839], [-55.510543823242166, -32.40359937879771], [-55.49257236056856, -32.404804314507345], [-55.49109937879773, -32.41054382324216], [-55.486004299587655, -32.41665344238278], [-55.480134412977414, -32.41210411919485], [-55.47916666666665, -32.4083333333333], [-55.476956176757795, -32.40776604546438], [-55.473043823242165, -32.40473395453556], [-55.46751759847003, -32.40331573486325], [-55.46666666666665, -32.39999999999997], [-55.454166666666644, -32.39999999999997], [-55.45452473958331, -32.40245683458113], [-55.46007554796005, -32.407980007595455], [-55.469121127658404, -32.40868903266056], [-55.47464667426213, -32.414242214626704], [-55.47499999999998, -32.416666666666636], [-55.47433878580727, -32.424100409613686], [-55.467375183105446, -32.425887383355004], [-55.46595815022785, -32.436612616644936], [-55.46028951009113, -32.43806728786889], [-55.4563771565755, -32.44109937879771], [-55.450850931803366, -32.44251759847002], [-55.449432712131056, -32.44804382324216], [-55.44640062120224, -32.45195617675778], [-55.44526604546439, -32.464710489908825], [-55.44109937879772, -32.47008666992184], [-55.442233954535574, -32.47721048990882], [-55.449432712131056, -32.485289510091114], [-55.45056728786891, -32.49387715657549], [-55.45473395453557, -32.49925333658851], [-55.453599378797726, -32.502210489908826], [-55.442233954535574, -32.51445617675778], [-55.44109937879772, -32.51887715657549], [-55.438067287868904, -32.522789510091116], [-55.43693271213105, -32.53554382324216], [-55.43390062120224, -32.53945617675778], [-55.433333333333316, -32.54999999999997], [-55.43430107964408, -32.553770785861516], [-55.439456176757794, -32.557766045464376], [-55.44640062120224, -32.55954827202688], [-55.44526604546439, -32.58137715657549], [-55.43693271213105, -32.590729437933994], [-55.438067287868904, -32.59387715657549], [-55.442233954535574, -32.59925333658851], [-55.44109937879772, -32.60221048990883], [-55.43751322428383, -32.60683763292098], [-55.44362284342446, -32.61193271213104], [-55.44941711425779, -32.61341976589624], [-55.45776604546439, -32.62278951009112], [-55.4591842651367, -32.62831573486325], [-55.46249999999998, -32.629166666666634], [-55.462853325737825, -32.63159111870657], [-55.4663133409288, -32.63507554796004], [-55.46666666666665, -32.64999999999997], [-55.46604309082029, -32.661590745713944], [-55.458994547526025, -32.663399590386256], [-55.45767907036674, -32.67818857828773], [-55.4438771565755, -32.691099378797716], [-55.43814578586152, -32.692570156521235], [-55.4255672878689, -32.70612284342445], [-55.42429148356118, -32.715779283311605], [-55.42083333333331, -32.71666666666664], [-55.42083333333331, -32.7208333333333], [-55.4216842651367, -32.72414906819659], [-55.42850545247394, -32.725899590386256], [-55.42973395453557, -32.73971048990882], [-55.43693271213105, -32.74778951009112], [-55.438067287868904, -32.75637715657549], [-55.44109937879772, -32.76028951009112], [-55.44166666666665, -32.762499999999974], [-55.4342329237196, -32.76316121419268], [-55.43276604546439, -32.76887715657549], [-55.42973395453557, -32.772789510091116], [-55.42859937879772, -32.777210489908825], [-55.42140062120224, -32.78528951009112], [-55.420124816894514, -32.79494594997827], [-55.41666666666665, -32.795833333333306], [-55.41598103841144, -32.815886603461344], [-55.4020316229926, -32.81730940077037], [-55.39796837700736, -32.82019059922957], [-55.39246453179251, -32.82184753417966], [-55.391023932562916, -32.83130171034068], [-55.38814273410371, -32.835364956325925], [-55.386857265896246, -32.84380154079858], [-55.38397606743705, -32.847865125868026], [-55.38333333333331, -32.86249999999997], [-55.384184265136696, -32.86581590440535], [-55.389710489908836, -32.867233954535564], [-55.39778951009113, -32.874432712131046], [-55.40744594997828, -32.87570834689667], [-55.408900621202235, -32.881377156575496], [-55.41203816731769, -32.88542548285587], [-55.40380079481335, -32.89467027452254], [-55.40833333333332, -32.89583333333331], [-55.40868665907116, -32.89825778537324], [-55.41214667426213, -32.90174221462671], [-55.41285332573783, -32.90659111870657], [-55.420480007595465, -32.91424221462671], [-55.42083333333331, -32.916666666666636], [-55.42140062120224, -32.92721048990883], [-55.42498677571613, -32.93183763292098], [-55.418877156575505, -32.936932712131046], [-55.41316121419269, -32.938399590386254], [-55.41249999999998, -32.945833333333304], [-55.413067287868905, -32.94804382324216], [-55.416099378797725, -32.95195617675778], [-55.41723395453557, -32.95637715657549], [-55.42037150065102, -32.960425482855875], [-55.411932712131055, -32.969896104600664], [-55.41317189534503, -32.98243645562063], [-55.420124816894514, -32.98422071668834], [-55.42140062120224, -32.99387715657549], [-55.42859937879772, -33.00195617675779], [-55.42973395453557, -33.006377156575496], [-55.43276604546439, -33.01028951009112], [-55.43390062120224, -33.02304382324216], [-55.44109937879772, -33.031122843424455], [-55.442233954535574, -33.03554382324216], [-55.44526604546439, -33.03945617675779], [-55.44640062120224, -33.04804382324216], [-55.45056728786891, -33.053420003255184], [-55.449432712131056, -33.05637715657549], [-55.44640062120224, -33.06028951009112], [-55.44583333333331, -33.070833333333304], [-55.448257785373244, -33.07118665907115], [-55.45174221462672, -33.07464667426213], [-55.458333333333314, -33.074999999999974], [-55.46054382324217, -33.07443271213105], [-55.46445617675779, -33.07140062120223], [-55.469982401529926, -33.069982571072025], [-55.4717329237196, -33.06316121419268], [-55.48660040961369, -33.06183878580727], [-55.4880672878689, -33.056122843424454], [-55.49206254747177, -33.05096774631074], [-55.495833333333316, -33.049999999999976], [-55.49825778537325, -33.050353325737824], [-55.51007554796005, -33.062146674262124], [-55.524999999999984, -33.06249999999997], [-55.5255672878689, -33.064710489908826], [-55.52859937879772, -33.06862284342445], [-55.53013441297741, -33.074603949652754], [-55.535289510091125, -33.07859937879772], [-55.5491004096137, -33.07982788085935], [-55.55056728786891, -33.08554382324216], [-55.55369788275823, -33.08958333333331], [-55.5504687839084, -33.09374999999997], [-55.55359937879773, -33.09778951009112], [-55.55473395453557, -33.10221048990883], [-55.55776604546439, -33.10612284342445], [-55.55899454752603, -33.119933742947026], [-55.56471048990883, -33.121400621202234], [-55.57008666992186, -33.1255672878689], [-55.582436964246945, -33.12432623969181], [-55.583333333333314, -33.12083333333331], [-55.58421308729382, -33.117405531141465], [-55.59241333007811, -33.11609937879772], [-55.597789510091125, -33.12026604546438], [-55.602210489908835, -33.121400621202234], [-55.60612284342446, -33.12443271213105], [-55.60833333333331, -33.12499999999997], [-55.60869140624998, -33.12745700412324], [-55.61458299424911, -33.13331909179685], [-55.61912044949, -33.128813340928794], [-55.62325778537325, -33.12951999240449], [-55.63090888129339, -33.13714667426213], [-55.63333333333332, -33.137499999999974], [-55.63749999999998, -33.137499999999974], [-55.63785332573783, -33.13507554796004], [-55.641313340928804, -33.131591118706574], [-55.64166666666665, -33.12916666666664], [-55.64804382324217, -33.128599378797716], [-55.65195617675779, -33.1255672878689], [-55.6563771565755, -33.12443271213105], [-55.660289510091125, -33.121400621202234], [-55.67991333007811, -33.12026604546438], [-55.685425482855884, -33.12453816731768], [-55.693622843424464, -33.117233954535564], [-55.69804382324217, -33.11609937879772], [-55.7019561767578, -33.1130672878689], [-55.706377156575506, -33.11193271213105], [-55.71028951009113, -33.10890062120223], [-55.71324666341144, -33.10776604546438], [-55.71862284342446, -33.11193271213105], [-55.729913330078105, -33.1130672878689], [-55.73541666666665, -33.108801947699625], [-55.7394561767578, -33.11193271213105], [-55.74387715657551, -33.1130672878689], [-55.74778951009113, -33.11609937879772], [-55.750937228732624, -33.117233954535564], [-55.76028951009113, -33.10890062120223], [-55.76581573486327, -33.107482571072026], [-55.76666666666665, -33.10416666666664], [-55.768877156575506, -33.10359937879772], [-55.77278951009113, -33.1005672878689], [-55.78628506130641, -33.09943271213105], [-55.78835093180337, -33.107482571072026], [-55.793877156575505, -33.10890062120223], [-55.8019561767578, -33.11609937879772], [-55.8188771565755, -33.117233954535564], [-55.82824690077038, -33.12558288574216], [-55.82916666666665, -33.12916666666664], [-55.83248240152993, -33.128315904405355], [-55.833333333333314, -33.12499999999997], [-55.83575778537325, -33.124646674262124], [-55.843408881293385, -33.11701999240449], [-55.84999999999999, -33.11666666666664], [-55.84999999999999, -33.112499999999976], [-55.84964667426214, -33.105908881293374], [-55.846186659071165, -33.102424452039905], [-55.84548000759547, -33.09828694661456], [-55.84964667426214, -33.09409111870657], [-55.85035332573783, -33.07257554796004], [-55.85798000759547, -33.064924452039904], [-55.85833333333332, -33.06249999999997], [-55.86249999999998, -33.06249999999997], [-55.86471048990884, -33.06193271213105], [-55.86862284342446, -33.05890062120223], [-55.87157999674478, -33.05776604546438], [-55.876956176757794, -33.06193271213105], [-55.884079996744774, -33.0630672878689], [-55.8894561767578, -33.05890062120223], [-55.893877156575506, -33.05776604546438], [-55.89903225368922, -33.05377061631942], [-55.90089959038627, -33.04649454752602], [-55.91576707628037, -33.0451721191406], [-55.917233954535575, -33.03945617675779], [-55.921806844075505, -33.033972846137125], [-55.93824666341144, -33.032766045464385], [-55.943622843424464, -33.03693271213105], [-55.94999999999997, -33.03749999999997], [-55.9524244520399, -33.03785332573782], [-55.95624999999997, -33.04165208604598], [-55.96007554796004, -33.03785332573782], [-55.973257785373235, -33.037146674262125], [-55.9770840115017, -33.03334723578556], [-55.98507554796004, -33.041313340928795], [-56.00587972005205, -33.04201999240449], [-56.010416666666636, -33.03751458062063], [-56.014242214626705, -33.041313340928795], [-56.01666666666664, -33.04166666666664], [-56.01666666666664, -33.045833333333306], [-56.01751742892792, -33.04914923773869], [-56.0208333333333, -33.049999999999976], [-56.0333333333333, -33.049999999999976], [-56.041666666666636, -33.049999999999976], [-56.042547607421845, -33.04656745062931], [-56.05093722873261, -33.04526604546438], [-56.06028951009112, -33.05359937879771], [-56.078260972764724, -33.054804484049455], [-56.080017428927924, -33.06164923773869], [-56.08664923773868, -33.06335076226126], [-56.088405693901876, -33.070195515950495], [-56.10637715657549, -33.07140062120223], [-56.110289510091114, -33.07443271213105], [-56.11471048990882, -33.0755672878689], [-56.122907850477404, -33.08287150065102], [-56.1270833333333, -33.079635281032964], [-56.13112284342445, -33.08276604546438], [-56.14166666666664, -33.08333333333331], [-56.14498257107202, -33.084184095594594], [-56.1458333333333, -33.08749999999998], [-56.14914923773868, -33.08664923773869], [-56.14999999999997, -33.08333333333331], [-56.16054382324216, -33.08390062120223], [-56.172789510091114, -33.095266045464385], [-56.18137715657549, -33.09640062120223], [-56.18945617675778, -33.10359937879772], [-56.19677056206594, -33.10473395453556], [-56.20612284342445, -33.09640062120223], [-56.22825758192271, -33.095209757486955], [-56.23008015950518, -33.088107638888864], [-56.2458333333333, -33.08749999999998], [-56.24618665907115, -33.09409111870657], [-56.253813340928794, -33.10174221462671], [-56.2545244004991, -33.10662163628469], [-56.264242214626705, -33.11631334092879], [-56.26666666666664, -33.11666666666664], [-56.2833333333333, -33.11666666666664], [-56.285757785373235, -33.11631334092879], [-56.293408881293374, -33.108686659071154], [-56.31004909939233, -33.10798000759546], [-56.31840888129337, -33.11631334092879], [-56.32325778537324, -33.11701999240449], [-56.326742214626705, -33.12048000759546], [-56.348257785373235, -33.12118665907116], [-56.35174221462671, -33.124646674262124], [-56.358333333333306, -33.12499999999997], [-56.36164923773869, -33.12414923773869], [-56.363350762261256, -33.117517428927925], [-56.36998257107202, -33.11581590440536], [-56.37140062120223, -33.11028951009112], [-56.37599046495223, -33.10478583441838], [-56.387499999999974, -33.10416666666664], [-56.40659111870657, -33.103813340928795], [-56.41007554796004, -33.10035332573782], [-56.42325778537324, -33.099646674262125], [-56.42674221462671, -33.09618665907115], [-56.43333333333331, -33.09583333333331], [-56.439924452039904, -33.09618665907115], [-56.44340888129337, -33.099646674262125], [-56.45833333333331, -33.09999999999997], [-56.45833333333331, -33.09583333333331], [-56.458686659071155, -33.08924221462671], [-56.46214667426212, -33.08575778537324], [-56.46285332573782, -33.080908881293375], [-56.46631334092879, -33.07742445203991], [-56.46701999240449, -33.07257554796004], [-56.47048000759546, -33.069091118706574], [-56.4708333333333, -33.06666666666664], [-56.4708333333333, -33.05833333333331], [-56.477424452039905, -33.05798000759546], [-56.480908881293374, -33.05451999240449], [-56.48575778537324, -33.05381334092879], [-56.50174221462671, -33.03785332573782], [-56.50416666666664, -33.03749999999997], [-56.54409111870657, -33.037146674262125], [-56.54791666666664, -33.03334791395397], [-56.55174221462671, -33.037146674262125], [-56.555879720052054, -33.03785332573782], [-56.56041666666664, -33.03334791395397], [-56.56424221462671, -33.037146674262125], [-56.57325778537324, -33.03785332573782], [-56.57674221462671, -33.041313340928795], [-56.593379720052056, -33.04201999240449], [-56.59791734483505, -33.03751390245223], [-56.606249999999974, -33.04582010904945], [-56.614242214626714, -33.03785332573782], [-56.61909111870657, -33.037146674262125], [-56.62257554796005, -33.03368665907115], [-56.62499999999997, -33.0333333333333], [-56.63992445203991, -33.03368665907115], [-56.643408881293375, -33.037146674262125], [-56.64583333333331, -33.03749999999997], [-56.64526604546438, -33.03971048990883], [-56.64212544759112, -33.043762546115424], [-56.657766045464385, -33.06028951009112], [-56.65918409559459, -33.065815904405355], [-56.66471048990883, -33.06723395453557], [-56.66862284342445, -33.070266045464386], [-56.68137715657549, -33.07140062120223], [-56.685289510091124, -33.07443271213105], [-56.68749999999997, -33.074999999999974], [-56.68785332573782, -33.08159111870657], [-56.691313340928794, -33.085075547960045], [-56.69166666666664, -33.08749999999998], [-56.69583333333331, -33.08749999999998], [-56.70742424858938, -33.088123575846325], [-56.70833333333331, -33.09166666666664], [-56.71249999999998, -33.09166666666664], [-56.71337958441838, -33.0882388644748], [-56.721579996744765, -33.08693271213105], [-56.72708333333331, -33.09119805230032], [-56.73112284342445, -33.088067287868896], [-56.74804382324216, -33.08693271213105], [-56.75195617675779, -33.08390062120223], [-56.756377156575496, -33.08276604546438], [-56.76028951009112, -33.07973395453556], [-56.76471048990883, -33.07859937879772], [-56.768749999999976, -33.075468614366294], [-56.77278951009112, -33.07859937879772], [-56.7799133300781, -33.07973395453556], [-56.78528951009112, -33.0755672878689], [-56.7938771565755, -33.07443271213105], [-56.79778951009112, -33.07140062120223], [-56.80833333333331, -33.070833333333304], [-56.81075778537324, -33.07118665907115], [-56.81424221462671, -33.07464667426213], [-56.81666666666664, -33.074999999999974], [-56.81755405002168, -33.078458319769936], [-56.82721048990883, -33.07973395453556], [-56.83258666992185, -33.08390062120223], [-56.843877156575495, -33.08276604546438], [-56.84791666666664, -33.079635281032964], [-56.85195617675779, -33.08276604546438], [-56.8563771565755, -33.08390062120223], [-56.86028951009112, -33.08693271213105], [-56.86471048990883, -33.088067287868896], [-56.868622843424454, -33.091099378797715], [-56.87721048990883, -33.092233954535565], [-56.88124999999997, -33.09536471896699], [-56.88541666666664, -33.09213528103296], [-56.88945617675779, -33.095266045464385], [-56.8938771565755, -33.09640062120223], [-56.899253336588515, -33.1005672878689], [-56.90221048990883, -33.09943271213105], [-56.906122843424455, -33.09640062120223], [-56.91249999999998, -33.09583333333331], [-56.9188771565755, -33.095266045464385], [-56.92278951009112, -33.092233954535565], [-56.93660040961369, -33.09100545247393], [-56.93749999999998, -33.08749999999998], [-56.939924452039904, -33.08785332573782], [-56.94340888129338, -33.09131334092879], [-56.95242445203991, -33.09201999240449], [-56.95590888129338, -33.09548000759546], [-56.96492445203991, -33.09618665907115], [-56.96840888129338, -33.099646674262125], [-56.97499999999998, -33.09999999999997], [-56.975617472330704, -33.097839694552924], [-56.98271586100258, -33.089660305447026], [-56.98419426812064, -33.084489271375844], [-56.9879692925347, -33.082715861002576], [-56.9937564425998, -33.086943223741294], [-57.00200636121959, -33.07978413899737], [-57.01049363878036, -33.07854919433591], [-57.014506361219595, -33.075617472330705], [-57.02836405436196, -33.07426486545136], [-57.02978413899737, -33.06450636121959], [-57.03779669867619, -33.055273098415775], [-57.04382697211369, -33.053549194335915], [-57.0520063612196, -33.04645080566404], [-57.06466030544703, -33.045215861002575], [-57.077006361219595, -33.033950805664034], [-57.079166666666644, -33.0333333333333], [-57.0813771565755, -33.03390062120223], [-57.08528951009112, -33.03693271213105], [-57.09100545247394, -33.038399590386256], [-57.09166666666665, -33.045833333333306], [-57.092233954535565, -33.04804382324216], [-57.099432712131055, -33.056122843424454], [-57.1005672878689, -33.07304382324216], [-57.103599378797725, -33.07695617675779], [-57.10473395453557, -33.08137715657549], [-57.11193271213106, -33.089456176757785], [-57.1130672878689, -33.093877156575495], [-57.12443271213105, -33.10612284342445], [-57.12566121419269, -33.119933742947026], [-57.12916666666664, -33.12083333333331], [-57.13333333333331, -33.12083333333331], [-57.134246826171854, -33.11727430555553], [-57.14999999999998, -33.11666666666664], [-57.1505672878689, -33.10612284342445], [-57.15359937879772, -33.10221048990883], [-57.15501742892793, -33.09668409559459], [-57.160543823242165, -33.095266045464385], [-57.16458333333331, -33.09213528103296], [-57.16862284342446, -33.095266045464385], [-57.198043823242166, -33.09640062120223], [-57.20195617675779, -33.09943271213105], [-57.20491333007811, -33.1005672878689], [-57.21028951009112, -33.09640062120223], [-57.21471048990883, -33.095266045464385], [-57.222789510091125, -33.088067287868896], [-57.2313771565755, -33.08693271213105], [-57.23528951009112, -33.08390062120223], [-57.24494594997828, -33.082624986436606], [-57.246400621202234, -33.07695617675779], [-57.24943271213105, -33.07304382324216], [-57.25063764784069, -33.05507236056855], [-57.2563771565755, -33.05359937879771], [-57.26445617675779, -33.04640062120223], [-57.27499999999998, -33.045833333333306], [-57.27447052001951, -33.03525187174476], [-57.27030385335284, -33.03010728624129], [-57.27136281331378, -33.02691853841143], [-57.27552947998045, -33.02177395290796], [-57.27408803304034, -33.01743333604598], [-57.268585035536006, -33.01613701714407], [-57.26474829779729, -33.013029649522544], [-57.26249999999998, -33.012499999999974], [-57.26285332573783, -33.00174221462671], [-57.27048000759547, -32.99409111870657], [-57.270833333333314, -32.983333333333306], [-57.25174221462672, -32.98298000759546], [-57.24825778537324, -32.979519992404484], [-57.243408881293384, -32.978813340928795], [-57.237858072916644, -32.97329033745657], [-57.237499999999976, -32.9708333333333], [-57.22283986409503, -32.97021586100258], [-57.21882680257159, -32.96728413899737], [-57.20617319742836, -32.96604919433591], [-57.19693976508245, -32.95803663465709], [-57.19521569146048, -32.95200636121959], [-57.186964925130184, -32.942498440212646], [-57.17579413519963, -32.94087253146699], [-57.17438235812715, -32.93117302788626], [-57.169472249348935, -32.92503390842011], [-57.16458333333331, -32.92860514322914], [-57.16049346923826, -32.9256174723307], [-57.15617302788626, -32.924382527669245], [-57.15115865071613, -32.92071940104164], [-57.14907362196178, -32.91342637803817], [-57.14259304470484, -32.91157362196178], [-57.140694851345465, -32.904935031466984], [-57.13117302788626, -32.90354919433591], [-57.12716030544703, -32.9006174723307], [-57.12283969455293, -32.899382527669246], [-57.114660305447025, -32.89228413899737], [-57.10786404079859, -32.891049194335906], [-57.10121256510414, -32.895907931857614], [-57.09999999999998, -32.89166666666664], [-57.099345228407095, -32.88430616590709], [-57.08971048990883, -32.8755672878689], [-57.08397894965275, -32.87409634060327], [-57.07140062120224, -32.86054382324216], [-57.070266045464386, -32.85612284342445], [-57.063067287868904, -32.84804382324216], [-57.06164923773869, -32.842517598470025], [-57.056122843424454, -32.841099378797715], [-57.05221048990883, -32.838067287868896], [-57.04778951009112, -32.836932712131045], [-57.0438771565755, -32.833900621202226], [-57.03820834689668, -32.83244594997827], [-57.036932712131055, -32.82278951009112], [-57.033900621202235, -32.818877156575496], [-57.032629055447025, -32.80925276014537], [-57.02721048990883, -32.804733954535564], [-57.02499999999998, -32.80416666666664], [-57.025353325737825, -32.797575547960044], [-57.0288133409288, -32.79409111870657], [-57.02916666666665, -32.791666666666636], [-57.02831590440536, -32.78835093180336], [-57.02499999999998, -32.78749999999997], [-57.02278951009112, -32.78693271213105], [-57.01341959635414, -32.77858378092445], [-57.011649237738695, -32.77168426513669], [-57.00612284342446, -32.77026604546438], [-57.000704277886264, -32.76574723985457], [-56.99929165310328, -32.75505405002167], [-56.993622843424454, -32.753599378797716], [-56.98971048990883, -32.7505672878689], [-56.98005405002168, -32.749291483561166], [-56.97859937879772, -32.74362284342445], [-56.9755672878689, -32.73971048990882], [-56.97499999999998, -32.73749999999997], [-56.97257554796005, -32.73714667426212], [-56.96909111870657, -32.733686659071154], [-56.96249999999998, -32.733333333333306], [-56.954166666666644, -32.733333333333306]]]}}, {"type": "Feature", "properties": {"nome": "Sub-bacia 641609", "hybas_id": 6060878290, "area_km2": 14388.0, "pfaf": 641609, "cor": "#499894"}, "geometry": {"type": "Polygon", "coordinates": [[[-54.16249999999997, -31.88749999999998], [-54.160045030381916, -31.887857733832444], [-54.15035332573782, -31.89757554796005], [-54.14964667426212, -31.90659111870658], [-54.14618665907115, -31.910075547960048], [-54.1458333333333, -31.91249999999998], [-54.14930792914494, -31.913493516710048], [-54.1506174723307, -31.931326972113695], [-54.153605143229136, -31.935416666666647], [-54.1506174723307, -31.9395063612196], [-54.14938252766924, -31.943826972113698], [-54.137139553493896, -31.957245212131056], [-54.131173027886256, -31.958950805664042], [-54.12166510687931, -31.96720174153644], [-54.12021586100258, -31.97716030544703], [-54.11728413899736, -31.981173027886264], [-54.115872531466984, -31.990872531466994], [-54.10617302788626, -31.992284138997377], [-54.102160305447015, -31.995215861002585], [-54.093673027886254, -31.996450805664043], [-54.08966030544702, -31.99938252766925], [-54.0833333333333, -31.999999999999982], [-54.08390062120224, -32.00221048990882], [-54.08693271213106, -32.00612284342444], [-54.08806728786891, -32.01054382324215], [-54.0952660454644, -32.018622843424446], [-54.09640062120224, -32.023043823242155], [-54.10359937879773, -32.03112284342444], [-54.104733954535575, -32.04387715657548], [-54.107864549424896, -32.04791666666663], [-54.104733954535575, -32.05195617675778], [-54.10359937879773, -32.07304382324215], [-54.10056728786891, -32.076956176757776], [-54.09943271213106, -32.081377156575485], [-54.09630211724174, -32.08541666666663], [-54.09953121609156, -32.0895833333333], [-54.09640062120224, -32.09362284342445], [-54.095172119140614, -32.107433742947016], [-54.091666666666654, -32.1083333333333], [-54.09131334092881, -32.114924452039894], [-54.08785332573783, -32.11840888129337], [-54.08749999999997, -32.120833333333316], [-54.087499999999984, -32.124999999999964], [-54.09166666666664, -32.124999999999964], [-54.0958333333333, -32.124999999999986], [-54.10659111870657, -32.12535332573781], [-54.11007554796004, -32.12881334092879], [-54.118383110894065, -32.12951999240448], [-54.13090888129337, -32.11701999240448], [-54.13749999999997, -32.11666666666663], [-54.14166666666664, -32.11666666666663], [-54.14409111870657, -32.116313340928784], [-54.14791666666664, -32.112514580620626], [-54.15174221462671, -32.116313340928784], [-54.15416666666664, -32.116666666666646], [-54.15451999240448, -32.119091118706564], [-54.157980007595455, -32.12257554796003], [-54.1583333333333, -32.13749999999997], [-54.160757785373235, -32.137853325737815], [-54.166313001844586, -32.143380567762556], [-54.166666666666636, -32.162499999999966], [-54.16740451388886, -32.170057847764724], [-54.17782626681855, -32.17135416666663], [-54.17916666666664, -32.16666666666665], [-54.189710489908826, -32.167233954535554], [-54.19486558702254, -32.17122921413842], [-54.19640062120223, -32.17721048990882], [-54.198785061306396, -32.17973395453556], [-54.199999999999974, -32.17499999999997], [-54.2024244520399, -32.17464667426212], [-54.21007554796004, -32.16701999240448], [-54.21666666666664, -32.166666666666636], [-54.2252502441406, -32.16754218207462], [-54.22143961588539, -32.17291666666663], [-54.22521938747827, -32.17824774848087], [-54.23648579915362, -32.1799645317925], [-54.23749999999997, -32.1833333333333], [-54.23966030544702, -32.18271569146047], [-54.24367302788625, -32.17978430853946], [-54.25073682996959, -32.1785490247938], [-54.260339694552925, -32.186882358127136], [-54.27003919813365, -32.18829413519962], [-54.27178175184459, -32.200267367892764], [-54.27700636121959, -32.19645097520613], [-54.29029880099824, -32.19521569146047], [-54.29228413899737, -32.20216013590491], [-54.300296698676185, -32.211393568250834], [-54.30632697211369, -32.2131176418728], [-54.311764526367156, -32.21746656629771], [-54.31321716308591, -32.23234710693356], [-54.31882697211368, -32.23395097520613], [-54.322839694552925, -32.23688235812714], [-54.32916666666664, -32.23749999999997], [-54.329938083224796, -32.24506191677514], [-54.33749999999997, -32.2458333333333], [-54.34999999999997, -32.2458333333333], [-54.35221048990883, -32.24640062120223], [-54.35612284342445, -32.249432712131046], [-54.36164923773869, -32.250850931803356], [-54.363350762261256, -32.25748240152991], [-54.36998257107202, -32.25918426513669], [-54.37140062120223, -32.26471048990882], [-54.378599378797716, -32.272789510091116], [-54.37987501356334, -32.28244594997827], [-54.38664923773869, -32.28418426513669], [-54.388350762261254, -32.29081573486325], [-54.39166666666664, -32.291666666666636], [-54.39409111870657, -32.292019992404484], [-54.39964192708331, -32.2975431654188], [-54.39999999999997, -32.29999999999997], [-54.40085076226126, -32.30331573486325], [-54.4076249864366, -32.30505405002167], [-54.40890062120223, -32.31471048990882], [-54.41193271213105, -32.31862284342445], [-54.41315477159286, -32.332360331217416], [-54.42278951009112, -32.34109937879771], [-54.42831590440535, -32.34251759847002], [-54.429733954535564, -32.34804382324216], [-54.43276604546438, -32.35195617675778], [-54.43418409559459, -32.357482401529914], [-54.43749999999997, -32.3583333333333], [-54.43785332573782, -32.36075778537323], [-54.44201999240449, -32.36495378282332], [-54.441313340928794, -32.38159111870657], [-54.43785332573782, -32.385075547960035], [-54.43749999999997, -32.38749999999997], [-54.449999999999974, -32.38749999999997], [-54.461590915256046, -32.38812357584632], [-54.463067287868896, -32.39387715657549], [-54.470266045464385, -32.40195617675778], [-54.47172071668834, -32.4076248168945], [-54.48137715657549, -32.40890062120223], [-54.48653225368921, -32.41289588080509], [-54.487499999999976, -32.416666666666636], [-54.486882527669245, -32.41882680257158], [-54.48395080566404, -32.42283986409502], [-54.482715861002575, -32.43132680257158], [-54.47021586100258, -32.4450269911024], [-54.47152642144094, -32.46585778130422], [-54.48395080566404, -32.46766628689233], [-54.482715861002575, -32.47299346923825], [-54.47555677625866, -32.48124338785804], [-54.47978413899737, -32.48703087700735], [-54.47854919433591, -32.49382680257158], [-54.47438252766924, -32.499530877007345], [-54.475700547960045, -32.51567569308808], [-54.47916666666664, -32.51666666666664], [-54.47819892035588, -32.52043745252818], [-54.47304382324216, -32.524432712131045], [-54.46730448404945, -32.525905693901876], [-54.46602884928383, -32.54492763943139], [-54.45897115071612, -32.54673902723521], [-54.457700602213514, -32.565687561035126], [-54.45221048990883, -32.57026604546438], [-54.449999999999974, -32.570833333333304], [-54.45035332573782, -32.58575778537323], [-54.45798000759546, -32.59340888129337], [-54.45833333333331, -32.5958333333333], [-54.45798000759546, -32.6024244520399], [-54.454519992404485, -32.605908881293374], [-54.45416666666664, -32.61249999999997], [-54.450850762261254, -32.61335093180335], [-54.44943271213105, -32.61887715657549], [-54.44640062120223, -32.62278951009112], [-54.44526604546438, -32.627210489908826], [-54.44223395453556, -32.63112284342445], [-54.440815904405355, -32.63664906819658], [-54.43372938368053, -32.63846774631073], [-54.429733954535564, -32.64362284342445], [-54.42859937879771, -32.648043823242155], [-54.42026604546438, -32.657396104600664], [-54.42140062120223, -32.67721048990882], [-54.42443271213105, -32.68112284342445], [-54.425567287868894, -32.689710489908826], [-54.43276604546438, -32.69778951009112], [-54.43418409559459, -32.70331573486325], [-54.44193115234372, -32.705303785535996], [-54.4380672878689, -32.710289510091116], [-54.436932712131046, -32.714710489908825], [-54.43276604546438, -32.72008666992185], [-54.43434007432723, -32.72418908013235], [-54.44223395453556, -32.726214938693545], [-54.441099378797716, -32.73554382324216], [-54.4380672878689, -32.739456176757784], [-54.43749999999997, -32.74166666666664], [-54.43714497884112, -32.748287116156654], [-54.43159111870657, -32.753813340928794], [-54.42916666666664, -32.754166666666634], [-54.42951999240449, -32.76075778537324], [-54.43298000759546, -32.764242214626705], [-54.43333333333331, -32.77083333333331], [-54.436649237738685, -32.77168426513669], [-54.4380672878689, -32.777210489908825], [-54.44262661404077, -32.78267737494572], [-54.449999999999974, -32.7833333333333], [-54.46075778537324, -32.78368665907115], [-54.46840888129338, -32.79131334092879], [-54.47671305338539, -32.792019992404484], [-54.480908881293374, -32.78785332573782], [-54.4899244520399, -32.787146674262125], [-54.49340888129338, -32.78368665907115], [-54.508333333333304, -32.7833333333333], [-54.50869140624997, -32.78579016791447], [-54.51424221462671, -32.79131334092879], [-54.51666666666664, -32.791666666666636], [-54.51666666666664, -32.795833333333306], [-54.51755405002167, -32.79929148356117], [-54.528279283311605, -32.800708516438775], [-54.52916666666664, -32.80416666666664], [-54.54166666666664, -32.80416666666664], [-54.54223395453556, -32.801956176757784], [-54.5468068440755, -32.79647267659502], [-54.563246663411434, -32.79526604546438], [-54.56862284342445, -32.79943271213105], [-54.5782792833116, -32.800708516438775], [-54.57973395453556, -32.80637715657549], [-54.58276604546438, -32.81028951009112], [-54.58390062120223, -32.814710489908826], [-54.59266052246091, -32.82436811659068], [-54.61054382324216, -32.82556728786889], [-54.62409634060327, -32.838145785861514], [-54.62499999999997, -32.84166666666664], [-54.627424452039904, -32.84131334092879], [-54.64130893283418, -32.827454460991724], [-54.64166666666664, -32.824999999999974], [-54.64255405002167, -32.82154184977211], [-54.652210489908825, -32.82026604546438], [-54.656122843424455, -32.81723395453556], [-54.660543823242165, -32.816099378797716], [-54.66569892035588, -32.81210411919485], [-54.66751742892792, -32.80501759847002], [-54.67414923773869, -32.803315734863254], [-54.674999999999976, -32.79999999999997], [-54.67742445203991, -32.79964667426212], [-54.68090888129338, -32.796186659071154], [-54.685046386718724, -32.79548000759546], [-54.68924221462671, -32.79964667426212], [-54.69825778537324, -32.80035332573782], [-54.70174221462671, -32.80381334092879], [-54.704166666666644, -32.80416666666664], [-54.71249999999998, -32.80416666666664], [-54.71342637803817, -32.80740695529511], [-54.72071940104164, -32.80949215359155], [-54.72438252766925, -32.81450653076169], [-54.72592637803817, -32.81990695529511], [-54.733219401041644, -32.82199215359155], [-54.736882527669245, -32.82700653076169], [-54.7383110894097, -32.8368236965603], [-54.76466030544702, -32.8381176418728], [-54.77283969455293, -32.84521586100258], [-54.77916666666664, -32.8458333333333], [-54.78248257107202, -32.84668409559459], [-54.78333333333331, -32.84999999999997], [-54.78749999999997, -32.84999999999997], [-54.789924452039905, -32.849646674262125], [-54.79340888129338, -32.84618665907115], [-54.795833333333306, -32.8458333333333], [-54.799999999999976, -32.8458333333333], [-54.80221048990883, -32.84640062120223], [-54.806122843424454, -32.84943271213105], [-54.81993374294702, -32.850661214192684], [-54.82083333333331, -32.854166666666636], [-54.82325778537324, -32.853813340928795], [-54.82674221462671, -32.85035332573782], [-54.83921305338539, -32.849646674262125], [-54.84340888129338, -32.853813340928795], [-54.84825778537324, -32.854519992404484], [-54.85590888129338, -32.86214667426213], [-54.858333333333306, -32.86249999999997], [-54.85918409559459, -32.86581590440535], [-54.862499999999976, -32.86666666666664], [-54.862853325737824, -32.86909111870657], [-54.8663133409288, -32.87257554796004], [-54.86702473958331, -32.87745700412324], [-54.87257554796005, -32.88298000759546], [-54.877457004123244, -32.88369140624997], [-54.882980007595464, -32.889242214626705], [-54.88369106716578, -32.894121636284694], [-54.89340888129338, -32.90381334092879], [-54.89829033745657, -32.90452473958331], [-54.90381334092879, -32.91007554796004], [-54.90416666666664, -32.920833333333306], [-54.914924452039905, -32.92048000759546], [-54.91840888129338, -32.917019992404484], [-54.93087972005206, -32.916313340928795], [-54.93507554796005, -32.92048000759546], [-54.95587972005206, -32.921186659071154], [-54.960075547960045, -32.917019992404484], [-54.96421305338539, -32.916313340928795], [-54.96840888129338, -32.92048000759546], [-54.97325778537324, -32.921186659071154], [-54.97674221462671, -32.92464667426213], [-54.98992445203991, -32.92535332573782], [-54.99340888129338, -32.92881334092879], [-54.99999999999998, -32.92916666666664], [-55.000850762261265, -32.93248257107202], [-55.007482571072025, -32.93418409559459], [-55.0091840955946, -32.940815904405355], [-55.01471048990883, -32.94223395453556], [-55.01862284342445, -32.94526604546438], [-55.0255672878689, -32.94704827202688], [-55.02443271213105, -32.95221048990883], [-55.021295166015605, -32.956258816189205], [-55.02859937879772, -32.964456176757785], [-55.02916666666665, -32.96666666666664], [-55.03333333333331, -32.96666666666664], [-55.03333333333331, -32.9708333333333], [-55.0325985378689, -32.978362019856746], [-55.01882697211369, -32.99104919433591], [-55.008969455295116, -32.992483859591985], [-55.00833333333331, -33.0333333333333], [-55.0091840955946, -33.036649237738686], [-55.012499999999974, -33.03749999999997], [-55.01492445203991, -33.03785332573782], [-55.01840888129338, -33.041313340928795], [-55.03159111870657, -33.04201999240449], [-55.03714599609373, -33.04754706488713], [-55.03749999999998, -33.06249999999997], [-55.04804382324217, -33.0630672878689], [-55.056122843424454, -33.070266045464386], [-55.068877156575496, -33.07140062120223], [-55.07278951009113, -33.07443271213105], [-55.07721048990883, -33.0755672878689], [-55.08112284342446, -33.07859937879772], [-55.08824666341144, -33.07973395453556], [-55.093622843424455, -33.0755672878689], [-55.09657999674477, -33.07443271213105], [-55.10195617675779, -33.07859937879772], [-55.11161261664494, -33.07987501356334], [-55.1130672878689, -33.08554382324216], [-55.1214162190755, -33.09491373697914], [-55.12721048990883, -33.09640062120223], [-55.13236558702255, -33.10039605034719], [-55.13333333333331, -33.10416666666664], [-55.135757785373244, -33.103813340928795], [-55.13924221462671, -33.10035332573782], [-55.14825778537324, -33.099646674262125], [-55.151742214626715, -33.09618665907115], [-55.15659111870657, -33.09548000759546], [-55.16424221462671, -33.08785332573782], [-55.16837955050996, -33.08714667426213], [-55.17257554796005, -33.09131334092879], [-55.18749999999998, -33.09166666666664], [-55.18785807291665, -33.094123670789905], [-55.19340888129338, -33.099646674262125], [-55.198257785373244, -33.10035332573782], [-55.202453782823326, -33.10451999240449], [-55.20659111870658, -33.103813340928795], [-55.210075547960045, -33.10035332573782], [-55.21909111870658, -33.099646674262125], [-55.22257554796005, -33.09618665907115], [-55.23333333333331, -33.09583333333331], [-55.2341842651367, -33.099149237738686], [-55.237499999999976, -33.09999999999997], [-55.23835093180337, -33.103315904405356], [-55.2438771565755, -33.10473395453556], [-55.251956176757794, -33.11193271213105], [-55.264710489908836, -33.1130672878689], [-55.26862284342446, -33.11609937879772], [-55.270833333333314, -33.11666666666664], [-55.2716842651367, -33.113350762261256], [-55.27721048990883, -33.11193271213105], [-55.29362284342446, -33.09640062120223], [-55.3063771565755, -33.095266045464385], [-55.31041666666665, -33.09213528103296], [-55.314456176757794, -33.095266045464385], [-55.3188771565755, -33.09640062120223], [-55.32278951009113, -33.09943271213105], [-55.336600409613695, -33.100661214192684], [-55.3380672878689, -33.1063771565755], [-55.34109937879772, -33.11028951009112], [-55.34166666666665, -33.112499999999976], [-55.34999999999998, -33.112499999999976], [-55.35066121419269, -33.105066257052925], [-55.3563771565755, -33.10359937879772], [-55.36028951009113, -33.1005672878689], [-55.37157999674477, -33.09943271213105], [-55.376956176757794, -33.10359937879772], [-55.386612616644946, -33.104875013563344], [-55.3883109198676, -33.11149325900605], [-55.39241333007811, -33.1130672878689], [-55.39778951009113, -33.10890062120223], [-55.40221048990883, -33.10776604546438], [-55.40612284342446, -33.10473395453556], [-55.40833333333332, -33.10416666666664], [-55.40905320909286, -33.09244316948782], [-55.42296837700736, -33.09102376302081], [-55.4270316229926, -33.08814290364581], [-55.43546837700736, -33.08685709635414], [-55.44040510389538, -33.0833567301432], [-55.44230940077038, -33.0770317925347], [-55.44519059922958, -33.07296820746525], [-55.44583333333331, -33.070833333333304], [-55.44640062120224, -33.06028951009112], [-55.449432712131056, -33.05637715657549], [-55.45056728786891, -33.053420003255184], [-55.44640062120224, -33.04804382324216], [-55.44526604546439, -33.03945617675779], [-55.442233954535574, -33.03554382324216], [-55.44109937879772, -33.031122843424455], [-55.43390062120224, -33.02304382324216], [-55.43276604546439, -33.01028951009112], [-55.42973395453557, -33.006377156575496], [-55.42859937879772, -33.00195617675779], [-55.42140062120224, -32.99387715657549], [-55.420124816894514, -32.98422071668834], [-55.41317189534503, -32.98243645562063], [-55.411932712131055, -32.969896104600664], [-55.42037150065102, -32.960425482855875], [-55.41723395453557, -32.95637715657549], [-55.416099378797725, -32.95195617675778], [-55.413067287868905, -32.94804382324216], [-55.41249999999998, -32.945833333333304], [-55.41316121419269, -32.938399590386254], [-55.418877156575505, -32.936932712131046], [-55.42498677571613, -32.93183763292098], [-55.42140062120224, -32.92721048990883], [-55.42083333333331, -32.916666666666636], [-55.420480007595465, -32.91424221462671], [-55.41285332573783, -32.90659111870657], [-55.41214667426213, -32.90174221462671], [-55.40868665907116, -32.89825778537324], [-55.40833333333332, -32.89583333333331], [-55.40380079481335, -32.89467027452254], [-55.41203816731769, -32.88542548285587], [-55.408900621202235, -32.881377156575496], [-55.40744594997828, -32.87570834689667], [-55.39778951009113, -32.874432712131046], [-55.389710489908836, -32.867233954535564], [-55.384184265136696, -32.86581590440535], [-55.38333333333331, -32.86249999999997], [-55.38397606743705, -32.847865125868026], [-55.386857265896246, -32.84380154079858], [-55.38814273410371, -32.835364956325925], [-55.391023932562916, -32.83130171034068], [-55.39246453179251, -32.82184753417966], [-55.39796837700736, -32.82019059922957], [-55.4020316229926, -32.81730940077037], [-55.41598103841144, -32.815886603461344], [-55.41666666666665, -32.795833333333306], [-55.420124816894514, -32.79494594997827], [-55.42140062120224, -32.78528951009112], [-55.42859937879772, -32.777210489908825], [-55.42973395453557, -32.772789510091116], [-55.43276604546439, -32.76887715657549], [-55.4342329237196, -32.76316121419268], [-55.44166666666665, -32.762499999999974], [-55.44109937879772, -32.76028951009112], [-55.438067287868904, -32.75637715657549], [-55.43693271213105, -32.74778951009112], [-55.42973395453557, -32.73971048990882], [-55.42850545247394, -32.725899590386256], [-55.4216842651367, -32.72414906819659], [-55.42083333333331, -32.7208333333333], [-55.42083333333331, -32.71666666666664], [-55.42429148356118, -32.715779283311605], [-55.4255672878689, -32.70612284342445], [-55.43814578586152, -32.692570156521235], [-55.4438771565755, -32.691099378797716], [-55.45767907036674, -32.67818857828773], [-55.458994547526025, -32.663399590386256], [-55.46604309082029, -32.661590745713944], [-55.46666666666665, -32.64999999999997], [-55.4663133409288, -32.63507554796004], [-55.462853325737825, -32.63159111870657], [-55.46249999999998, -32.629166666666634], [-55.4591842651367, -32.62831573486325], [-55.45776604546439, -32.62278951009112], [-55.44941711425779, -32.61341976589624], [-55.44362284342446, -32.61193271213104], [-55.43751322428383, -32.60683763292098], [-55.44109937879772, -32.60221048990883], [-55.442233954535574, -32.59925333658851], [-55.438067287868904, -32.59387715657549], [-55.43693271213105, -32.590729437933994], [-55.44526604546439, -32.58137715657549], [-55.44640062120224, -32.55954827202688], [-55.439456176757794, -32.557766045464376], [-55.43430107964408, -32.553770785861516], [-55.433333333333316, -32.54999999999997], [-55.43390062120224, -32.53945617675778], [-55.43693271213105, -32.53554382324216], [-55.438067287868904, -32.522789510091116], [-55.44109937879772, -32.51887715657549], [-55.442233954535574, -32.51445617675778], [-55.453599378797726, -32.502210489908826], [-55.45473395453557, -32.49925333658851], [-55.45056728786891, -32.49387715657549], [-55.449432712131056, -32.485289510091114], [-55.442233954535574, -32.47721048990882], [-55.44109937879772, -32.47008666992184], [-55.44526604546439, -32.464710489908825], [-55.44640062120224, -32.45195617675778], [-55.449432712131056, -32.44804382324216], [-55.450850931803366, -32.44251759847002], [-55.4563771565755, -32.44109937879771], [-55.46028951009113, -32.43806728786889], [-55.46595815022785, -32.436612616644936], [-55.467375183105446, -32.425887383355004], [-55.47433878580727, -32.424100409613686], [-55.47499999999998, -32.416666666666636], [-55.47464667426213, -32.414242214626704], [-55.469121127658404, -32.40868903266056], [-55.46007554796005, -32.407980007595455], [-55.45452473958331, -32.40245683458113], [-55.454166666666644, -32.39999999999997], [-55.45199398464625, -32.40060509575735], [-55.44800601535371, -32.403561570909254], [-55.42587636311847, -32.404836018880175], [-55.42143842909069, -32.41032731797957], [-55.41972418891057, -32.41648322211368], [-55.4130406697591, -32.42143842909068], [-55.404938591851106, -32.42001342773435], [-55.403413221571164, -32.409283786349796], [-55.39782731797958, -32.407728237575924], [-55.38967268202038, -32.40060509575735], [-55.38532731797958, -32.39939490424259], [-55.38124999999998, -32.39637213812931], [-55.37717268202038, -32.39939490424259], [-55.366666666666646, -32.39999999999997], [-55.366005452473935, -32.39256625705292], [-55.36028951009113, -32.39109937879771], [-55.35091976589625, -32.382750447591114], [-55.349149068196596, -32.375850931803356], [-55.343622843424455, -32.374432712131046], [-55.33846774631074, -32.37043745252818], [-55.33693271213106, -32.364456176757784], [-55.32556728786891, -32.35221048990882], [-55.32499999999998, -32.3458333333333], [-55.31007554796005, -32.345480007595455], [-55.30659111870658, -32.34201999240448], [-55.29583333333331, -32.34166666666663], [-55.29498240152993, -32.34498240152992], [-55.289456176757795, -32.34640062120222], [-55.28407999674477, -32.35056728786889], [-55.27695617675779, -32.34943271213105], [-55.27157999674477, -32.34526604546438], [-55.26445617675779, -32.34640062120222], [-55.259079996744774, -32.35056728786889], [-55.247789510091124, -32.34943271213105], [-55.24374999999998, -32.34630211724172], [-55.23971048990883, -32.34943271213105], [-55.233916219075496, -32.350919765896236], [-55.225567287868905, -32.360289510091114], [-55.22499999999998, -32.36666666666663], [-55.221684265136695, -32.36581573486325], [-55.21986558702255, -32.35872921413842], [-55.21471048990883, -32.35473395453556], [-55.208333333333314, -32.354166666666636], [-55.207118394639735, -32.358900621202224], [-55.19778951009113, -32.35776604546438], [-55.19374999999998, -32.35463545057505], [-55.188246663411434, -32.358900621202224], [-55.18112284342446, -32.35776604546438], [-55.17721048990883, -32.35473395453556], [-55.16862284342446, -32.35359937879771], [-55.164710489908835, -32.35056728786889], [-55.15833333333331, -32.349999999999966], [-55.158900621202235, -32.34778951009111], [-55.161932712131055, -32.34387715657549], [-55.1630672878689, -32.33675333658851], [-55.15793745252819, -32.3301344129774], [-55.15195617675779, -32.32859937879771], [-55.14804382324217, -32.32556728786889], [-55.1259090847439, -32.32437642415361], [-55.12443271213105, -32.31862284342445], [-55.11723395453557, -32.310543823242156], [-55.11609937879772, -32.30612284342445], [-55.1130672878689, -32.30221048990882], [-55.112499999999976, -32.29999999999997], [-55.1091840955946, -32.30085093180335], [-55.10833333333331, -32.30416666666663], [-55.10174221462671, -32.303813340928784], [-55.09825778537324, -32.30035332573782], [-55.09340888129338, -32.29964667426212], [-55.08575778537324, -32.292019992404484], [-55.08090888129338, -32.29131334092879], [-55.0767130533854, -32.28714667426212], [-55.06007554796005, -32.287853325737814], [-55.05659111870658, -32.29131334092879], [-55.054166666666646, -32.291666666666636], [-55.05331590440536, -32.28835093180335], [-55.049999999999976, -32.287499999999966], [-55.04938252766925, -32.28533986409502], [-55.042284138997374, -32.277160135904914], [-55.04087253146699, -32.267460801866285], [-55.03117302788626, -32.2660490247938], [-55.022993638780356, -32.25895097520613], [-55.014506361219595, -32.25771569146047], [-55.00906880696612, -32.25336676703556], [-55.00833333333331, -32.2458333333333], [-54.99757554796005, -32.245480007595454], [-54.99409111870658, -32.24201999240448], [-54.985075547960044, -32.241313340928784], [-54.981591118706575, -32.23785332573782], [-54.96666666666664, -32.23749999999997], [-54.9663133409288, -32.23090888129337], [-54.958686659071155, -32.22325778537323], [-54.95833333333331, -32.2208333333333], [-54.95590888129338, -32.220480007595455], [-54.948257785373244, -32.21285332573781], [-54.93924221462671, -32.21214667426212], [-54.93575778537324, -32.20868665907115], [-54.93090888129338, -32.20798000759545], [-54.92742445203991, -32.20451999240448], [-54.924999999999976, -32.20416666666663], [-54.9255672878689, -32.201956176757776], [-54.92859937879772, -32.19804382324215], [-54.929733954535564, -32.190729437933996], [-54.92140062120223, -32.181377156575486], [-54.920124986436605, -32.171720716688334], [-54.91445617675779, -32.17026604546437], [-54.908966064453104, -32.16568756103512], [-54.907766045464385, -32.147789510091116], [-54.904733954535565, -32.143877156575485], [-54.90416666666664, -32.14166666666663], [-54.90381334092879, -32.139242214626705], [-54.900353325737825, -32.13575778537323], [-54.89964667426213, -32.11840888129337], [-54.89201999240449, -32.11075778537323], [-54.8913133409288, -32.10590888129337], [-54.88785332573782, -32.1024244520399], [-54.887499999999974, -32.099999999999966], [-54.88844536675345, -32.09677870008677], [-54.894634331597196, -32.09496256510413], [-54.89646369086369, -32.09127044677731], [-54.891169230143205, -32.083914184570276], [-54.892425537109354, -32.071589321560296], [-54.89999999999998, -32.0708333333333], [-54.89999999999998, -32.0583333333333], [-54.89999999999998, -32.04999999999997], [-54.89783969455293, -32.04938235812713], [-54.88549363878036, -32.038117641872795], [-54.875735134548584, -32.03669738769528], [-54.87438252766925, -32.02283986409502], [-54.86728413899737, -32.01466013590491], [-54.866049194335915, -32.00617319742835], [-54.86311747233071, -32.002160135904916], [-54.862499999999976, -31.999999999999964], [-54.835075547960045, -31.999646674262117], [-54.83087972005206, -31.99548000759545], [-54.81424221462671, -31.996186659071146], [-54.81075778537324, -31.999646674262117], [-54.80833333333331, -31.999999999999964], [-54.797575547960044, -32.00035332573781], [-54.79373406304251, -32.00416802300344], [-54.78785332573782, -31.99825778537323], [-54.78714192708331, -31.993376498752134], [-54.78159111870657, -31.987853325737813], [-54.77499999999998, -31.987499999999965], [-54.77443271213105, -31.981122843424444], [-54.76609937879772, -31.971770562065938], [-54.76723395453556, -31.96445617675778], [-54.770792982313345, -31.959863789876266], [-54.76054382324216, -31.95056728786889], [-54.75487501356334, -31.94911261664493], [-54.753462388780356, -31.938419426812032], [-54.74804382324216, -31.93390062120222], [-54.73014560275605, -31.932700602213508], [-54.7255672878689, -31.92721048990882], [-54.72414923773869, -31.921684265136683], [-54.718622843424455, -31.920266045464373], [-54.71471048990883, -31.917233954535554], [-54.71249999999998, -31.916666666666647], [-54.712853325737825, -31.910075547960048], [-54.71631334092879, -31.90659111870658], [-54.71666666666664, -31.89999999999998], [-54.71631334092879, -31.88507554796005], [-54.712514580620635, -31.88124999999998], [-54.71665276421439, -31.877082655164912], [-54.708686659071155, -31.869091118706578], [-54.70833333333331, -31.858333333333313], [-54.710788302951364, -31.857975599500847], [-54.72081943088105, -31.84791734483505], [-54.71701999240449, -31.844091118706576], [-54.71631334092879, -31.839242214626715], [-54.712853325737825, -31.835757785373243], [-54.71214667426213, -31.830908881293382], [-54.704519992404485, -31.823257785373244], [-54.70381232367619, -31.801713392469598], [-54.69825778537324, -31.79618665907116], [-54.69166666666664, -31.795833333333313], [-54.691068183051186, -31.77591552734373], [-54.68749999999997, -31.77499999999998], [-54.68835076226126, -31.771684095594598], [-54.693877156575496, -31.77026604546439], [-54.69778951009112, -31.76723395453557], [-54.70221048990883, -31.766099378797723], [-54.70612284342445, -31.763067287868903], [-54.70833333333331, -31.762499999999978], [-54.70924241807723, -31.758956909179666], [-54.72083333333331, -31.75833333333331], [-54.72048000759546, -31.755908881293383], [-54.71701999240449, -31.75242445203991], [-54.71666666666664, -31.73749999999998], [-54.71751742892793, -31.734184095594596], [-54.72414923773869, -31.732482571072026], [-54.72499999999997, -31.729166666666647], [-54.756591118706574, -31.7288133409288], [-54.76007554796004, -31.725353325737828], [-54.814924452039904, -31.724646674262132], [-54.81840888129338, -31.721186659071158], [-54.82325778537324, -31.720480007595466], [-54.82674221462671, -31.71701999240449], [-54.83921305338539, -31.7163133409288], [-54.84374999999998, -31.720818752712653], [-54.84757554796005, -31.71701999240449], [-54.852424452039905, -31.7163133409288], [-54.85590888129338, -31.712853325737825], [-54.866666666666646, -31.712499999999977], [-54.87083333333331, -31.712499999999977], [-54.88971048990883, -31.711932712131055], [-54.89362284342445, -31.708900621202236], [-54.89914923773869, -31.707482571072028], [-54.89999999999998, -31.704166666666644], [-54.89964667426213, -31.693408881293383], [-54.896186659071155, -31.68992445203991], [-54.89548000759546, -31.681620279947897], [-54.89964667426213, -31.677424452039908], [-54.900353325737825, -31.672575547960047], [-54.90381334092879, -31.669091118706575], [-54.90451999240449, -31.639242214626716], [-54.90831875271265, -31.635416666666643], [-54.90451999240449, -31.631591118706574], [-54.90381334092879, -31.626742214626713], [-54.89201999240449, -31.614924452039908], [-54.8913133409288, -31.606620279947894], [-54.89548000759546, -31.60242445203991], [-54.89583333333331, -31.599999999999977], [-54.89340888129338, -31.599646674262132], [-54.885757785373244, -31.59201999240449], [-54.87916666666664, -31.591666666666644], [-54.87499999999998, -31.591666666666644], [-54.87438252766925, -31.589506361219595], [-54.87145080566404, -31.58549363878036], [-54.869906955295114, -31.58009304470484], [-54.8645063612196, -31.578549194335913], [-54.85906880696612, -31.574200100368902], [-54.85771586100258, -31.56033969455293], [-54.854784138997374, -31.556326972113695], [-54.85347866482203, -31.534142727322028], [-54.84263848198782, -31.532564968532963], [-54.84166666666664, -31.529166666666644], [-54.84131334092879, -31.51840888129338], [-54.837853325737825, -31.514924452039907], [-54.83714667426213, -31.489950900607617], [-54.84582044813366, -31.481249660915775], [-54.833346896701364, -31.46875067816838], [-54.83714667426213, -31.46492445203991], [-54.837853325737825, -31.451742214626712], [-54.84131334092879, -31.44825778537324], [-54.84166666666664, -31.44583333333331], [-54.83749999999998, -31.44583333333331], [-54.83664923773869, -31.44251742892793], [-54.83112284342445, -31.44109937879772], [-54.823043823242166, -31.433900621202234], [-54.810289510091124, -31.432766045464387], [-54.80637715657549, -31.429733954535568], [-54.79925333658852, -31.42859937879772], [-54.7938771565755, -31.432766045464387], [-54.78675333658852, -31.433900621202234], [-54.780134412977404, -31.428770616319422], [-54.77916666666664, -31.424999999999976], [-54.739242214626714, -31.425353325737824], [-54.73575778537324, -31.428813340928798], [-54.72083333333331, -31.429166666666642], [-54.72005445692272, -31.43680216471352], [-54.704166666666644, -31.437499999999975], [-54.70331590440536, -31.434184095594595], [-54.69778951009112, -31.432766045464387], [-54.68554382324216, -31.421400621202235], [-54.67916666666664, -31.42083333333331], [-54.66757575141057, -31.420209757486955], [-54.665815904405356, -31.41335076226126], [-54.66028951009112, -31.411932712131055], [-54.654870944552925, -31.407413736979144], [-54.653599378797715, -31.397789510091123], [-54.650567287868896, -31.3938771565755], [-54.64999999999998, -31.374999999999975], [-54.64583333333331, -31.374999999999975], [-54.64526604546438, -31.37278951009112], [-54.64223395453556, -31.368877156575497], [-54.64109937879772, -31.364456176757788], [-54.6380672878689, -31.360543823242164], [-54.636285061306396, -31.353599378797718], [-54.63112284342445, -31.354733954535565], [-54.627210489908826, -31.357766045464388], [-54.61028951009112, -31.35890062120223], [-54.6063771565755, -31.36193271213105], [-54.58840569390188, -31.36313781738279], [-54.5862850613064, -31.371400621202234], [-54.56862284342445, -31.370266045464387], [-54.564710489908826, -31.367233954535568], [-54.56249999999997, -31.366666666666642], [-54.56164923773869, -31.363350762261263], [-54.55833333333331, -31.362499999999976], [-54.55798000759546, -31.355908881293377], [-54.55451999240449, -31.352424452039905], [-54.55416666666664, -31.341666666666644], [-54.551956176757784, -31.34109937879772], [-54.54387715657549, -31.333900621202233], [-54.53835076226126, -31.332482571072024], [-54.53658040364581, -31.325582885742165], [-54.527210489908825, -31.317233954535567], [-54.51862284342445, -31.31609937879772], [-54.51054382324216, -31.308900621202234], [-54.49778951009112, -31.307766045464387], [-54.4924133300781, -31.30359937879772], [-54.48112284342445, -31.304733954535564], [-54.47574666341143, -31.308900621202234], [-54.47278951009112, -31.307766045464387], [-54.464710489908825, -31.300567287868898], [-54.420833333333306, -31.299999999999976], [-54.421186659071154, -31.293408881293377], [-54.42464667426213, -31.289924452039905], [-54.42499999999997, -31.287499999999977], [-54.421416219075496, -31.286580403645807], [-54.4130672878689, -31.27721048990883], [-54.41160040961369, -31.271494547526018], [-54.40416666666664, -31.270833333333307], [-54.40482211642792, -31.260377671983484], [-54.40898878309459, -31.254412502712647], [-54.40767788357202, -31.252044338650148], [-54.40482211642792, -31.247955661349803], [-54.40343051486543, -31.22575785319008], [-54.38439364963105, -31.224267578124973], [-54.38235032823348, -31.217649671766466], [-54.37916666666664, -31.21666666666664], [-54.378194851345455, -31.21326836480032], [-54.367460801866294, -31.211705864800322], [-54.36586405436195, -31.200735134548587], [-54.35200636121959, -31.199382527669247], [-54.34799363878035, -31.196450805664035], [-54.33950636121959, -31.19521586100258], [-54.331256442599795, -31.188056776258655], [-54.32716030544702, -31.19104919433591], [-54.32438422309025, -31.19228413899737], [-54.317332628038166, -31.18664449055987], [-54.31666666666664, -31.17083333333331], [-54.313123575846326, -31.169924248589385], [-54.31249999999997, -31.158333333333307], [-54.297789510091114, -31.157766045464385], [-54.2924133300781, -31.15359937879772], [-54.26862284342445, -31.154733954535565], [-54.26324666341143, -31.158900621202232], [-54.24778951009112, -31.157766045464385], [-54.24387715657549, -31.154733954535565], [-54.21757846408417, -31.153552585177927], [-54.215757581922716, -31.146456909179662], [-54.19362284342445, -31.145266045464385], [-54.18824666341143, -31.14109937879772], [-54.18112284342445, -31.142233954535563], [-54.17721048990882, -31.145266045464385], [-54.170833333333306, -31.145833333333307], [-54.16728074815535, -31.146745130750844], [-54.16609937879771, -31.17304382324216], [-54.16306728786889, -31.176956176757788], [-54.16249999999997, -31.179166666666642], [-54.16189236111108, -31.194919840494766], [-54.1583333333333, -31.195833333333308], [-54.11758660210501, -31.195251125759523], [-54.11666666666664, -31.19166666666664], [-54.11424221462671, -31.19201999240449], [-54.11075778537323, -31.19548000759546], [-54.105908881293374, -31.196186659071156], [-54.098257785373235, -31.203813340928793], [-54.08924221462671, -31.20451999240449], [-54.08575778537323, -31.20798000759546], [-54.080908881293375, -31.208686659071155], [-54.0774244520399, -31.21214667426213], [-54.07499999999999, -31.212499999999974], [-54.07499999999997, -31.21666666666664], [-54.07464514838323, -31.223285590277754], [-54.06492445203992, -31.23298000759546], [-54.062499999999986, -31.23333333333331], [-54.060075547960054, -31.233686659071154], [-54.052424452039915, -31.241313340928794], [-54.035075547960055, -31.24201999240449], [-54.03159111870658, -31.24548000759546], [-54.02674221462672, -31.246186659071157], [-54.02325778537325, -31.249646674262127], [-54.001742214626724, -31.250353325737823], [-53.997546217176634, -31.25451999240449], [-53.98507554796005, -31.253813340928794], [-53.98159111870658, -31.250353325737823], [-53.97916666666665, -31.249999999999975], [-53.978315734863266, -31.25331590440536], [-53.974999999999966, -31.25416666666664], [-53.97083333333332, -31.25416666666664], [-53.9644561767578, -31.25359937879772], [-53.96054382324217, -31.250567287868897], [-53.95612284342447, -31.249432712131053], [-53.95208333333332, -31.246301947699628], [-53.946579996744774, -31.250567287868897], [-53.943622843424464, -31.249432712131053], [-53.93824666341144, -31.245266045464383], [-53.9269561767578, -31.246400621202234], [-53.923043823242175, -31.249432712131053], [-53.88850691053601, -31.25059950086803], [-53.883900621202244, -31.256122843424453], [-53.88276604546439, -31.260543823242163], [-53.875567287868904, -31.268622843424453], [-53.874338785807275, -31.282433742947024], [-53.86862284342446, -31.283900621202232], [-53.86471048990884, -31.28693271213105], [-53.86028951009113, -31.2880672878689], [-53.85221048990884, -31.295266045464384], [-53.84778951009113, -31.29640062120223], [-53.8438771565755, -31.29943271213105], [-53.83945617675779, -31.300567287868898], [-53.83541666666665, -31.303698052300323], [-53.83124999999998, -31.300468614366295], [-53.82708333333332, -31.303698052300323], [-53.82304382324217, -31.300567287868898], [-53.814456176757794, -31.29943271213105], [-53.81054382324217, -31.29640062120223], [-53.808333333333316, -31.29583333333331], [-53.80612284342446, -31.29640062120223], [-53.80221048990884, -31.29943271213105], [-53.79778951009113, -31.300567287868898], [-53.793877156575505, -31.30359937879772], [-53.78835093180337, -31.305017428927925], [-53.7866004096137, -31.311838785807268], [-53.77916666666665, -31.312499999999975], [-53.77831573486326, -31.31581590440536], [-53.774999999999984, -31.31666666666664], [-53.774999999999984, -31.324999999999974], [-53.77535332573783, -31.331591118706573], [-53.78298000759547, -31.33924221462671], [-53.78333333333332, -31.341666666666644], [-53.79583333333332, -31.341666666666644], [-53.79674258761934, -31.338123575846332], [-53.808333333333316, -31.337499999999977], [-53.808333333333316, -31.341666666666644], [-53.80890062120224, -31.343877156575495], [-53.81276465521917, -31.348862711588517], [-53.80390201144746, -31.351137288411433], [-53.80890062120224, -31.35758666992185], [-53.80776604546439, -31.37721048990883], [-53.80359937879773, -31.38258666992185], [-53.80490214029946, -31.39076707628036], [-53.814456176757794, -31.399432712131052], [-53.827210489908836, -31.4005672878689], [-53.83112284342446, -31.40359937879772], [-53.840747239854586, -31.40487094455293], [-53.84526604546439, -31.410289510091122], [-53.84640062120224, -31.423043823242164], [-53.84943271213106, -31.426956176757788], [-53.85096774631075, -31.43293728298609], [-53.856122843424465, -31.436932712131053], [-53.85833333333332, -31.437499999999975], [-53.86887715657551, -31.4380672878689], [-53.876956176757794, -31.445266045464386], [-53.87991333007811, -31.446400621202233], [-53.88528951009113, -31.442233954535567], [-53.888246663411444, -31.44109937879772], [-53.89362284342447, -31.445266045464386], [-53.89657999674478, -31.446400621202233], [-53.90209214952255, -31.442128499348936], [-53.91028951009113, -31.449432712131053], [-53.918877156575505, -31.4505672878689], [-53.92403225368922, -31.454562717013864], [-53.92585093180337, -31.46164923773869], [-53.93262481689452, -31.463387383355013], [-53.93390062120224, -31.473043823242165], [-53.93693271213106, -31.47695617675779], [-53.937499999999986, -31.479166666666643], [-53.9399244520399, -31.47951999240449], [-53.94340888129337, -31.482980007595465], [-53.94754638671872, -31.483686659071157], [-53.951742214626705, -31.47951999240449], [-53.969091118706565, -31.478813340928795], [-53.97257554796004, -31.475353325737824], [-53.98159111870657, -31.47464667426213], [-53.98507554796004, -31.471186659071158], [-53.989213053385384, -31.470480007595462], [-53.99340888129337, -31.47464667426213], [-53.998257785373234, -31.475353325737824], [-54.0017422146267, -31.478813340928795], [-54.0149244520399, -31.47951999240449], [-54.02257554796004, -31.487146674262128], [-54.02499999999997, -31.487499999999976], [-54.025567287868896, -31.48971048990883], [-54.028599378797715, -31.493622843424458], [-54.02973395453556, -31.502210489908833], [-54.03276604546438, -31.506122843424457], [-54.03390062120223, -31.510543823242166], [-54.04109937879771, -31.518622843424456], [-54.04223395453556, -31.5313771565755], [-54.04526604546438, -31.535289510091122], [-54.04680107964407, -31.541270616319423], [-54.051956176757784, -31.545266045464388], [-54.05637715657549, -31.546400621202235], [-54.06445617675778, -31.55359937879772], [-54.06998257107202, -31.55501742892793], [-54.070833333333304, -31.558333333333312], [-54.07140062120223, -31.560543823242163], [-54.07443271213105, -31.56445617675779], [-54.07556728786889, -31.5688771565755], [-54.09526604546438, -31.58945617675779], [-54.09640062120223, -31.5938771565755], [-54.09943271213105, -31.597789510091125], [-54.10056728786889, -31.606377156575498], [-54.10776604546438, -31.61445617675779], [-54.109184095594586, -31.619982571072025], [-54.11249999999997, -31.620833333333312], [-54.11249999999997, -31.629166666666645], [-54.119091118706564, -31.629519992404493], [-54.1246419270833, -31.635042995876713], [-54.12499999999997, -31.637499999999978], [-54.13132697211368, -31.638117472330705], [-54.13533969455292, -31.641049194335917], [-54.13796929253469, -31.642284138997375], [-54.14374999999997, -31.63806152343748], [-54.14783969455292, -31.641049194335917], [-54.15753919813365, -31.6424608018663], [-54.158950805664034, -31.652160305447026], [-54.16188252766924, -31.65617302788626], [-54.16342637803817, -31.661573621961786], [-54.170064968532955, -31.66347181532116], [-54.17145080566403, -31.672993638780362], [-54.17854919433591, -31.681173027886263], [-54.17978413899736, -31.689660305447028], [-54.20041232638886, -31.71142645941838], [-54.206326972113686, -31.71311747233071], [-54.215560234917504, -31.721130032009526], [-54.21666666666664, -31.72499999999998], [-54.21723395453556, -31.7313771565755], [-54.22443271213105, -31.73945617675779], [-54.22556728786889, -31.7438771565755], [-54.22859937879771, -31.747789510091124], [-54.23001742892792, -31.753315904405362], [-54.233333333333306, -31.754166666666645], [-54.23298000759546, -31.756591118706577], [-54.22535332573782, -31.764242214626716], [-54.224646674262125, -31.769091118706577], [-54.22118665907115, -31.77257554796005], [-54.220480007595455, -31.77742445203991], [-54.21701999240449, -31.78090888129338], [-54.21666666666664, -31.783333333333314], [-54.21604919433591, -31.78966030544703], [-54.212232462565076, -31.794884914822028], [-54.2256174723307, -31.796832953559008], [-54.22438252766924, -31.806326972113695], [-54.221450805664034, -31.81033969455293], [-54.22018602159285, -31.853160264756923], [-54.21666666666664, -31.854166666666647], [-54.21033969455292, -31.85354919433592], [-54.20463595920136, -31.84938252766925], [-54.18830566406247, -31.85071580674911], [-54.18670586480032, -31.861705864800328], [-54.17700636121959, -31.86311747233071], [-54.172993638780355, -31.86604919433592], [-54.166780598958304, -31.867825317382792], [-54.1631174723307, -31.87283969455293], [-54.16249999999997, -31.87499999999998], [-54.165754530164904, -31.87576666937932], [-54.167196316189205, -31.880107286241298], [-54.16302964952254, -31.88525187174477], [-54.16249999999997, -31.88749999999998]]]}}]}